Temperature,Humidity,Moisture,Nitrogen,Phosphorus,Potassium,PH,Light_Intensity,Yield_Rate,Target_Disease
14.8,88.48,50.92,31.39,49.01,22.24,6.53,371.4,53.57,Rust
21.71,87.23,50.85,15.57,33.07,19.1,7.2,285.1,47.05,Powdery_Mildew
21.38,91.84,59.56,20.24,27.61,11.35,7.38,601.9,43.86,Healthy
32.18,80.45,12.74,14.42,42.04,16.22,7.14,732.7,44.7,Early_Blight
38.62,26.99,51.45,17.06,10.18,35.74,5.33,930.9,38.36,Root_Rot
24.09,82.99,53.47,23.05,33.28,43.61,6.84,648.5,44.12,Early_Blight
22.79,91.98,33.07,27.95,35.19,23.49,6.5,221.8,42.1,Powdery_Mildew
26.84,66.45,8.51,24.92,36.48,45.79,6.83,559.0,42.26,Early_Blight
34.3,46.86,29.04,17.71,23.45,49.21,5.67,468.3,34.31,Healthy
19.64,60.68,18.57,45.31,30.69,19.23,6.01,926.1,42.09,Healthy
16.4,80.92,48.94,47.2,44.77,12.07,6.05,346.6,45.77,Rust
38.8,84.4,52.27,39.56,35.07,21.21,7.84,865.0,53.0,Bacterial_Leaf_Spot
32.63,77.94,42.41,39.02,44.18,41.96,6.32,331.9,48.59,Healthy
21.77,86.47,54.29,13.89,12.05,38.26,6.6,824.5,45.92,Rust
22.4,89.21,23.45,26.25,26.28,13.51,7.53,227.8,37.28,Powdery_Mildew
22.37,92.1,62.22,12.6,46.39,47.6,7.51,713.2,51.6,Rust
35.7,54.02,14.04,23.5,23.8,24.29,7.67,603.6,31.73,Healthy
32.94,82.09,55.06,44.92,45.07,27.03,7.39,477.4,50.95,Bacterial_Leaf_Spot
20.81,82.94,43.92,22.2,40.86,35.13,7.59,259.9,46.61,Powdery_Mildew
14.57,65.05,18.62,29.01,48.75,24.62,4.81,413.8,36.19,Healthy
23.15,82.59,47.9,45.66,48.67,15.09,8.07,289.5,53.73,Powdery_Mildew
41.77,85.84,62.97,14.83,43.27,26.35,6.84,880.6,53.19,Early_Blight
22.26,91.8,46.92,38.91,26.34,29.96,6.19,278.3,38.35,Powdery_Mildew
22.25,28.86,44.9,37.89,18.04,15.5,5.41,548.0,33.31,Healthy
35.8,82.09,61.83,34.88,48.48,25.09,5.26,770.3,51.47,Root_Rot
21.39,92.26,55.92,37.77,36.11,22.5,7.38,674.5,54.15,Rust
31.6,57.8,61.14,16.95,11.32,25.44,5.27,783.2,40.95,Root_Rot
23.77,81.0,55.76,46.48,47.31,15.74,5.01,726.7,47.94,Root_Rot
30.06,73.19,40.58,22.89,13.94,33.33,5.38,383.0,42.36,Early_Blight
23.57,46.01,60.6,36.05,32.68,45.74,5.26,879.2,50.66,Root_Rot
20.09,91.9,56.7,47.12,44.05,15.07,7.65,669.2,49.55,Rust
21.89,91.84,49.4,19.33,34.27,19.94,7.39,750.1,47.69,Healthy
36.9,78.91,37.85,20.84,23.02,19.02,7.91,749.3,43.35,Early_Blight
38.27,86.29,60.65,41.08,25.68,11.96,5.25,355.2,35.39,Root_Rot
26.41,86.67,64.67,15.32,13.02,18.6,6.3,959.4,44.16,Early_Blight
14.27,75.98,60.01,27.01,49.09,16.97,7.17,770.6,52.31,Healthy
22.99,92.1,51.94,17.74,23.89,26.47,7.76,610.0,50.58,Rust
21.25,88.24,49.47,36.39,33.45,13.18,7.89,958.2,53.72,Rust
32.97,89.73,23.32,48.42,31.45,39.35,7.87,537.0,52.86,Bacterial_Leaf_Spot
25.29,83.42,48.71,26.03,24.09,12.28,4.86,438.2,33.61,Early_Blight
34.98,93.17,12.75,41.92,20.85,28.69,7.88,257.0,37.42,Bacterial_Leaf_Spot
32.84,65.95,43.04,34.23,27.01,46.25,6.36,691.1,42.23,Early_Blight
22.03,92.75,20.07,46.11,29.94,34.12,7.49,328.8,41.75,Powdery_Mildew
25.31,88.94,26.09,47.32,34.35,31.01,7.71,916.7,51.29,Bacterial_Leaf_Spot
33.13,86.64,27.25,44.66,30.04,22.29,7.61,302.4,34.28,Bacterial_Leaf_Spot
34.48,51.4,49.58,29.74,38.94,33.99,7.2,219.4,46.1,Healthy
20.32,77.48,20.25,36.98,37.57,32.66,6.43,571.2,43.84,Healthy
13.8,60.34,9.96,14.64,35.44,20.99,8.14,218.3,36.59,Healthy
32.38,76.93,51.34,33.53,29.2,36.05,5.17,890.3,46.94,Root_Rot
24.66,91.28,58.72,44.01,23.35,30.42,5.86,390.1,37.78,Healthy
25.45,85.24,44.82,34.27,44.17,30.19,6.6,930.6,47.3,Early_Blight
27.92,57.11,22.93,27.97,41.93,44.51,6.37,460.8,37.35,Healthy
23.8,54.97,37.79,40.8,48.87,31.0,6.33,245.6,40.96,Healthy
14.86,41.77,51.34,23.16,11.57,24.51,5.49,433.4,38.2,Root_Rot
26.17,84.49,60.14,46.69,14.43,15.27,7.94,724.0,48.96,Bacterial_Leaf_Spot
21.17,91.44,54.49,45.86,35.12,43.32,7.04,824.0,52.72,Rust
40.98,91.24,48.98,31.94,47.24,49.27,5.7,505.3,46.9,Early_Blight
35.15,74.51,9.78,27.97,29.52,12.19,4.9,514.9,27.6,Early_Blight
40.72,65.69,55.52,20.78,12.31,27.93,5.12,898.5,44.81,Root_Rot
23.89,92.13,36.37,19.81,28.4,14.62,6.72,234.8,36.82,Powdery_Mildew
34.83,30.9,43.36,26.42,17.79,45.37,6.36,887.0,40.95,Healthy
22.99,83.35,50.64,43.08,34.82,46.73,6.39,267.8,48.56,Powdery_Mildew
23.04,62.64,42.37,45.59,47.21,36.92,7.24,510.4,45.58,Healthy
13.05,37.27,50.26,47.9,17.03,17.49,5.35,236.7,36.25,Root_Rot
31.6,81.99,25.12,28.19,49.03,40.7,6.05,934.9,46.7,Early_Blight
30.96,63.33,57.25,13.82,16.67,21.26,5.06,804.8,39.59,Root_Rot
31.34,53.01,40.42,29.85,46.58,18.27,6.74,250.4,40.21,Healthy
18.84,54.47,54.46,28.1,30.27,44.77,6.17,537.6,36.94,Healthy
25.32,85.45,57.94,24.1,31.56,14.28,7.51,349.5,42.89,Powdery_Mildew
20.8,89.3,55.88,44.05,36.97,43.29,7.9,207.7,52.37,Powdery_Mildew
34.33,28.29,62.5,29.71,46.44,46.67,5.0,262.0,45.38,Root_Rot
18.15,31.7,64.9,10.87,19.04,18.94,7.57,749.9,44.33,Healthy
24.02,89.92,18.02,32.99,45.29,26.13,5.21,729.2,37.04,Early_Blight
12.33,56.05,41.87,48.59,42.21,26.55,5.02,823.4,42.1,Healthy
33.85,33.82,33.94,46.6,22.79,17.69,6.21,552.7,46.19,Healthy
29.76,92.95,26.56,25.7,48.1,21.82,7.84,871.8,34.53,Powdery_Mildew
40.89,89.29,55.52,13.26,45.71,33.3,7.17,943.5,51.75,Early_Blight
20.27,64.09,54.68,34.51,10.26,17.46,5.15,923.2,48.72,Root_Rot
37.44,83.09,28.8,39.31,39.51,12.68,8.13,503.1,46.17,Bacterial_Leaf_Spot
24.63,87.91,47.4,46.41,17.32,27.21,7.74,239.3,44.11,Powdery_Mildew
37.87,69.33,40.98,39.5,37.86,41.46,6.51,730.7,47.82,Healthy
22.62,84.41,39.26,48.77,16.1,29.59,5.33,315.4,42.8,Powdery_Mildew
32.6,79.58,65.17,17.54,24.26,15.71,5.37,353.7,42.74,Root_Rot
39.31,88.12,21.16,10.44,27.6,21.66,7.79,758.8,38.87,Early_Blight
14.79,94.36,18.6,46.07,47.28,19.83,6.95,315.7,44.9,Powdery_Mildew
27.98,80.86,19.16,45.35,33.44,46.2,7.43,732.3,43.3,Bacterial_Leaf_Spot
37.76,52.27,37.55,29.7,31.31,35.45,5.24,718.3,36.68,Healthy
26.93,90.07,31.1,15.15,35.44,14.3,7.27,923.6,33.11,Early_Blight
16.97,73.19,62.62,33.41,23.82,25.86,7.22,686.8,57.32,Healthy
34.63,39.91,32.2,16.78,29.17,12.15,7.56,551.7,33.74,Healthy
35.38,76.63,23.94,30.29,36.6,34.28,7.61,289.8,36.99,Early_Blight
32.57,36.87,9.88,35.27,38.54,33.51,5.16,308.4,32.84,Healthy
33.1,71.68,17.03,35.47,10.74,43.9,6.49,747.6,41.53,Healthy
28.9,61.24,21.02,29.48,44.43,43.33,6.58,422.3,37.04,Healthy
24.77,45.48,20.26,49.27,23.94,38.13,7.94,517.0,40.79,Healthy
20.85,89.42,34.66,36.3,15.62,36.21,6.28,215.2,33.23,Powdery_Mildew
28.29,87.87,19.9,29.65,13.82,30.91,8.1,732.2,35.43,Early_Blight
33.78,90.23,30.89,13.09,48.48,40.09,5.82,418.8,40.35,Early_Blight
16.79,90.07,48.16,42.89,27.26,31.55,5.05,326.2,43.59,Rust
24.8,36.82,28.42,30.78,30.39,46.65,6.39,986.4,45.45,Healthy
39.51,83.74,35.11,30.65,19.15,46.47,5.31,265.2,38.7,Early_Blight
21.46,28.75,44.95,38.71,18.61,15.08,5.5,509.2,33.65,Healthy
17.2,38.59,63.65,37.46,27.46,46.66,5.21,859.2,47.79,Root_Rot
28.79,76.84,58.68,35.56,44.1,42.17,5.46,831.5,47.46,Root_Rot
31.51,85.83,28.03,48.72,40.84,13.19,7.58,365.5,47.76,Bacterial_Leaf_Spot
22.53,88.3,55.05,32.41,35.95,14.15,6.01,357.4,41.45,Rust
32.69,90.26,19.32,33.04,26.69,44.86,6.53,438.7,43.45,Early_Blight
32.67,88.23,60.82,46.64,48.81,30.7,7.63,857.5,56.3,Bacterial_Leaf_Spot
32.66,68.73,24.18,39.74,21.88,45.4,7.44,663.4,37.27,Healthy
18.07,68.95,15.12,12.23,26.47,26.54,5.04,777.3,33.13,Healthy
39.76,45.48,52.03,17.4,34.0,34.09,4.98,613.9,41.74,Root_Rot
29.87,88.56,21.93,46.08,12.58,11.53,7.39,464.4,41.46,Bacterial_Leaf_Spot
17.65,85.9,57.95,26.45,51.28,14.82,5.87,533.3,41.43,Rust
15.82,32.73,16.4,41.33,44.09,41.24,6.55,272.4,42.62,Root_Rot
30.98,76.15,41.41,14.68,44.57,41.42,7.2,507.6,50.02,Early_Blight
24.68,73.34,16.46,12.57,29.57,33.33,6.28,862.2,39.89,Early_Blight
36.45,82.66,18.26,37.87,37.13,16.44,6.98,804.1,49.29,Healthy
18.29,73.43,37.84,45.66,18.31,27.25,7.67,762.4,46.55,Early_Blight
34.73,63.37,32.67,9.58,31.39,34.2,5.77,284.8,34.15,Healthy
26.81,86.88,30.16,17.03,13.85,21.83,6.38,465.7,28.23,Early_Blight
15.56,26.85,13.61,33.82,31.88,11.53,5.91,279.5,35.28,Healthy
21.88,90.09,60.67,12.53,22.34,16.66,7.78,342.6,43.2,Powdery_Mildew
24.91,79.71,12.83,45.03,41.52,12.79,7.77,349.7,43.81,Bacterial_Leaf_Spot
27.48,72.4,45.16,18.18,32.13,8.94,5.43,406.5,31.48,Early_Blight
30.53,32.86,63.22,37.12,27.99,18.23,5.43,624.0,43.69,Root_Rot
28.66,89.22,56.34,33.78,43.31,17.02,5.17,647.0,42.1,Root_Rot
19.4,67.58,41.05,25.93,10.66,29.82,6.53,893.8,40.97,Healthy
17.71,92.29,41.87,16.62,46.32,23.99,5.34,237.5,34.96,Healthy
31.09,28.0,65.65,36.8,34.66,19.95,7.95,609.0,50.85,Healthy
20.76,92.0,22.0,33.62,49.31,19.49,7.67,270.9,43.74,Powdery_Mildew
33.1,34.96,51.8,43.6,10.43,31.25,5.29,294.3,32.89,Root_Rot
28.21,67.51,51.47,16.79,23.82,21.56,8.01,644.9,48.1,Early_Blight
24.6,78.6,28.58,29.28,17.2,39.68,8.21,416.0,42.07,Early_Blight
27.19,94.55,57.43,44.93,15.1,46.81,5.25,440.6,44.26,Root_Rot
30.87,89.58,24.2,42.54,25.31,29.82,7.36,450.1,46.62,Bacterial_Leaf_Spot
31.07,72.23,52.69,21.47,39.7,14.07,6.28,470.3,41.96,Early_Blight
28.99,91.82,58.14,12.77,32.24,29.51,8.03,268.7,47.89,Root_Rot
37.91,69.98,13.83,23.43,23.92,46.88,5.67,568.8,31.12,Early_Blight
40.99,82.7,43.62,23.17,39.15,31.09,5.88,771.2,45.94,Early_Blight
12.77,84.82,64.14,32.28,34.28,43.17,5.77,564.6,44.04,Root_Rot
35.09,66.77,58.14,34.94,30.55,10.66,5.22,576.7,45.99,Root_Rot
21.19,91.25,53.17,18.42,19.37,45.11,5.43,958.9,51.86,Root_Rot
24.43,88.92,47.88,49.71,43.6,24.01,7.48,203.5,50.7,Powdery_Mildew
22.58,79.33,63.43,23.12,46.59,25.94,4.83,544.7,44.17,Root_Rot
15.41,90.39,60.62,15.35,18.67,23.06,7.37,568.8,43.94,Rust
15.14,92.06,55.79,21.81,14.22,28.51,7.09,828.7,42.92,Rust
21.66,89.28,56.98,29.97,24.26,44.89,7.78,848.1,53.69,Rust
18.19,88.14,56.95,37.0,18.26,34.08,7.65,632.0,44.73,Rust
31.58,84.43,22.7,20.32,16.88,17.36,6.26,435.8,35.37,Early_Blight
39.99,58.83,34.64,45.67,37.94,17.44,4.78,440.1,34.58,Healthy
39.59,79.6,48.87,32.26,48.64,47.19,7.03,774.4,52.41,Early_Blight
23.13,90.72,52.27,25.02,45.5,25.3,6.91,252.6,40.69,Powdery_Mildew
20.43,90.13,58.88,47.42,18.99,18.7,5.96,570.0,45.06,Rust
22.36,88.93,39.48,23.02,12.04,28.3,5.0,253.0,34.2,Powdery_Mildew
22.62,89.65,59.06,14.08,41.67,47.44,7.69,782.3,58.78,Rust
27.25,76.08,40.35,25.36,29.55,33.06,6.58,815.6,56.35,Early_Blight
11.69,80.26,63.8,32.56,36.18,43.01,5.76,505.5,52.53,Root_Rot
25.99,84.41,59.37,14.69,32.98,43.21,6.87,550.5,48.4,Early_Blight
40.59,44.93,58.64,15.63,26.62,44.23,7.89,920.7,57.25,Healthy
25.79,44.01,39.01,46.99,35.27,33.07,7.49,643.2,48.75,Bacterial_Leaf_Spot
37.67,82.53,49.11,50.04,30.92,35.21,6.68,222.0,46.99,Healthy
21.85,91.43,37.53,26.78,21.89,45.19,6.42,248.1,46.17,Powdery_Mildew
19.1,63.4,60.14,12.08,19.85,46.54,4.99,823.1,34.3,Root_Rot
21.84,84.71,49.64,25.01,40.08,36.2,5.95,337.5,39.39,Powdery_Mildew
27.9,53.19,53.37,19.81,9.96,41.04,6.11,609.8,38.46,Powdery_Mildew
20.99,92.16,42.5,14.28,15.95,19.86,6.33,264.2,42.36,Powdery_Mildew
38.07,82.6,29.12,11.67,30.53,47.24,5.02,788.3,39.79,Early_Blight
22.49,87.4,21.1,18.95,50.09,19.93,6.91,515.8,37.24,Healthy
25.65,88.43,48.81,23.56,24.79,40.82,7.6,278.4,47.78,Powdery_Mildew
37.84,87.75,18.2,39.36,32.6,15.75,7.12,744.2,47.24,Healthy
15.43,93.18,54.81,23.77,14.28,28.86,7.1,850.8,51.99,Rust
35.15,56.31,58.25,16.84,18.25,41.36,6.05,477.8,53.07,Healthy
28.29,81.95,19.31,25.52,35.79,38.79,6.12,605.9,38.21,Early_Blight
12.44,49.75,45.52,31.6,17.96,10.73,6.66,983.4,44.18,Healthy
24.36,78.99,60.17,39.33,43.92,31.2,5.6,802.6,49.54,Root_Rot
22.74,84.02,20.38,19.85,30.36,26.56,6.01,289.3,28.24,Powdery_Mildew
33.26,80.31,64.16,44.03,43.39,43.37,5.23,223.5,43.8,Root_Rot
25.29,89.88,56.2,48.03,34.8,25.55,7.71,778.0,54.9,Bacterial_Leaf_Spot
15.13,83.38,51.03,39.35,33.14,45.62,5.06,808.2,52.12,Early_Blight
25.93,90.84,7.76,47.84,19.81,10.65,7.91,955.4,43.87,Bacterial_Leaf_Spot
21.63,89.27,49.98,27.06,43.29,19.63,7.24,271.8,48.22,Powdery_Mildew
34.34,31.49,36.65,47.78,12.01,30.55,7.45,347.2,47.64,Healthy
22.92,93.96,42.95,12.75,10.75,16.14,6.35,465.8,30.95,Healthy
18.44,92.26,63.18,33.33,26.05,37.63,5.46,569.9,50.07,Root_Rot
17.45,91.56,10.68,22.53,33.1,44.6,5.78,440.1,34.04,Healthy
17.31,26.9,10.39,19.14,38.96,49.78,7.88,847.3,41.26,Healthy
27.96,81.77,13.13,46.98,12.17,25.17,7.84,372.7,41.22,Bacterial_Leaf_Spot
31.73,48.15,47.77,46.29,47.36,18.59,5.54,572.6,38.9,Healthy
29.33,88.34,29.07,32.17,45.45,26.66,6.34,365.6,36.37,Early_Blight
21.31,36.51,16.57,42.76,21.07,31.16,6.56,884.4,38.14,Healthy
32.47,92.98,26.39,44.85,45.81,31.73,7.48,581.2,38.78,Bacterial_Leaf_Spot
35.19,73.89,19.34,19.72,18.19,13.02,5.4,269.3,31.22,Early_Blight
25.36,82.01,34.12,30.95,48.77,45.08,5.93,282.6,33.75,Powdery_Mildew
36.24,52.46,58.31,17.17,32.09,40.26,5.43,893.8,39.03,Root_Rot
23.99,73.7,53.38,30.89,37.66,18.57,7.3,840.0,48.11,Early_Blight
22.36,90.06,45.15,15.94,34.93,16.3,7.15,316.5,35.34,Powdery_Mildew
15.75,72.88,33.04,49.6,26.38,34.64,5.13,964.2,42.76,Healthy
33.95,87.71,11.83,30.48,42.21,30.22,7.17,424.8,42.03,Early_Blight
28.23,69.76,34.75,21.07,19.24,40.89,5.87,756.3,34.67,Early_Blight
20.68,80.1,59.96,19.86,15.59,24.06,4.99,734.9,43.46,Root_Rot
32.96,83.63,62.06,21.86,48.79,35.25,7.62,255.8,58.38,Early_Blight
22.73,85.51,48.05,14.05,34.2,14.75,7.01,267.4,38.26,Powdery_Mildew
22.07,92.13,20.56,46.52,34.59,27.66,7.77,308.5,40.39,Powdery_Mildew
17.15,49.82,33.28,26.86,44.85,24.71,6.62,408.1,41.43,Healthy
41.72,80.86,48.11,12.04,21.45,10.09,7.96,950.1,44.92,Bacterial_Leaf_Spot
18.15,88.8,57.4,36.81,18.61,32.27,7.49,667.7,54.42,Root_Rot
29.54,91.95,39.6,22.84,48.36,28.65,7.39,542.0,42.53,Early_Blight
30.78,59.89,45.84,33.04,17.53,42.63,5.51,238.0,40.48,Healthy
28.29,78.52,15.88,42.94,30.7,48.77,7.76,614.7,46.16,Bacterial_Leaf_Spot
31.52,63.09,31.64,13.63,24.45,47.9,6.87,223.7,39.93,Healthy
28.62,70.72,65.07,14.06,27.27,34.42,7.88,909.8,53.58,Early_Blight
40.81,34.19,54.99,17.89,16.06,31.04,6.69,637.6,47.96,Healthy
12.49,90.54,22.28,19.86,16.4,36.85,7.12,758.7,36.34,Healthy
38.61,82.8,54.89,49.01,38.11,25.95,4.83,606.5,44.32,Root_Rot
26.17,71.53,8.55,47.24,21.06,30.52,5.47,463.4,27.57,Healthy
19.31,65.57,16.72,22.35,31.65,18.25,5.77,796.2,45.23,Healthy
23.19,90.0,40.25,32.29,16.56,49.48,6.02,254.2,33.62,Powdery_Mildew
25.94,81.84,33.38,45.89,13.47,42.74,7.57,373.0,42.67,Bacterial_Leaf_Spot
20.65,88.81,26.25,16.78,17.74,49.08,6.54,248.6,41.37,Powdery_Mildew
34.53,55.78,56.85,16.21,19.7,42.25,6.15,490.3,44.39,Healthy
16.77,84.91,51.09,27.4,16.95,21.49,7.26,633.4,44.3,Rust
25.82,53.08,21.87,27.07,14.7,21.85,5.24,691.4,38.1,Healthy
33.96,93.25,14.37,15.63,21.81,28.54,6.4,546.8,38.41,Early_Blight
33.3,90.96,59.27,48.67,34.81,45.72,7.75,572.5,55.64,Bacterial_Leaf_Spot
25.64,37.72,56.24,44.19,32.9,15.77,5.58,941.3,38.85,Root_Rot
21.47,73.6,33.1,15.1,9.99,32.33,6.22,882.8,35.08,Healthy
19.99,86.58,31.38,18.27,43.05,35.02,7.59,287.4,44.1,Healthy
28.32,89.05,17.18,49.22,9.56,36.31,7.49,668.9,42.23,Bacterial_Leaf_Spot
20.35,55.37,42.46,38.92,35.39,48.25,6.94,303.2,43.31,Healthy
33.18,55.61,21.03,47.56,14.54,22.88,5.11,343.5,30.31,Healthy
17.01,85.25,55.32,32.0,32.09,13.53,6.02,352.9,42.56,Rust
34.69,83.72,37.19,40.23,36.11,32.7,5.59,518.1,42.22,Healthy
23.63,92.07,32.32,11.26,37.31,18.96,5.38,247.0,29.32,Powdery_Mildew
26.58,61.84,19.87,30.24,23.98,34.04,5.57,641.9,34.41,Healthy
27.31,94.4,20.54,25.37,42.93,18.86,7.87,284.3,37.06,Early_Blight
24.05,91.05,46.84,47.68,20.98,34.73,7.87,235.5,53.01,Powdery_Mildew
24.44,83.84,27.03,45.94,43.98,20.86,5.6,197.7,28.13,Powdery_Mildew
39.52,66.41,58.35,41.06,26.88,47.52,4.77,726.5,41.77,Root_Rot
22.07,88.31,19.98,22.24,41.26,29.82,4.83,317.1,25.75,Powdery_Mildew
29.97,56.2,31.61,19.97,12.18,11.48,6.84,931.5,38.69,Healthy
22.91,88.53,28.7,38.96,27.71,30.76,7.44,295.4,44.04,Powdery_Mildew
18.6,89.24,52.39,45.09,48.14,46.31,6.95,485.4,49.97,Rust
38.22,78.84,30.05,48.21,36.86,35.21,7.96,312.7,48.93,Bacterial_Leaf_Spot
29.19,91.28,45.61,22.67,44.02,28.65,5.95,713.5,45.98,Early_Blight
35.83,38.28,23.44,47.08,22.84,10.52,5.45,914.1,33.32,Healthy
19.63,67.22,59.73,45.47,50.49,19.14,5.11,263.5,45.8,Root_Rot
27.65,86.75,63.29,46.06,37.08,40.72,7.74,647.9,63.34,Bacterial_Leaf_Spot
36.49,83.9,40.78,34.04,39.47,30.79,5.82,364.9,44.28,Early_Blight
34.74,80.49,61.3,16.06,42.27,41.23,5.31,730.9,45.83,Root_Rot
29.92,36.84,50.37,19.3,25.1,31.27,5.48,802.3,39.36,Root_Rot
23.91,43.88,48.36,26.9,32.11,47.19,8.1,440.2,42.7,Healthy
29.29,83.7,46.53,46.22,45.89,36.99,7.71,440.9,50.09,Bacterial_Leaf_Spot
20.4,46.29,59.73,12.37,40.67,37.73,5.22,420.4,41.36,Root_Rot
38.4,41.7,50.0,18.22,43.43,29.0,7.34,325.8,42.85,Healthy
40.46,58.82,56.83,17.91,25.66,39.15,5.48,788.4,40.83,Root_Rot
36.29,85.87,56.13,36.12,20.2,35.4,7.31,388.5,38.26,Bacterial_Leaf_Spot
21.36,73.48,11.05,12.83,36.54,9.62,6.61,709.0,34.38,Healthy
33.31,56.39,53.7,29.15,48.44,39.93,6.46,476.1,44.72,Healthy
23.28,82.27,58.77,17.44,26.87,28.32,5.91,227.1,43.43,Powdery_Mildew
21.8,89.95,56.22,19.96,43.71,42.75,6.08,854.6,49.88,Rust
25.76,59.21,12.42,27.69,32.2,42.0,5.43,344.5,33.12,Healthy
16.38,82.01,52.51,28.29,47.92,21.77,7.29,245.5,52.2,Rust
17.81,89.57,59.9,19.3,33.09,21.38,6.54,593.2,51.24,Rust
24.42,91.04,45.95,45.45,19.87,33.14,7.85,270.3,49.45,Powdery_Mildew
31.26,69.45,45.21,20.35,49.03,28.99,7.17,674.3,49.33,Early_Blight
35.06,60.53,15.73,27.34,10.43,30.91,5.63,444.6,31.52,Healthy
38.06,65.56,35.37,11.37,9.11,15.97,7.62,456.5,34.66,Early_Blight
24.29,81.34,11.87,14.99,47.21,36.8,7.68,272.7,43.49,Powdery_Mildew
30.71,70.81,36.86,15.03,10.9,40.94,5.41,997.2,43.93,Early_Blight
37.89,29.07,26.13,14.32,36.68,19.52,6.47,818.0,33.5,Healthy
20.57,90.71,46.52,45.36,43.5,32.21,8.11,732.9,49.04,Healthy
22.78,86.58,62.22,42.78,19.73,43.39,7.34,825.4,45.92,Rust
25.86,76.66,56.43,44.39,20.74,15.27,7.45,219.3,46.63,Bacterial_Leaf_Spot
22.32,93.25,60.66,36.45,31.83,28.25,7.44,677.4,51.31,Rust
41.27,91.52,41.56,36.85,14.56,44.03,8.15,576.1,45.36,Bacterial_Leaf_Spot
34.94,93.59,22.07,37.87,16.51,38.19,5.88,708.7,40.15,Healthy
24.79,80.8,17.45,31.25,24.26,34.29,7.71,840.0,44.36,Early_Blight
39.77,80.87,54.29,29.21,28.21,18.26,6.09,249.4,45.87,Early_Blight
27.89,85.97,56.24,47.42,11.14,14.02,7.72,418.3,50.34,Powdery_Mildew
21.81,93.64,58.44,35.31,48.14,33.64,6.67,721.1,60.02,Rust
27.39,89.33,47.16,49.3,11.64,49.2,7.85,252.5,53.97,Bacterial_Leaf_Spot
15.22,83.94,32.34,26.39,45.68,35.21,6.33,737.2,44.54,Healthy
32.65,62.99,56.77,37.25,28.46,10.43,4.73,620.3,45.58,Root_Rot
21.89,94.28,27.41,36.59,51.0,22.48,7.18,250.1,39.16,Powdery_Mildew
17.58,81.53,60.12,24.87,48.43,31.84,5.37,718.3,46.07,Root_Rot
21.01,92.32,25.49,34.46,49.03,20.49,7.39,267.7,35.35,Healthy
24.1,66.07,41.59,14.41,21.78,34.98,5.16,493.0,30.04,Early_Blight
20.08,90.3,41.53,45.2,16.23,24.37,6.82,290.9,44.98,Powdery_Mildew
27.85,47.11,12.03,18.91,44.36,33.06,6.04,749.3,40.34,Healthy
20.89,61.72,21.99,17.85,17.75,28.11,6.62,186.8,30.0,Healthy
40.88,77.4,19.18,16.05,45.51,31.45,4.96,531.0,34.18,Early_Blight
29.34,87.57,62.19,43.18,34.82,44.38,7.4,986.1,59.19,Bacterial_Leaf_Spot
34.19,70.44,37.32,23.83,19.31,11.54,7.83,943.0,48.33,Early_Blight
37.16,88.55,12.7,15.03,37.62,46.39,6.3,674.6,39.59,Early_Blight
29.25,86.99,58.03,45.79,15.94,16.82,7.87,657.5,47.74,Bacterial_Leaf_Spot
31.22,89.74,29.99,22.71,28.86,14.68,6.59,787.5,32.87,Early_Blight
13.35,76.09,23.36,33.07,49.93,25.24,7.08,540.2,44.28,Healthy
39.01,34.97,28.16,20.46,11.42,28.46,7.59,419.5,33.07,Healthy
28.45,49.75,56.26,15.48,20.33,14.11,6.72,784.1,44.92,Healthy
30.67,66.29,33.15,20.5,27.7,26.2,5.71,870.7,51.77,Early_Blight
31.76,89.96,23.02,48.1,33.24,12.65,7.74,314.6,43.97,Bacterial_Leaf_Spot
20.61,91.93,49.35,43.23,29.79,19.28,6.23,784.2,49.01,Rust
29.57,83.61,60.81,48.41,29.45,34.13,7.43,757.2,50.3,Bacterial_Leaf_Spot
23.31,93.58,28.03,36.57,18.57,34.33,7.89,473.5,40.14,Healthy
22.17,82.8,37.36,27.83,36.47,30.62,7.67,267.1,39.36,Powdery_Mildew
20.99,83.57,23.72,41.75,35.05,13.66,5.27,245.7,28.16,Powdery_Mildew
13.91,93.14,62.55,38.14,40.93,13.93,5.22,930.2,46.23,Root_Rot
21.71,74.28,55.89,49.78,18.25,17.15,5.69,453.8,40.95,Root_Rot
36.7,80.64,49.16,31.78,46.07,48.47,6.45,655.2,48.67,Early_Blight
29.35,84.01,55.33,25.97,13.86,48.28,7.77,841.8,49.77,Early_Blight
18.51,40.99,49.11,14.23,20.19,20.86,5.03,501.6,29.59,Healthy
21.69,82.33,42.64,45.77,35.59,35.43,8.02,344.0,48.03,Powdery_Mildew
37.56,71.82,26.02,28.84,30.82,19.92,7.63,832.0,41.07,Early_Blight
27.95,87.39,62.2,46.34,34.98,43.87,7.69,638.0,61.49,Bacterial_Leaf_Spot
26.45,81.41,64.13,48.11,38.25,34.89,7.49,674.3,59.39,Bacterial_Leaf_Spot
35.1,56.98,36.52,16.72,25.4,20.99,7.29,869.9,38.49,Healthy
37.23,86.67,37.23,13.98,11.3,19.24,5.19,563.2,27.05,Early_Blight
18.7,91.93,50.56,31.57,15.71,29.27,7.53,1005.2,48.63,Rust
20.12,84.77,42.08,26.51,25.33,42.44,7.27,252.2,45.43,Powdery_Mildew
29.08,83.21,57.65,37.0,41.38,42.57,5.06,919.2,49.08,Root_Rot
16.26,72.73,14.63,39.62,30.6,44.59,6.52,802.7,41.11,Healthy
27.94,77.82,65.79,13.58,28.12,21.2,5.2,944.9,44.29,Root_Rot
18.85,90.11,55.87,18.23,20.87,14.26,6.88,527.0,38.94,Rust
38.97,67.07,62.89,18.96,22.0,40.66,8.02,232.8,52.98,Early_Blight
15.34,57.03,57.53,17.83,39.34,43.26,7.18,315.6,43.41,Healthy
38.26,79.68,53.01,12.06,13.57,37.91,6.13,562.1,41.69,Early_Blight
23.76,43.65,36.31,35.77,26.51,16.65,7.97,449.1,38.35,Healthy
22.17,35.18,28.11,43.38,36.5,29.67,6.11,449.5,40.35,Healthy
16.73,88.68,56.24,16.75,12.5,36.43,8.13,364.7,42.93,Rust
29.01,83.49,46.3,17.82,11.93,34.39,6.5,929.3,41.57,Early_Blight
35.09,72.07,49.78,10.85,50.13,40.3,5.96,826.3,41.19,Early_Blight
22.34,87.55,62.14,27.63,14.82,16.03,5.99,448.4,46.24,Rust
37.61,79.63,52.63,16.56,19.49,13.51,7.05,182.5,39.66,Early_Blight
30.46,72.87,40.93,31.11,27.3,15.16,5.44,586.1,38.93,Early_Blight
21.99,85.12,62.18,18.96,26.92,24.0,6.33,288.1,47.78,Powdery_Mildew
21.85,87.19,16.19,14.12,37.82,32.08,5.22,211.4,34.61,Powdery_Mildew
31.05,84.1,12.77,27.43,25.26,23.7,7.89,668.5,48.22,Powdery_Mildew
25.29,77.22,24.72,16.85,24.1,19.58,7.65,393.3,30.68,Early_Blight
32.78,87.35,15.96,46.79,32.9,20.17,7.47,222.7,44.95,Bacterial_Leaf_Spot
15.74,38.04,42.43,33.98,34.5,39.64,8.31,244.8,44.06,Powdery_Mildew
18.91,86.56,63.55,24.15,37.17,37.82,6.32,479.6,46.31,Rust
19.72,88.15,64.05,17.04,19.33,42.24,6.19,397.4,43.66,Rust
33.25,89.83,62.97,46.0,48.73,30.1,7.48,873.9,54.52,Bacterial_Leaf_Spot
14.61,74.12,32.3,47.68,26.07,22.06,8.05,480.5,44.59,Healthy
22.6,91.63,54.3,23.15,21.88,22.96,6.64,837.2,52.9,Rust
24.21,83.18,63.43,26.98,47.28,24.2,5.11,522.5,43.76,Root_Rot
22.3,83.5,41.34,46.59,36.54,33.9,7.82,341.7,49.23,Powdery_Mildew
14.91,82.96,26.92,27.64,27.36,24.41,5.38,444.5,38.71,Healthy
26.81,82.54,9.06,26.22,38.64,49.55,6.15,573.5,45.8,Early_Blight
24.55,48.61,46.27,45.77,26.53,50.47,6.51,932.6,43.78,Healthy
29.45,85.85,10.49,44.67,49.14,49.45,7.59,244.4,45.26,Bacterial_Leaf_Spot
24.94,49.26,34.83,33.07,18.56,35.06,7.1,551.2,32.86,Healthy
16.51,33.9,34.32,17.11,44.08,47.55,5.4,417.8,35.58,Bacterial_Leaf_Spot
27.29,92.72,57.17,27.41,37.5,28.1,6.17,416.1,44.2,Early_Blight
24.39,84.01,9.92,14.9,27.23,33.33,7.6,433.9,41.45,Early_Blight
38.78,37.76,27.36,11.31,17.72,28.82,7.57,342.6,38.18,Healthy
31.23,81.24,57.89,17.03,12.57,47.03,7.76,428.9,40.07,Early_Blight
12.52,34.79,37.83,44.47,31.0,30.17,6.87,876.6,44.83,Healthy
23.27,89.9,60.42,11.48,40.54,46.66,7.74,784.0,54.36,Rust
15.85,53.13,10.51,45.87,24.54,37.83,7.87,611.4,39.71,Healthy
32.96,86.87,62.63,48.87,41.64,26.8,7.45,383.7,54.22,Bacterial_Leaf_Spot
35.83,91.52,51.0,32.96,35.38,46.83,7.25,244.7,51.93,Early_Blight
29.77,75.28,40.66,11.35,42.7,19.7,5.71,839.5,39.79,Early_Blight
24.54,84.34,56.89,23.06,27.65,14.01,7.31,325.0,49.98,Powdery_Mildew
27.06,54.78,24.24,47.89,24.99,17.66,6.71,500.1,33.83,Healthy
27.96,92.9,64.67,20.95,44.98,26.99,7.39,569.0,52.14,Early_Blight
32.56,78.05,52.1,42.22,26.97,16.12,5.4,721.4,40.17,Root_Rot
24.72,67.5,53.04,21.43,23.19,40.86,5.42,642.4,43.46,Root_Rot
23.34,50.33,57.38,22.09,15.62,29.03,6.68,199.8,35.58,Healthy
27.21,82.9,32.86,48.56,26.91,22.66,7.85,500.2,46.32,Bacterial_Leaf_Spot
22.86,86.78,56.05,39.99,43.89,25.24,7.3,812.5,44.95,Rust
25.77,72.73,31.85,28.58,21.82,40.65,7.92,867.6,47.65,Early_Blight
21.4,78.9,41.93,15.2,44.27,30.3,7.76,315.5,46.54,Healthy
33.3,93.38,48.24,29.8,38.81,14.8,7.63,784.6,49.57,Early_Blight
34.32,86.94,53.34,48.82,36.5,30.92,4.86,866.6,49.59,Root_Rot
29.31,79.45,36.99,46.61,38.75,48.52,7.76,540.1,52.09,Bacterial_Leaf_Spot
39.63,87.32,8.95,22.81,44.57,46.51,5.08,959.0,26.04,Early_Blight
26.93,81.91,9.54,12.3,35.34,36.87,7.65,409.2,39.48,Early_Blight
34.34,50.16,27.92,17.85,22.63,48.77,5.59,458.5,36.54,Healthy
19.08,76.2,60.1,41.67,21.02,13.44,5.46,452.0,40.02,Root_Rot
32.46,84.04,48.84,15.29,40.6,36.36,5.26,291.9,32.36,Early_Blight
23.39,73.84,12.93,40.37,35.1,11.91,5.16,796.7,32.21,Healthy
29.78,85.59,13.0,29.51,35.58,38.04,6.86,565.6,36.05,Early_Blight
19.25,92.29,51.82,32.44,16.06,29.72,7.54,980.7,46.82,Rust
24.18,75.34,43.91,11.85,15.65,41.41,7.41,873.4,47.46,Early_Blight
26.41,50.94,47.45,38.1,37.31,25.79,7.81,223.5,40.7,Healthy
18.77,89.4,56.99,20.6,17.77,26.1,7.43,551.3,49.11,Rust
29.38,83.3,44.85,47.45,24.09,11.66,7.44,889.4,46.12,Bacterial_Leaf_Spot
37.24,87.05,24.22,39.82,19.24,23.99,7.92,480.6,44.16,Bacterial_Leaf_Spot
17.8,73.31,23.16,29.97,17.46,36.09,6.47,831.3,41.87,Healthy
33.66,41.03,50.92,46.86,26.44,35.2,7.25,603.2,49.07,Healthy
30.2,53.64,61.37,21.02,14.51,16.83,6.57,764.4,39.32,Healthy
20.08,89.18,53.7,40.55,24.4,11.24,7.36,497.1,45.04,Rust
21.0,89.34,42.16,14.23,20.27,26.07,6.39,279.4,32.61,Powdery_Mildew
40.39,63.19,30.96,23.06,42.55,46.85,5.42,274.9,42.61,Healthy
25.72,87.56,25.17,33.39,19.37,30.93,6.45,907.1,42.17,Early_Blight
38.76,25.05,19.32,31.84,41.8,15.57,5.97,796.1,36.2,Healthy
37.55,76.62,48.08,31.59,24.66,33.88,6.79,610.6,46.75,Early_Blight
30.02,66.42,10.11,29.99,15.82,28.19,6.46,755.4,39.94,Early_Blight
24.83,85.82,34.29,29.47,38.22,30.22,5.38,671.2,43.76,Early_Blight
31.72,82.7,19.9,43.82,46.24,29.57,7.72,646.9,45.98,Bacterial_Leaf_Spot
35.1,74.51,54.67,12.67,43.03,34.93,7.29,771.9,49.87,Early_Blight
40.4,74.97,45.24,24.19,12.56,38.52,5.25,645.2,31.87,Early_Blight
23.22,90.95,56.53,24.85,32.42,18.35,5.91,814.0,46.44,Rust
18.91,88.19,49.97,32.71,47.73,17.65,7.04,570.4,48.28,Rust
35.83,48.65,61.41,34.24,48.11,17.51,6.44,872.2,48.71,Healthy
19.07,81.15,60.44,16.33,22.96,37.71,7.47,389.6,43.25,Rust
13.47,85.76,54.54,38.12,39.38,34.57,6.08,443.8,52.26,Rust
23.95,89.47,27.44,48.44,27.72,13.17,7.59,308.5,43.88,Powdery_Mildew
40.33,80.15,65.06,10.98,35.81,33.74,7.0,920.1,52.14,Early_Blight
31.62,70.25,9.48,28.08,27.71,36.28,5.73,304.7,34.17,Early_Blight
37.33,74.89,51.46,34.84,49.46,19.32,5.78,995.8,50.43,Root_Rot
27.06,82.44,31.86,41.72,15.97,40.46,7.74,324.9,48.12,Bacterial_Leaf_Spot
28.74,79.97,38.37,45.64,37.94,48.46,7.77,538.0,53.47,Bacterial_Leaf_Spot
27.58,84.98,44.4,14.43,37.83,36.0,4.81,551.2,39.54,Early_Blight
17.31,68.69,59.23,45.78,46.32,18.39,5.29,925.4,52.12,Root_Rot
41.46,38.86,53.4,11.05,27.6,11.68,5.47,395.0,26.74,Root_Rot
22.56,88.43,34.13,26.55,36.04,24.53,6.76,283.5,42.36,Powdery_Mildew
21.41,80.34,34.4,44.82,17.64,21.75,6.03,265.3,26.51,Powdery_Mildew
18.13,88.52,60.05,23.65,24.48,23.68,8.03,340.9,46.34,Rust
36.38,68.82,32.47,23.52,43.39,48.67,8.16,297.4,46.03,Early_Blight
22.61,83.49,39.14,26.75,16.23,21.85,7.25,313.6,33.13,Powdery_Mildew
32.21,75.34,39.27,40.99,15.16,27.48,5.83,880.7,43.46,Healthy
26.64,35.06,53.69,47.96,23.11,19.2,5.0,616.5,34.87,Root_Rot
13.04,80.94,12.32,24.08,46.25,43.04,4.98,610.6,38.23,Healthy
19.53,67.88,56.37,32.22,18.15,19.17,5.11,782.7,37.75,Root_Rot
13.24,85.9,58.17,15.6,9.13,48.47,6.48,474.0,38.68,Rust
28.58,67.15,39.18,22.06,11.5,27.87,7.97,740.0,53.62,Early_Blight
16.82,37.8,28.53,13.14,27.33,35.39,6.19,941.7,37.8,Healthy
39.86,77.76,63.16,18.19,40.03,21.96,7.34,788.0,49.99,Early_Blight
20.57,81.82,44.96,35.26,22.16,14.85,8.17,478.2,43.74,Healthy
27.97,83.2,61.97,29.59,31.53,50.13,6.24,887.3,58.55,Early_Blight
35.88,59.66,54.25,21.59,9.05,33.2,6.95,606.4,41.52,Healthy
37.27,53.79,57.2,14.49,23.9,13.1,4.86,466.9,29.79,Root_Rot
21.53,89.45,60.22,24.03,48.24,14.1,7.66,493.9,50.95,Rust
26.84,86.67,64.08,49.69,25.14,46.81,6.73,312.9,48.64,Healthy
21.24,39.65,58.62,28.26,23.04,43.35,5.91,414.6,39.49,Healthy
24.38,88.7,57.87,16.88,21.55,43.88,5.59,276.7,39.04,Root_Rot
26.49,36.59,9.12,35.65,42.97,23.78,7.9,369.4,41.92,Healthy
30.92,77.32,45.0,13.02,46.33,21.72,7.39,417.9,39.65,Early_Blight
34.94,78.67,15.41,45.98,34.11,42.17,7.23,874.6,45.61,Bacterial_Leaf_Spot
12.5,85.03,58.05,22.87,13.76,12.81,7.99,876.8,55.04,Rust
39.34,85.85,30.8,44.07,20.58,43.28,8.02,299.0,43.51,Bacterial_Leaf_Spot
30.33,85.99,53.83,47.48,45.38,47.21,7.44,886.4,59.59,Bacterial_Leaf_Spot
32.86,25.55,22.77,12.11,30.92,25.95,7.37,464.2,33.06,Healthy
24.48,90.2,30.1,19.53,10.41,22.85,5.19,209.0,29.9,Powdery_Mildew
30.03,76.03,12.59,26.53,27.9,40.0,5.23,717.3,40.01,Early_Blight
25.14,81.75,41.04,32.03,48.09,44.46,6.39,329.5,51.01,Powdery_Mildew
37.98,45.95,56.73,30.72,19.98,32.71,6.21,699.5,40.61,Healthy
14.71,80.29,12.11,22.33,40.53,21.39,7.97,317.2,33.37,Healthy
21.74,83.05,37.56,31.24,34.6,31.7,7.52,277.8,45.67,Powdery_Mildew
35.62,90.19,57.13,39.18,42.13,14.61,5.39,509.2,43.38,Root_Rot
29.46,43.17,49.18,33.06,10.59,37.7,7.89,282.6,44.67,Healthy
25.45,40.15,53.33,23.18,18.73,16.58,5.5,346.4,38.85,Root_Rot
13.5,72.34,8.21,36.31,32.99,45.77,7.56,598.2,44.94,Healthy
26.11,66.92,14.91,29.71,17.41,33.63,6.82,274.8,41.94,Early_Blight
18.21,60.21,48.96,46.91,49.0,41.81,6.45,277.7,45.85,Healthy
21.03,89.0,39.71,26.38,24.82,46.51,6.64,232.1,33.18,Powdery_Mildew
37.98,72.46,47.16,24.39,22.12,11.16,5.42,348.2,33.69,Early_Blight
20.47,93.86,51.29,30.24,30.04,44.78,7.66,735.9,45.83,Rust
35.11,51.33,63.73,13.9,37.92,27.56,4.91,323.3,39.24,Root_Rot
22.27,86.39,51.23,18.15,44.28,49.51,7.51,895.2,48.63,Rust
15.71,91.26,54.97,47.34,49.28,17.62,6.03,814.1,47.18,Rust
29.02,77.59,16.87,42.29,29.86,47.46,7.67,607.3,40.95,Bacterial_Leaf_Spot
23.41,73.82,63.02,13.24,36.16,26.63,5.34,434.4,33.27,Root_Rot
25.42,82.34,60.97,46.02,40.33,37.21,7.58,644.9,58.43,Bacterial_Leaf_Spot
16.46,86.18,60.53,24.59,45.9,49.15,6.46,268.6,48.86,Rust
34.92,27.2,44.8,27.69,18.3,45.77,6.27,876.5,42.72,Healthy
39.21,27.1,54.43,14.64,46.63,27.21,5.21,620.7,33.52,Root_Rot
24.04,79.17,51.53,27.64,37.27,15.95,5.12,444.5,36.36,Root_Rot
39.15,35.24,25.23,46.89,13.01,39.42,6.26,748.6,39.8,Healthy
23.66,88.89,16.63,40.69,22.62,16.62,7.47,242.1,34.53,Powdery_Mildew
20.46,27.44,30.12,12.25,20.88,24.88,4.94,547.9,29.86,Healthy
34.52,68.04,29.07,40.19,20.6,49.91,7.66,578.0,47.95,Healthy
38.52,54.06,64.47,50.21,30.59,42.87,7.76,564.3,53.95,Healthy
39.19,24.6,18.19,30.87,42.03,16.29,6.07,824.9,34.64,Healthy
23.24,82.04,16.42,33.63,26.79,24.48,5.26,247.1,33.46,Powdery_Mildew
34.2,29.32,30.57,16.79,23.54,45.49,6.53,473.4,31.69,Healthy
31.83,89.18,59.17,24.72,11.96,49.43,5.23,380.1,45.55,Root_Rot
26.66,55.07,17.99,10.45,22.06,40.21,8.22,570.6,36.11,Healthy
38.87,66.67,36.06,14.51,25.17,49.23,7.48,718.8,48.73,Early_Blight
23.03,84.46,36.25,27.88,34.92,27.32,7.86,262.1,43.66,Bacterial_Leaf_Spot
24.36,52.88,59.39,47.15,26.91,21.99,5.54,758.8,41.43,Root_Rot
30.9,92.28,45.05,24.63,49.25,14.98,8.1,748.8,40.62,Early_Blight
17.22,90.15,55.25,37.18,11.09,31.85,7.24,252.5,53.74,Rust
37.79,32.39,40.02,48.06,11.07,25.88,7.67,636.3,41.39,Healthy
24.32,96.04,16.61,29.46,43.11,18.52,7.43,293.2,39.45,Powdery_Mildew
21.63,47.81,50.09,34.54,40.82,18.44,6.58,693.9,44.81,Healthy
32.36,55.91,25.2,25.57,37.11,11.14,6.7,531.7,35.55,Healthy
18.64,91.08,11.46,43.02,26.54,33.84,8.11,454.3,44.95,Healthy
12.58,51.34,63.04,18.74,36.94,11.25,5.52,733.7,45.86,Root_Rot
15.46,86.4,51.35,27.65,13.85,18.85,7.26,594.5,43.44,Rust
35.89,72.99,16.73,18.97,49.12,22.24,4.89,438.3,33.68,Early_Blight
18.01,66.64,38.93,24.15,40.32,36.83,6.56,815.9,45.17,Healthy
26.8,79.2,60.23,29.68,13.0,14.7,7.01,871.9,45.28,Early_Blight
26.65,42.32,38.14,46.57,35.1,32.94,7.49,649.8,48.98,Healthy
27.55,72.09,11.26,24.27,40.4,14.93,7.04,435.7,32.38,Early_Blight
22.24,90.62,62.58,19.95,28.24,19.1,6.09,258.6,45.5,Powdery_Mildew
25.0,83.69,41.22,48.97,48.61,17.29,7.91,288.8,48.21,Powdery_Mildew
21.55,90.45,23.91,43.24,43.28,12.74,6.42,206.0,33.73,Powdery_Mildew
18.87,70.66,59.6,44.65,25.62,22.36,5.59,613.1,40.69,Root_Rot
28.98,30.45,58.3,23.2,21.48,34.97,5.65,409.3,48.24,Root_Rot
22.09,87.74,44.56,19.97,38.4,37.79,6.19,325.7,38.58,Powdery_Mildew
21.51,91.38,29.89,45.11,16.23,20.53,5.93,252.9,36.9,Powdery_Mildew
30.9,44.95,50.73,32.2,11.7,37.74,7.66,295.8,39.7,Healthy
31.95,28.34,32.5,22.43,43.69,46.35,5.05,354.9,32.75,Healthy
32.1,89.02,58.88,45.8,40.95,27.51,7.96,402.5,56.51,Bacterial_Leaf_Spot
26.58,38.03,23.21,10.64,43.97,36.46,5.91,998.7,32.88,Healthy
30.84,89.48,58.12,47.72,26.77,32.47,7.41,263.5,46.39,Bacterial_Leaf_Spot
23.79,85.62,38.9,48.25,13.71,33.23,5.46,315.4,40.06,Powdery_Mildew
37.32,52.84,64.9,43.39,26.81,13.37,5.26,699.6,46.32,Root_Rot
36.22,70.58,26.34,28.82,44.21,46.58,6.76,322.0,37.86,Early_Blight
20.76,86.64,55.23,42.67,29.67,29.42,7.12,598.8,46.35,Rust
24.92,90.28,28.97,23.11,32.94,35.63,6.77,1005.2,49.07,Early_Blight
19.38,29.34,63.45,44.56,37.73,43.27,5.28,838.5,44.52,Root_Rot
26.88,63.93,19.58,26.58,27.76,24.04,7.86,528.4,41.38,Healthy
13.56,89.76,64.02,32.29,20.82,23.26,6.11,928.7,50.72,Rust
31.48,65.8,30.73,36.54,30.69,35.7,7.56,892.0,46.36,Healthy
24.93,88.14,10.98,46.51,24.08,24.71,7.88,249.2,40.87,Powdery_Mildew
28.66,91.6,30.48,46.69,37.32,16.32,7.84,408.5,45.17,Bacterial_Leaf_Spot
41.81,75.4,61.7,24.43,46.15,9.75,6.74,337.4,48.78,Early_Blight
21.53,90.46,53.21,11.51,44.85,20.87,6.8,818.0,47.91,Rust
22.61,90.96,20.03,22.33,43.0,29.45,5.14,339.5,36.26,Early_Blight
19.6,47.05,64.7,16.41,27.17,17.71,6.43,965.1,46.33,Healthy
14.23,59.74,55.43,33.1,21.2,36.84,5.39,852.2,43.02,Root_Rot
21.02,92.61,55.82,38.37,38.73,20.56,7.23,642.5,47.51,Rust
40.34,52.27,29.05,19.43,46.93,30.72,7.08,589.6,37.0,Healthy
20.83,96.07,18.97,14.82,18.6,22.6,4.85,226.0,24.03,Powdery_Mildew
25.85,81.67,38.46,48.01,38.04,47.93,7.94,321.2,49.55,Powdery_Mildew
23.6,84.31,15.45,48.02,30.97,18.61,7.43,232.1,44.25,Powdery_Mildew
13.16,79.12,64.96,35.35,43.65,45.3,5.02,674.4,53.6,Root_Rot
31.71,34.74,54.79,42.29,19.55,13.05,7.5,830.3,51.6,Healthy
16.31,88.66,49.03,18.52,41.06,28.66,7.27,333.6,46.26,Rust
32.51,67.2,53.18,10.8,27.15,15.05,5.92,527.0,37.19,Powdery_Mildew
22.79,90.51,50.63,27.69,44.59,23.17,6.98,238.8,44.98,Powdery_Mildew
36.95,91.84,59.85,11.52,23.26,22.76,7.25,732.0,53.76,Early_Blight
14.73,80.24,60.82,48.0,17.73,20.95,5.75,346.7,42.43,Root_Rot
22.58,69.48,33.7,42.12,28.75,46.12,4.96,695.0,40.05,Healthy
34.86,61.09,53.51,43.18,14.91,11.54,4.86,889.3,40.03,Root_Rot
25.16,86.96,37.88,47.1,28.68,29.19,7.72,312.9,56.41,Powdery_Mildew
21.6,34.26,13.8,43.53,20.08,30.22,6.75,910.0,39.67,Healthy
15.45,91.05,30.49,32.64,22.65,16.8,7.59,327.6,36.01,Healthy
41.56,85.57,27.75,22.99,42.8,48.23,6.61,767.1,46.38,Early_Blight
24.83,68.63,41.07,21.9,44.38,49.35,5.76,347.4,44.31,Early_Blight
15.33,37.14,43.21,34.78,35.85,40.29,8.16,217.9,49.41,Healthy
40.41,60.85,45.85,25.8,21.01,38.2,7.91,771.4,52.6,Healthy
36.14,61.46,53.36,34.57,35.02,13.73,7.34,967.7,43.96,Healthy
26.92,79.89,29.68,15.62,40.44,46.85,7.6,723.6,43.98,Early_Blight
20.61,94.56,8.63,12.35,27.88,16.83,7.06,331.1,34.54,Powdery_Mildew
29.04,36.88,55.02,29.83,47.69,23.77,5.41,525.5,40.08,Root_Rot
40.45,36.06,51.08,17.21,16.67,32.61,6.67,620.3,40.77,Healthy
18.65,93.76,59.67,18.42,29.46,12.74,6.65,534.0,47.45,Rust
22.17,71.42,12.52,40.16,34.95,8.68,5.2,806.0,28.55,Healthy
25.26,52.4,22.43,27.06,13.59,22.47,5.34,699.3,34.24,Healthy
26.71,56.91,20.46,34.23,36.1,12.45,5.19,932.4,31.15,Healthy
33.98,81.9,22.38,46.82,16.7,30.44,7.75,212.1,40.49,Bacterial_Leaf_Spot
23.2,83.39,47.46,15.01,44.58,39.81,6.37,345.1,47.19,Powdery_Mildew
20.53,90.64,48.8,35.23,45.77,14.6,7.81,711.7,50.58,Rust
15.13,85.72,59.14,20.2,13.17,47.45,7.72,906.1,61.12,Rust
30.73,93.81,55.55,13.38,48.21,46.92,6.69,934.4,50.55,Early_Blight
29.73,68.61,31.58,36.41,29.17,37.58,7.69,865.3,46.37,Rust
20.76,90.68,47.27,25.2,24.6,39.32,7.67,324.0,50.64,Powdery_Mildew
20.4,91.1,28.39,33.93,32.44,20.89,6.84,239.3,40.17,Powdery_Mildew
21.63,82.77,24.75,43.01,37.63,15.51,5.26,234.1,31.61,Powdery_Mildew
16.23,28.89,63.22,41.15,21.19,13.24,4.78,871.9,37.27,Root_Rot
36.59,49.3,52.33,33.65,13.02,17.29,5.22,595.5,39.11,Root_Rot
16.01,61.6,62.07,30.06,40.62,41.98,5.71,415.0,43.97,Root_Rot
23.62,90.85,36.09,14.96,25.95,16.55,6.33,226.6,34.9,Powdery_Mildew
17.63,53.15,51.43,23.89,13.68,22.34,5.63,385.9,30.67,Root_Rot
32.51,76.27,47.05,36.2,16.0,14.82,6.89,386.5,42.14,Healthy
26.99,71.25,47.06,32.02,17.79,32.9,6.96,798.3,48.09,Early_Blight
14.42,38.04,24.31,16.45,41.46,50.65,7.7,287.2,40.46,Healthy
38.24,86.79,51.45,18.67,34.35,37.32,6.58,459.1,47.05,Early_Blight
22.92,76.18,61.62,27.21,37.74,11.81,7.35,951.9,46.46,Healthy
31.37,82.87,24.63,32.59,30.27,32.12,7.85,359.3,41.98,Early_Blight
20.31,27.37,18.04,48.48,31.08,40.68,8.14,566.2,35.76,Healthy
27.41,85.64,40.73,45.82,22.1,21.19,7.51,334.5,46.51,Bacterial_Leaf_Spot
16.07,85.77,62.06,20.41,22.73,35.85,5.97,822.0,48.73,Rust
22.75,85.78,44.66,17.32,15.68,26.96,5.35,276.6,33.3,Powdery_Mildew
33.98,47.59,56.61,41.45,45.59,23.93,4.81,584.7,43.62,Root_Rot
28.01,75.81,54.93,16.89,33.47,46.51,5.75,459.4,45.42,Root_Rot
41.15,89.75,24.6,18.15,19.4,37.32,5.58,518.5,35.15,Early_Blight
12.17,92.19,24.62,49.83,17.58,15.45,6.94,486.6,34.4,Root_Rot
35.02,87.73,28.54,14.76,28.64,16.51,5.21,232.6,36.55,Early_Blight
35.22,83.91,15.4,18.59,11.72,47.29,6.12,675.6,34.59,Early_Blight
22.66,94.39,37.18,21.61,19.92,42.04,7.63,295.1,35.72,Powdery_Mildew
23.86,83.49,25.49,44.35,40.74,19.49,5.51,215.3,34.79,Powdery_Mildew
15.21,44.65,58.05,37.55,40.87,48.86,7.97,879.6,60.67,Root_Rot
18.93,87.84,64.54,18.52,21.42,45.09,6.32,377.5,46.53,Rust
39.32,34.11,59.66,39.38,28.64,29.01,5.79,459.4,44.41,Root_Rot
15.37,73.98,47.82,30.93,14.15,30.16,6.31,551.7,38.79,Healthy
37.54,69.84,44.07,16.38,43.11,36.13,5.73,733.2,38.84,Early_Blight
38.6,84.8,54.43,33.96,31.65,36.44,5.22,929.6,49.62,Root_Rot
36.17,82.61,54.28,44.02,12.08,26.92,6.16,1001.4,40.74,Healthy
21.95,91.39,46.05,38.73,23.45,30.05,6.31,247.7,45.96,Early_Blight
30.75,67.92,56.42,16.64,32.54,28.36,6.03,320.6,39.54,Early_Blight
35.11,65.86,54.95,33.27,15.38,16.77,4.94,422.5,45.46,Root_Rot
20.44,92.17,57.36,47.08,43.6,16.25,7.71,726.6,50.19,Early_Blight
32.93,70.25,54.27,21.33,30.39,16.46,7.56,450.9,42.77,Early_Blight
15.47,37.69,22.17,40.92,27.01,17.2,6.91,355.6,34.37,Healthy
33.93,80.22,41.54,41.98,29.29,34.77,8.0,728.6,52.7,Bacterial_Leaf_Spot
29.79,74.37,12.72,13.83,46.56,42.35,6.01,483.4,28.01,Early_Blight
19.8,87.28,63.52,45.54,13.06,24.71,7.06,334.1,48.79,Rust
37.76,36.01,38.0,20.31,46.32,36.12,5.75,934.9,41.56,Powdery_Mildew
29.01,61.2,64.4,21.43,25.76,21.37,6.64,657.5,45.13,Healthy
15.01,70.48,60.85,21.55,31.59,13.55,5.34,691.2,45.26,Healthy
40.25,70.93,29.47,27.12,37.13,49.81,8.06,717.5,58.3,Early_Blight
27.96,81.26,15.38,16.77,42.79,31.77,7.48,452.1,41.62,Early_Blight
33.44,48.37,50.53,47.84,47.24,21.64,5.79,575.9,46.04,Root_Rot
22.69,87.94,12.16,28.13,32.86,25.56,4.95,304.9,29.14,Powdery_Mildew
14.93,58.74,24.31,45.24,33.38,43.18,7.9,855.1,43.69,Healthy
25.28,88.51,12.57,46.85,23.3,24.14,7.84,254.2,36.32,Powdery_Mildew
18.33,76.85,54.93,16.64,19.82,41.91,5.54,897.8,47.31,Root_Rot
18.68,87.69,61.47,23.16,19.27,39.61,6.75,703.4,50.1,Rust
19.54,36.46,50.03,19.37,27.29,20.65,6.88,481.5,42.68,Healthy
28.44,75.78,18.2,48.78,31.22,34.44,6.39,355.3,40.14,Healthy
23.1,87.07,52.55,12.47,22.9,20.1,7.51,338.8,44.19,Powdery_Mildew
33.47,80.79,51.26,36.13,38.99,38.13,7.27,544.2,51.39,Bacterial_Leaf_Spot
29.35,85.04,23.71,22.82,44.52,46.6,7.06,694.8,49.31,Early_Blight
16.88,73.41,54.62,39.54,22.92,25.94,5.52,642.2,39.17,Root_Rot
27.32,85.48,61.84,22.55,13.63,44.54,6.21,203.1,42.78,Early_Blight
17.14,86.13,55.89,50.09,44.0,15.89,7.71,476.7,58.15,Rust
24.91,89.18,12.69,22.8,12.83,26.46,5.47,305.7,29.04,Powdery_Mildew
32.93,34.27,52.36,30.88,36.38,14.73,5.38,895.0,46.47,Root_Rot
35.48,49.48,59.32,47.63,13.7,49.08,6.92,401.5,44.03,Healthy
17.63,27.46,58.22,12.92,37.55,46.54,6.08,310.3,48.97,Healthy
13.65,39.81,64.2,20.56,11.44,44.88,5.44,836.1,44.05,Root_Rot
34.26,89.06,60.48,41.2,25.44,39.39,7.88,780.9,56.55,Bacterial_Leaf_Spot
13.14,49.36,55.14,35.04,22.46,36.92,5.13,813.9,34.75,Root_Rot
21.57,86.02,39.09,35.92,33.71,32.72,7.48,301.3,40.83,Powdery_Mildew
26.42,88.85,33.23,47.02,12.37,47.71,7.44,301.5,44.14,Bacterial_Leaf_Spot
25.55,88.25,17.93,46.03,19.3,24.04,7.88,300.7,43.59,Powdery_Mildew
36.1,53.86,38.17,32.81,41.62,39.69,5.64,266.3,35.12,Healthy
14.91,34.0,54.33,19.95,47.02,32.15,5.25,477.7,42.31,Root_Rot
20.25,89.5,46.85,21.23,28.37,19.72,5.17,1007.4,36.44,Healthy
23.67,95.16,48.31,13.73,26.3,31.16,6.92,419.9,44.71,Rust
22.54,92.33,40.44,23.37,17.77,39.77,7.57,260.0,46.99,Powdery_Mildew
27.1,91.66,29.04,16.64,44.46,28.4,5.83,804.0,43.47,Early_Blight
32.98,82.33,22.7,47.87,10.78,25.93,7.87,566.1,34.8,Bacterial_Leaf_Spot
33.22,43.94,12.34,24.94,32.06,31.09,7.12,414.3,29.16,Powdery_Mildew
37.56,36.97,50.91,30.15,32.0,15.86,4.96,900.6,37.1,Root_Rot
31.23,68.82,14.0,13.53,47.49,40.38,5.33,308.1,39.35,Early_Blight
26.6,90.2,29.69,23.6,44.41,29.25,6.7,608.4,41.94,Bacterial_Leaf_Spot
38.05,78.38,9.55,34.07,29.36,26.42,6.8,716.7,41.33,Early_Blight
21.57,60.1,58.93,34.15,14.34,12.57,5.47,603.9,40.61,Root_Rot
37.02,79.98,20.65,31.95,32.37,28.7,6.34,266.7,34.42,Early_Blight
24.57,91.39,51.17,23.79,45.89,28.75,6.12,260.4,45.66,Powdery_Mildew
31.3,82.03,61.72,46.98,19.79,17.54,7.78,661.1,53.02,Bacterial_Leaf_Spot
38.98,64.76,21.34,29.73,26.61,35.89,8.1,832.7,41.68,Healthy
20.93,94.17,52.54,49.79,41.12,27.49,7.16,690.4,47.15,Rust
31.07,80.97,35.72,36.59,12.4,15.09,6.48,855.7,41.7,Healthy
29.14,81.32,48.96,16.45,15.3,20.85,7.97,814.7,54.44,Early_Blight
24.92,70.25,16.83,13.83,44.21,42.5,6.27,991.6,36.39,Early_Blight
24.5,80.7,40.67,40.26,40.94,43.66,7.18,714.5,53.24,Healthy
12.9,82.71,57.09,46.63,40.47,14.31,7.72,716.7,52.45,Rust
37.28,69.14,40.4,17.92,46.24,30.7,5.23,839.9,35.58,Early_Blight
33.42,82.5,58.6,33.71,36.93,30.17,4.92,574.8,42.88,Root_Rot
14.59,37.63,18.63,20.01,38.15,23.78,6.73,761.4,29.7,Healthy
37.19,84.69,51.42,31.81,43.48,34.67,4.99,226.9,40.36,Root_Rot
21.71,64.09,63.48,22.2,26.93,37.88,6.15,646.5,43.35,Healthy
22.14,94.52,21.98,15.27,13.28,45.54,7.15,318.2,40.46,Powdery_Mildew
13.3,73.97,27.53,39.32,22.62,38.0,7.92,377.1,46.48,Healthy
40.66,53.73,45.14,38.85,36.56,33.38,4.93,819.6,38.07,Healthy
15.56,87.75,59.52,19.5,10.22,47.34,6.73,485.1,47.05,Rust
39.0,51.92,44.33,41.85,29.79,37.52,5.43,985.0,43.77,Healthy
24.0,33.16,59.67,13.67,22.57,32.93,5.31,796.4,48.36,Root_Rot
41.97,86.62,35.75,32.32,40.19,27.32,6.37,736.2,47.99,Early_Blight
21.76,91.91,57.1,35.81,48.74,19.96,8.08,649.1,39.4,Rust
24.62,83.37,61.72,16.72,19.33,49.09,6.09,211.1,45.43,Powdery_Mildew
25.88,87.09,54.24,45.93,44.55,27.22,7.57,463.2,46.98,Bacterial_Leaf_Spot
40.6,52.07,21.88,41.58,43.7,32.62,7.11,925.9,46.13,Healthy
21.92,88.75,55.23,20.57,43.72,28.97,7.11,741.5,54.77,Early_Blight
16.73,85.41,55.12,45.88,36.7,37.36,4.87,877.1,49.98,Root_Rot
24.52,93.02,8.97,45.03,39.02,12.65,6.81,231.2,39.2,Powdery_Mildew
25.27,92.07,56.72,43.5,24.22,9.43,4.99,631.6,36.24,Root_Rot
34.19,82.83,39.73,49.91,37.81,47.18,7.43,342.1,43.61,Bacterial_Leaf_Spot
24.26,48.93,14.22,46.27,31.6,43.59,7.05,903.3,42.69,Healthy
17.63,31.19,51.45,36.57,33.88,16.51,6.45,620.3,37.88,Healthy
40.83,89.98,18.11,16.94,12.91,45.92,6.71,255.2,39.26,Early_Blight
36.18,54.12,13.01,26.5,23.06,23.53,7.68,603.8,35.17,Healthy
38.36,63.67,11.12,22.21,36.07,14.45,7.57,541.5,37.59,Healthy
32.73,77.24,41.51,33.79,34.71,46.5,5.46,437.6,43.34,Early_Blight
22.52,94.52,27.08,47.95,26.02,14.15,7.52,328.9,42.39,Powdery_Mildew
31.45,39.53,50.75,18.87,24.39,32.67,5.51,833.4,37.96,Root_Rot
20.01,87.2,53.49,32.49,23.2,13.58,7.63,623.3,54.74,Rust
26.21,66.42,47.57,19.22,17.75,45.56,5.81,294.0,31.96,Early_Blight
22.51,29.54,27.19,18.71,30.36,14.12,7.24,564.3,41.51,Healthy
23.23,82.87,37.93,49.53,47.48,29.85,7.44,258.4,51.48,Powdery_Mildew
37.32,77.56,38.57,27.42,22.15,40.06,6.95,614.5,45.98,Early_Blight
24.52,92.71,17.28,33.65,19.79,10.15,7.64,807.8,38.68,Early_Blight
31.52,89.61,17.33,49.88,12.35,40.53,7.49,590.5,43.92,Bacterial_Leaf_Spot
20.52,88.09,56.64,16.28,16.59,22.78,7.54,564.9,51.44,Rust
34.56,80.98,29.79,29.76,18.04,22.48,6.61,884.2,38.65,Early_Blight
40.45,78.87,62.66,16.63,11.12,12.98,4.99,388.4,33.58,Root_Rot
12.25,89.68,50.46,14.15,25.48,21.17,6.16,365.2,42.63,Rust
19.27,91.88,52.09,32.06,36.05,17.0,6.43,932.8,40.42,Rust
26.53,54.66,16.19,11.61,23.3,40.53,8.21,561.2,45.86,Healthy
24.68,86.45,18.08,43.76,13.21,25.93,7.83,306.1,40.33,Powdery_Mildew
35.65,51.39,52.38,31.76,45.56,22.5,5.93,535.5,51.08,Healthy
35.64,82.34,46.42,28.54,12.62,22.64,6.45,955.6,41.26,Early_Blight
26.55,56.35,29.72,40.24,27.25,38.61,6.9,793.6,43.09,Healthy
21.34,59.06,54.0,18.83,20.37,27.6,7.17,815.7,49.85,Healthy
27.1,94.18,58.66,26.65,23.6,18.15,7.36,449.4,47.95,Early_Blight
22.19,93.81,21.76,16.34,18.52,46.67,7.44,327.2,38.34,Powdery_Mildew
34.09,53.64,62.57,42.55,10.98,44.59,5.07,479.6,41.75,Root_Rot
28.64,87.25,29.13,17.98,19.97,15.61,5.0,417.9,26.87,Early_Blight
24.86,90.42,54.09,47.15,26.56,40.87,7.82,210.7,39.79,Powdery_Mildew
40.43,62.52,28.43,23.62,42.7,47.4,5.43,273.3,39.15,Healthy
15.07,86.02,11.77,25.85,34.37,35.75,6.26,337.9,37.77,Healthy
29.31,89.93,28.35,47.25,24.42,18.96,7.47,383.6,39.92,Bacterial_Leaf_Spot
19.45,41.22,10.98,47.89,51.4,42.53,6.19,474.6,45.6,Healthy
30.97,53.04,27.22,39.41,25.06,45.98,6.87,843.0,48.55,Healthy
21.48,33.84,57.59,15.83,21.7,40.21,5.27,955.6,38.96,Rust
19.63,87.28,35.66,10.58,33.49,32.58,6.04,690.1,38.73,Healthy
23.42,64.4,18.74,16.75,12.66,29.3,7.51,860.9,41.93,Healthy
33.28,56.58,62.11,18.9,12.05,28.46,5.32,782.8,38.73,Root_Rot
31.42,47.25,10.55,46.99,49.83,48.99,6.38,934.4,41.69,Healthy
18.38,87.93,64.31,12.26,23.0,40.5,7.14,366.3,49.01,Rust
30.25,69.81,20.33,26.76,40.91,44.37,5.39,293.8,28.31,Early_Blight
20.58,81.84,23.86,44.41,33.46,29.01,5.93,643.3,42.13,Healthy
36.58,89.34,19.97,22.67,47.48,32.37,5.1,568.9,37.88,Early_Blight
26.18,91.66,52.59,38.5,40.43,17.39,5.04,304.5,32.52,Root_Rot
28.18,83.71,23.48,22.3,44.77,46.34,6.98,665.5,42.16,Early_Blight
38.91,70.32,27.97,25.73,27.32,18.31,7.37,835.4,38.24,Early_Blight
30.23,85.94,59.11,47.18,38.43,25.54,7.9,403.9,50.65,Bacterial_Leaf_Spot
26.17,66.26,50.21,22.6,35.52,44.23,7.72,252.0,51.22,Early_Blight
40.11,44.12,62.77,48.15,49.17,30.38,5.48,850.7,55.19,Root_Rot
12.24,62.55,58.08,16.43,32.39,37.64,6.48,307.8,34.94,Healthy
20.17,83.97,31.85,47.64,15.14,30.77,6.11,213.5,37.96,Powdery_Mildew
41.85,80.07,46.07,20.46,22.76,36.62,8.14,267.6,34.08,Early_Blight
23.54,92.38,37.15,45.29,10.5,35.1,6.01,224.3,31.24,Powdery_Mildew
29.03,92.86,50.3,19.17,11.82,16.16,4.81,300.6,33.44,Root_Rot
13.73,59.4,26.79,18.08,23.48,13.95,5.02,719.4,25.84,Healthy
17.5,59.57,39.86,24.14,37.3,38.83,6.53,860.0,42.38,Healthy
22.21,89.6,52.49,13.22,30.88,46.81,7.71,757.8,54.18,Rust
36.52,54.93,36.87,17.32,25.09,23.44,7.47,700.0,43.99,Healthy
41.58,48.76,47.55,17.54,49.69,14.04,5.25,724.2,48.0,Healthy
26.12,62.54,20.1,30.01,24.42,33.12,5.48,627.4,41.11,Healthy
31.43,38.3,13.67,29.56,29.19,21.79,7.25,451.7,32.27,Healthy
21.42,93.07,55.88,30.95,13.87,11.27,8.01,590.8,48.25,Rust
29.82,64.47,59.22,29.0,18.61,39.18,5.32,413.0,35.13,Root_Rot
41.98,53.27,39.09,18.25,44.06,25.69,6.09,294.8,38.79,Healthy
41.13,86.49,22.09,9.86,9.36,43.92,5.56,1022.8,34.32,Early_Blight
22.95,95.33,21.8,15.86,15.85,48.03,7.2,346.7,41.13,Powdery_Mildew
19.73,90.12,57.7,16.85,15.93,17.39,6.73,546.2,41.42,Rust
30.0,44.86,29.23,25.97,26.55,49.9,4.88,827.7,35.01,Healthy
26.11,90.54,43.02,22.3,34.47,11.66,7.02,400.5,46.15,Powdery_Mildew
23.19,85.25,38.19,44.22,18.06,27.54,7.67,302.2,44.52,Powdery_Mildew
37.39,70.91,60.2,33.88,32.59,13.17,5.46,517.0,40.73,Root_Rot
21.41,92.25,40.04,29.43,11.78,49.66,6.21,217.5,35.31,Powdery_Mildew
29.3,30.99,62.25,42.98,22.35,32.04,5.31,905.9,45.02,Root_Rot
15.02,91.6,48.5,43.11,22.75,23.58,5.78,802.2,43.59,Rust
38.95,52.06,63.96,21.41,21.74,24.76,5.26,825.5,40.35,Root_Rot
25.6,92.24,21.41,17.64,37.76,46.38,5.6,406.8,29.43,Early_Blight
34.58,65.23,9.98,19.22,47.48,11.45,7.97,915.0,43.98,Early_Blight
16.22,62.1,58.13,38.23,21.65,29.69,5.11,466.3,39.28,Root_Rot
37.79,93.96,52.84,27.06,10.96,31.67,6.25,214.2,44.52,Early_Blight
23.91,41.24,10.86,23.52,23.01,44.72,8.1,511.9,37.41,Healthy
25.75,79.62,35.36,31.36,45.25,16.7,7.72,362.8,40.7,Early_Blight
21.25,86.57,36.63,27.52,18.01,16.92,6.87,280.0,42.32,Powdery_Mildew
39.84,35.79,59.25,38.47,39.09,46.76,5.39,439.1,43.03,Root_Rot
38.08,57.69,56.98,22.25,34.7,45.29,7.16,971.2,55.55,Healthy
28.38,72.28,42.4,45.63,17.87,18.01,6.89,794.4,36.35,Healthy
12.4,86.08,56.38,32.55,33.46,17.89,5.94,337.6,49.97,Rust
37.84,83.31,23.98,18.77,42.78,32.39,6.37,694.8,32.79,Early_Blight
20.23,88.69,61.73,33.2,25.12,26.57,7.3,417.6,50.11,Rust
18.25,31.38,58.9,25.57,32.54,46.57,5.06,540.8,36.37,Root_Rot
32.93,69.41,45.19,18.0,48.72,34.37,7.27,506.5,46.44,Early_Blight
21.12,74.7,36.59,30.3,28.69,21.04,5.97,307.2,25.91,Healthy
30.02,72.18,43.58,21.31,32.16,37.61,6.42,1003.9,39.15,Early_Blight
27.0,82.44,25.87,48.57,32.21,13.69,7.3,579.5,43.09,Bacterial_Leaf_Spot
23.59,88.19,62.18,15.44,40.98,25.82,6.99,404.0,45.23,Rust
30.39,87.25,24.67,48.0,18.07,47.68,7.79,987.5,43.82,Bacterial_Leaf_Spot
18.69,86.14,64.4,32.28,13.04,34.9,6.17,960.7,52.46,Rust
31.81,59.72,53.54,42.17,47.69,31.58,5.51,575.1,49.23,Root_Rot
41.54,75.25,51.34,24.21,31.63,33.62,6.43,856.6,52.71,Early_Blight
15.91,74.22,47.33,32.01,14.89,31.0,6.5,571.0,41.62,Healthy
34.67,80.95,63.63,10.68,23.78,37.62,5.34,492.5,34.87,Root_Rot
36.93,37.47,62.82,18.47,30.33,15.78,5.53,428.1,31.19,Root_Rot
36.95,34.98,59.18,32.52,29.7,13.49,5.03,756.5,39.1,Root_Rot
37.91,51.21,63.83,42.11,26.6,13.76,5.29,664.8,41.46,Root_Rot
22.43,82.36,36.74,42.92,34.34,45.62,6.08,293.9,45.24,Powdery_Mildew
26.8,79.71,46.85,41.84,36.33,33.59,7.24,767.7,52.57,Bacterial_Leaf_Spot
24.96,47.96,32.74,11.42,16.92,21.74,7.01,496.6,35.88,Healthy
24.71,46.12,34.88,35.0,17.85,34.18,7.46,588.1,47.2,Healthy
27.06,89.23,28.16,48.61,14.5,24.42,7.83,584.3,48.91,Bacterial_Leaf_Spot
32.88,82.46,44.53,16.8,35.58,34.41,7.26,779.2,47.24,Early_Blight
30.16,66.15,64.65,41.12,30.23,42.09,5.37,916.4,54.72,Root_Rot
38.31,53.0,60.81,42.3,45.93,21.23,6.11,435.9,42.87,Healthy
28.21,92.04,32.09,27.41,46.59,42.46,7.67,244.0,43.83,Early_Blight
38.78,72.08,18.99,31.94,36.29,21.25,4.9,867.1,33.96,Early_Blight
30.84,94.47,16.42,14.59,23.28,11.38,6.59,978.4,37.7,Early_Blight
39.72,80.34,43.61,43.7,45.89,39.96,5.89,568.5,45.36,Healthy
17.95,30.08,57.63,12.83,37.44,45.33,5.88,299.0,39.2,Healthy
39.88,52.19,40.64,41.15,31.64,14.68,5.5,425.5,34.33,Healthy
23.35,84.37,31.76,30.45,39.78,16.99,6.43,433.4,36.85,Healthy
21.5,91.1,52.3,13.8,12.88,28.46,6.29,637.3,43.62,Rust
18.4,89.68,29.1,37.25,12.47,29.97,7.92,354.0,45.91,Healthy
41.3,79.3,29.37,43.4,49.78,40.88,7.75,833.3,45.32,Bacterial_Leaf_Spot
31.97,85.11,17.15,36.77,41.69,40.14,8.22,982.3,52.34,Bacterial_Leaf_Spot
35.17,74.77,10.75,29.1,29.38,10.99,4.85,502.5,23.13,Early_Blight
23.06,89.32,60.84,30.44,12.54,14.59,7.0,889.3,45.13,Rust
32.01,85.25,57.21,45.96,30.39,20.49,7.79,317.5,45.94,Bacterial_Leaf_Spot
35.39,58.51,52.01,11.19,18.6,48.07,5.24,516.4,43.39,Root_Rot
19.71,87.51,54.7,15.59,12.61,33.77,8.16,438.5,51.11,Rust
18.69,82.6,59.25,35.51,25.21,47.57,6.64,819.0,46.62,Healthy
28.21,82.92,53.8,41.53,14.32,38.78,7.92,834.0,49.1,Bacterial_Leaf_Spot
22.82,88.51,61.09,28.17,21.58,11.67,7.83,250.7,45.21,Powdery_Mildew
36.61,94.24,28.73,23.09,21.09,29.92,8.15,807.5,42.98,Early_Blight
31.93,88.41,15.25,48.05,10.35,46.79,7.88,303.3,48.22,Bacterial_Leaf_Spot
26.88,43.23,20.89,14.06,43.69,35.52,6.0,954.3,33.01,Healthy
22.27,83.47,38.87,46.94,36.44,34.51,7.75,332.0,52.12,Powdery_Mildew
19.71,92.02,57.8,13.61,26.9,45.57,7.43,691.5,48.53,Rust
16.79,91.0,50.06,32.25,46.54,20.22,6.9,572.7,44.92,Rust
25.81,90.17,58.19,45.74,27.43,46.91,7.83,195.8,47.07,Powdery_Mildew
29.02,45.12,53.02,21.69,33.05,34.08,5.64,802.8,47.75,Root_Rot
22.35,86.48,28.29,39.0,20.09,37.06,5.96,356.2,30.97,Healthy
33.14,48.53,48.82,47.49,35.14,39.63,7.61,580.7,48.66,Healthy
24.95,86.45,11.53,48.21,31.74,21.04,7.56,236.2,33.06,Powdery_Mildew
14.13,44.97,32.16,43.63,45.89,44.75,5.13,230.3,30.77,Healthy
34.4,77.47,13.7,28.99,30.72,17.6,8.15,651.1,35.68,Early_Blight
39.03,82.25,11.59,19.96,17.44,30.41,5.5,948.2,41.04,Early_Blight
20.07,31.14,23.7,41.96,21.41,32.1,4.9,361.1,36.76,Healthy
21.85,88.2,56.34,17.46,13.98,20.3,6.04,653.3,42.22,Rust
19.0,42.71,64.83,17.25,11.98,44.55,5.15,572.9,37.1,Root_Rot
32.2,89.35,22.97,46.91,44.91,31.94,7.57,569.1,48.14,Bacterial_Leaf_Spot
40.7,80.85,27.57,30.64,14.13,18.73,5.21,302.6,27.03,Early_Blight
39.8,81.42,11.8,27.52,31.09,18.95,7.1,464.7,34.11,Early_Blight
27.25,72.53,60.84,30.32,25.36,45.92,6.29,752.4,52.54,Early_Blight
34.55,78.2,37.58,14.58,27.36,18.91,6.23,541.5,31.45,Early_Blight
20.75,92.68,28.03,31.08,31.76,19.36,6.98,301.7,36.6,Powdery_Mildew
21.23,82.24,22.53,45.75,29.94,38.59,6.54,205.7,36.05,Powdery_Mildew
28.22,57.03,54.07,20.2,45.13,18.93,7.97,915.0,48.49,Healthy
40.13,83.17,18.16,26.6,14.21,30.84,4.99,828.9,33.05,Early_Blight
31.56,72.6,45.42,17.68,19.23,47.87,7.79,231.6,47.79,Early_Blight
16.49,70.21,59.8,26.34,48.83,35.56,5.15,340.7,39.91,Root_Rot
32.43,27.95,29.31,14.6,24.49,46.55,6.82,483.7,37.76,Healthy
21.4,89.37,51.24,48.01,22.94,41.88,7.83,968.7,49.66,Rust
34.59,86.73,63.69,33.0,46.06,39.47,7.61,371.5,49.71,Early_Blight
21.35,74.2,63.02,40.41,46.25,22.16,5.26,851.0,48.0,Root_Rot
18.19,60.48,37.25,26.0,16.27,15.53,6.1,848.2,37.22,Healthy
26.71,85.95,39.17,46.06,22.59,22.7,7.41,387.7,44.24,Bacterial_Leaf_Spot
15.52,73.37,36.24,21.51,44.58,36.72,6.11,231.8,46.99,Healthy
15.88,73.02,13.2,31.9,14.77,33.97,5.63,213.6,29.42,Healthy
11.9,61.95,58.15,38.02,21.88,41.63,5.37,661.5,48.24,Root_Rot
14.56,39.72,58.66,33.35,41.74,21.97,5.19,842.1,43.7,Root_Rot
31.0,83.31,20.0,15.21,39.74,36.75,7.21,356.3,39.88,Root_Rot
15.37,89.43,57.27,45.06,47.92,20.69,6.65,790.2,51.67,Powdery_Mildew
24.38,39.96,32.56,30.94,26.52,16.76,7.96,504.8,37.79,Healthy
31.43,24.72,17.54,30.78,31.73,33.87,5.61,558.6,31.17,Healthy
21.78,90.29,42.18,22.54,16.21,31.78,7.54,274.2,40.91,Powdery_Mildew
18.99,92.62,52.84,18.52,13.94,14.55,7.04,579.1,39.89,Rust
17.71,89.07,58.54,25.17,22.48,26.68,8.11,338.7,44.52,Rust
37.55,91.09,13.81,16.79,44.3,30.72,4.91,809.5,35.47,Early_Blight
40.41,39.09,54.39,11.7,27.45,11.98,5.55,419.1,35.37,Root_Rot
26.95,78.4,21.93,29.32,34.0,10.2,5.59,871.5,42.88,Early_Blight
15.19,54.16,10.77,29.36,33.11,46.59,6.01,981.1,35.13,Healthy
36.49,83.78,30.11,27.65,41.67,46.14,4.9,1007.2,40.77,Early_Blight
39.68,47.76,33.77,24.8,26.49,20.0,7.71,590.8,37.62,Healthy
19.99,84.98,63.54,17.77,14.45,29.23,7.32,642.4,47.46,Rust
21.08,87.98,54.02,41.86,39.52,19.46,7.91,429.9,45.31,Rust
19.56,43.16,19.72,42.25,23.42,14.71,7.86,246.3,38.11,Healthy
31.39,95.37,36.69,42.67,17.57,18.32,7.74,253.0,44.3,Bacterial_Leaf_Spot
30.71,72.71,59.27,34.24,43.67,44.09,5.44,758.6,46.16,Rust
29.37,90.99,38.78,43.64,18.72,21.15,7.61,337.8,45.5,Bacterial_Leaf_Spot
21.18,49.37,55.79,28.77,19.81,21.7,5.06,258.9,29.15,Root_Rot
28.66,80.95,40.63,20.05,28.31,27.38,7.34,885.0,42.46,Early_Blight
32.98,47.17,52.37,36.67,17.77,16.38,5.5,614.6,34.12,Root_Rot
34.88,55.04,11.31,24.8,36.85,28.17,7.72,701.9,40.67,Healthy
13.72,44.71,64.72,20.45,37.35,13.09,5.44,698.8,39.57,Root_Rot
28.23,34.7,52.35,31.16,23.56,14.46,5.1,467.6,36.32,Root_Rot
30.29,63.14,63.13,45.19,41.23,36.29,5.3,406.7,46.73,Root_Rot
28.66,43.78,30.78,46.63,36.2,28.55,6.64,976.1,35.0,Healthy
35.2,77.35,16.19,32.22,19.79,14.95,5.69,879.7,34.74,Early_Blight
29.31,48.98,61.92,39.47,21.55,15.08,4.94,696.2,43.72,Root_Rot
41.5,79.62,13.79,33.32,29.02,45.29,5.22,597.7,31.18,Early_Blight
21.27,87.9,38.25,30.33,21.57,13.84,6.18,318.8,42.86,Powdery_Mildew
18.89,30.21,59.7,24.56,36.18,44.91,5.06,605.0,36.07,Root_Rot
31.24,78.3,52.13,32.97,21.1,16.11,6.3,411.5,49.83,Early_Blight
23.28,88.81,11.06,30.66,12.93,25.03,5.56,321.4,31.31,Powdery_Mildew
30.74,61.7,14.06,15.02,16.07,47.88,6.82,970.3,42.7,Healthy
36.11,88.76,9.83,25.88,15.08,38.19,7.73,499.8,35.67,Early_Blight
25.26,84.42,15.25,45.11,30.94,23.12,7.52,389.5,38.7,Bacterial_Leaf_Spot
24.65,83.64,51.95,21.95,46.98,25.91,6.02,578.3,47.0,Early_Blight
21.55,68.01,30.36,20.09,37.59,20.27,6.04,568.4,32.56,Healthy
40.8,71.83,36.59,25.79,29.6,15.41,8.17,805.5,43.4,Early_Blight
21.53,84.18,52.0,14.11,26.79,31.98,6.29,267.1,38.37,Powdery_Mildew
28.03,62.14,55.67,23.91,34.75,42.48,4.99,367.9,36.39,Root_Rot
12.36,61.06,50.8,17.74,12.12,17.11,4.96,826.0,31.42,Root_Rot
29.19,89.55,23.01,46.86,12.73,13.0,7.45,449.6,41.64,Bacterial_Leaf_Spot
15.94,92.44,53.76,42.6,32.63,31.92,6.61,857.1,57.18,Bacterial_Leaf_Spot
38.65,88.43,21.91,24.06,28.35,46.73,6.58,551.4,32.16,Root_Rot
38.02,68.81,53.33,32.14,29.61,21.32,5.28,846.0,43.26,Root_Rot
20.74,52.67,57.76,16.24,39.19,24.67,8.12,489.6,46.65,Healthy
16.27,92.54,54.95,17.86,35.55,45.43,6.17,662.0,40.21,Rust
34.67,92.35,45.11,30.12,27.38,28.38,5.88,540.0,32.73,Early_Blight
28.23,87.88,57.61,38.45,41.72,32.15,8.13,302.9,51.01,Bacterial_Leaf_Spot
21.9,83.11,26.67,30.67,22.87,36.3,7.46,290.3,48.3,Powdery_Mildew
33.48,84.02,66.63,49.08,30.24,19.47,7.41,927.3,59.61,Bacterial_Leaf_Spot
28.53,49.45,9.85,17.45,45.36,33.3,6.09,736.0,31.54,Healthy
23.52,89.15,39.93,32.93,16.72,48.44,6.04,272.9,39.38,Powdery_Mildew
14.77,87.5,59.45,14.78,12.13,47.91,6.51,471.6,45.49,Rust
36.04,77.73,49.96,32.49,24.32,34.57,7.07,502.0,51.73,Early_Blight
35.47,56.74,64.23,15.34,39.32,29.77,5.1,494.5,34.98,Root_Rot
20.94,82.4,20.17,46.92,23.87,14.82,7.31,238.8,42.02,Powdery_Mildew
21.04,89.38,45.93,24.24,23.74,39.43,7.65,316.1,45.3,Powdery_Mildew
15.94,91.25,12.83,24.09,44.47,19.93,7.88,353.3,39.6,Early_Blight
18.39,24.25,56.74,12.62,38.3,50.62,7.16,370.6,47.31,Healthy
41.79,85.8,29.58,43.94,22.57,43.06,8.11,269.6,49.59,Bacterial_Leaf_Spot
39.32,74.26,22.83,30.14,39.29,16.58,5.77,550.2,37.77,Early_Blight
17.13,65.6,37.82,22.19,39.57,35.47,6.42,834.4,46.84,Healthy
38.68,88.49,38.28,41.69,48.97,48.4,8.16,925.2,58.2,Bacterial_Leaf_Spot
20.12,83.99,39.3,25.67,25.11,41.6,7.22,249.1,46.66,Powdery_Mildew
26.73,55.2,19.48,33.68,36.1,13.04,5.14,923.6,34.84,Healthy
36.7,43.73,7.11,20.91,18.53,19.21,5.05,668.6,28.88,Healthy
20.46,90.57,63.63,26.67,11.49,13.08,5.95,657.9,40.69,Rust
39.91,55.53,62.68,47.82,31.49,42.77,7.85,517.6,56.81,Healthy
22.11,79.29,62.69,48.19,24.12,21.35,7.64,347.4,56.52,Healthy
13.64,67.58,64.61,13.69,19.89,15.69,5.72,505.5,42.03,Root_Rot
20.12,87.27,34.84,38.39,11.36,33.94,7.65,437.1,53.64,Healthy
26.22,53.08,11.04,46.58,47.14,46.94,7.45,429.7,49.54,Healthy
34.57,39.83,15.92,46.56,33.88,16.81,4.91,912.8,30.23,Healthy
22.46,89.79,56.22,38.9,28.04,29.52,7.52,709.4,46.85,Rust
34.39,85.93,46.01,32.95,19.43,26.71,6.91,341.7,48.68,Early_Blight
32.36,86.52,21.72,46.92,37.09,47.08,7.66,757.2,55.04,Bacterial_Leaf_Spot
26.55,54.37,47.97,22.72,24.2,45.51,7.8,925.6,51.8,Healthy
21.25,91.43,49.81,20.73,22.28,41.0,7.74,295.2,48.84,Powdery_Mildew
37.76,82.75,19.88,13.51,22.58,13.86,5.6,728.4,30.63,Early_Blight
28.2,38.85,18.12,41.11,35.3,20.82,5.0,305.3,30.6,Healthy
24.43,62.44,12.86,21.56,43.18,17.6,7.23,331.0,41.5,Healthy
38.82,72.62,9.04,33.12,31.7,45.88,6.75,884.8,41.1,Early_Blight
29.92,70.58,22.2,10.56,35.17,16.36,7.74,968.4,40.67,Early_Blight
33.62,92.7,41.14,29.71,19.42,27.16,5.86,776.2,36.23,Early_Blight
26.67,41.18,31.98,41.62,10.61,43.25,5.66,673.1,36.08,Healthy
31.58,93.91,21.91,23.86,44.79,29.0,5.26,411.7,41.53,Early_Blight
27.8,61.29,43.9,42.04,18.02,25.26,8.19,781.0,54.15,Healthy
16.76,52.21,20.79,43.28,11.16,24.16,7.96,487.2,34.56,Healthy
37.08,94.12,38.09,18.06,33.63,32.65,5.4,424.2,40.69,Early_Blight
16.16,92.42,10.29,23.52,33.34,44.48,5.6,422.2,34.92,Healthy
25.13,71.24,18.85,33.19,22.95,19.16,6.43,222.4,29.48,Early_Blight
34.64,55.6,57.86,18.88,16.37,17.7,5.32,625.1,35.21,Root_Rot
24.41,68.62,11.97,9.48,19.29,29.33,6.93,605.6,35.06,Early_Blight
20.57,85.84,40.58,42.13,14.22,22.43,6.62,218.3,37.11,Powdery_Mildew
19.24,90.57,44.9,20.17,29.6,22.24,5.26,950.0,41.01,Healthy
25.8,80.49,28.57,22.21,33.47,22.94,8.11,262.1,38.21,Powdery_Mildew
22.26,92.07,39.05,12.95,13.66,13.12,6.12,264.2,35.63,Powdery_Mildew
16.68,89.83,48.36,29.54,24.36,18.49,8.11,584.0,45.44,Rust
39.07,39.88,59.45,14.29,10.87,24.73,7.15,978.0,49.01,Healthy
14.03,66.76,33.67,16.89,24.04,38.31,6.03,398.3,35.33,Healthy
19.55,88.65,54.56,20.79,32.06,14.96,6.52,804.8,46.95,Rust
29.3,85.67,19.17,48.13,11.82,44.97,7.74,265.1,42.2,Bacterial_Leaf_Spot
12.63,35.15,54.43,23.16,39.74,37.65,5.18,300.2,35.17,Root_Rot
34.05,92.79,42.1,45.35,14.81,19.85,7.64,953.1,42.61,Bacterial_Leaf_Spot
29.33,88.64,21.16,50.24,14.9,18.53,7.83,288.1,39.33,Bacterial_Leaf_Spot
40.59,87.06,15.2,30.28,30.14,42.0,7.52,701.9,38.72,Root_Rot
25.43,85.82,20.16,45.48,14.55,34.27,7.82,341.2,41.61,Powdery_Mildew
40.24,77.79,44.11,47.2,34.78,34.83,6.45,303.3,39.12,Healthy
41.74,71.61,41.75,32.29,48.39,36.98,4.89,822.9,44.96,Early_Blight
38.44,91.37,23.76,46.14,42.91,28.2,7.6,480.0,45.27,Bacterial_Leaf_Spot
40.95,94.08,29.93,19.05,45.3,45.58,5.62,983.9,35.02,Early_Blight
19.17,45.82,51.84,33.23,43.31,34.22,6.12,733.3,47.04,Healthy
21.48,32.52,57.45,21.1,24.17,42.76,4.9,314.3,39.22,Root_Rot
15.84,42.27,48.06,46.47,11.09,22.24,6.35,827.9,43.99,Healthy
35.63,88.01,10.82,17.78,26.53,32.2,8.16,783.4,45.65,Early_Blight
22.09,92.22,20.48,46.52,33.9,28.75,7.74,310.5,36.29,Powdery_Mildew
18.02,95.53,53.62,33.33,10.07,22.61,5.09,253.1,38.86,Root_Rot
20.61,31.25,21.2,41.93,21.53,30.66,5.03,367.5,30.28,Healthy
32.76,84.89,56.52,45.18,32.08,24.48,7.81,292.1,46.76,Bacterial_Leaf_Spot
32.1,91.14,38.36,26.86,31.13,17.53,7.55,413.1,40.82,Early_Blight
28.3,84.11,23.82,46.82,35.26,25.22,7.98,720.9,42.07,Bacterial_Leaf_Spot
24.16,87.62,43.22,46.32,18.28,27.6,7.61,258.4,38.97,Powdery_Mildew
33.94,78.89,31.03,29.57,36.4,29.83,5.33,302.2,30.82,Early_Blight
32.81,39.84,20.69,25.89,10.92,40.2,7.9,642.6,43.11,Healthy
40.6,59.68,39.94,25.84,16.13,27.48,6.79,302.8,36.82,Healthy
19.02,88.44,57.77,48.31,29.73,19.73,6.4,809.2,50.46,Rust
39.22,58.42,52.45,43.32,24.32,19.26,5.89,569.7,41.84,Healthy
30.75,46.59,40.7,43.38,48.93,13.04,5.17,564.9,41.3,Healthy
18.5,92.45,51.0,26.11,25.24,14.86,7.09,531.6,40.6,Rust
27.37,36.5,50.07,49.68,35.27,41.92,5.71,619.5,51.38,Healthy
26.54,72.97,50.01,23.61,36.86,15.49,6.15,312.9,46.46,Early_Blight
41.49,60.96,10.88,40.89,19.04,32.77,6.74,227.5,30.65,Healthy
23.84,88.25,64.61,11.53,10.21,37.99,7.07,654.6,43.65,Powdery_Mildew
12.96,57.31,48.11,18.52,28.38,13.19,5.21,896.7,43.66,Healthy
12.67,85.74,58.91,49.74,46.49,19.91,7.34,382.1,48.04,Rust
21.28,51.79,16.79,44.09,13.33,38.06,7.33,619.2,44.71,Healthy
25.23,49.26,34.99,32.46,18.12,35.61,7.3,557.2,44.07,Healthy
39.53,24.01,18.08,31.5,39.76,15.36,5.99,804.9,35.34,Healthy
28.17,61.12,27.87,21.42,28.84,47.07,7.72,351.5,40.36,Healthy
21.09,51.09,50.55,36.58,22.79,12.29,5.09,461.1,30.77,Root_Rot
11.66,82.21,59.57,12.11,25.43,30.74,7.78,218.8,46.69,Rust
13.07,94.89,13.11,23.42,34.35,46.48,6.03,722.2,40.8,Healthy
26.19,85.62,60.51,45.41,39.7,27.3,7.83,400.0,59.23,Bacterial_Leaf_Spot
15.89,33.2,50.11,47.94,50.84,22.73,6.8,723.2,50.69,Healthy
41.93,27.26,37.24,24.1,12.48,34.44,5.52,480.8,32.35,Healthy
33.25,72.27,27.38,36.48,43.74,14.14,7.07,887.1,41.42,Healthy
29.09,88.47,61.73,40.46,19.76,24.26,6.56,670.1,50.21,Healthy
41.78,95.59,15.78,28.75,46.75,17.51,6.88,742.8,34.52,Early_Blight
19.37,34.59,38.65,11.13,10.44,45.79,6.2,808.5,38.63,Healthy
23.17,90.02,52.2,25.74,45.26,25.17,6.84,241.3,40.47,Powdery_Mildew
11.84,94.38,57.46,42.89,27.41,15.92,6.77,468.4,42.46,Rust
22.48,82.78,56.88,47.67,31.7,45.85,6.79,227.4,44.86,Powdery_Mildew
22.01,85.45,32.05,29.94,39.29,18.57,6.49,421.7,34.87,Healthy
21.79,37.54,56.08,21.49,36.17,46.44,4.99,623.6,45.9,Root_Rot
20.34,83.6,38.28,44.94,31.39,16.23,5.67,238.5,38.37,Powdery_Mildew
30.3,84.85,25.45,33.48,43.75,20.77,7.68,621.2,44.3,Early_Blight
22.3,91.27,33.57,26.88,35.04,23.94,6.82,255.5,35.6,Powdery_Mildew
25.07,83.32,41.58,48.68,47.54,19.24,7.86,292.5,52.92,Powdery_Mildew
38.47,89.85,57.99,39.74,22.91,26.29,5.2,534.7,45.05,Root_Rot
37.23,62.11,46.97,30.86,34.98,40.28,8.09,732.3,43.23,Healthy
17.58,71.73,46.76,26.54,27.74,16.01,5.81,205.4,43.81,Healthy
16.52,79.87,58.16,24.42,27.83,23.21,5.56,570.3,44.94,Root_Rot
18.42,88.46,62.09,44.95,17.33,24.0,7.84,372.4,52.58,Rust
23.26,88.4,33.81,27.62,34.26,23.46,6.56,299.7,31.82,Powdery_Mildew
35.93,33.4,22.92,20.52,21.68,15.55,5.38,534.6,29.12,Healthy
20.64,87.89,31.54,19.49,17.55,51.26,6.37,255.6,43.02,Powdery_Mildew
17.56,59.02,62.75,39.29,23.52,14.17,5.56,846.7,45.14,Root_Rot
16.8,74.56,57.2,40.35,23.25,50.02,6.28,298.2,39.69,Healthy
32.57,62.73,16.1,31.2,42.49,17.55,7.52,506.7,39.98,Healthy
26.85,68.24,30.46,13.56,48.93,34.09,7.3,253.2,42.28,Early_Blight
19.53,93.27,64.6,25.12,44.59,26.14,6.43,356.4,51.84,Rust
29.25,77.51,53.23,35.46,46.38,20.34,7.94,856.4,54.3,Bacterial_Leaf_Spot
22.72,82.09,17.62,22.09,32.15,25.22,7.06,568.7,33.32,Healthy
36.74,80.94,64.77,46.25,29.53,33.63,8.01,972.4,52.18,Bacterial_Leaf_Spot
39.04,85.23,47.01,45.63,29.32,36.03,7.67,201.2,50.96,Bacterial_Leaf_Spot
13.76,95.19,58.73,18.75,36.89,11.4,6.16,405.4,38.05,Rust
25.78,64.73,18.72,30.95,19.9,32.38,7.1,481.8,36.73,Healthy
21.0,83.28,16.57,47.91,28.15,14.82,7.45,236.4,39.16,Powdery_Mildew
27.03,87.26,14.14,36.14,21.16,27.83,7.43,669.5,45.21,Bacterial_Leaf_Spot
31.48,81.61,23.84,10.48,48.69,20.93,5.55,657.4,31.19,Early_Blight
13.67,46.4,17.36,38.92,38.54,27.43,7.69,846.7,48.65,Healthy
23.05,91.25,17.02,48.55,33.72,26.4,7.82,308.9,40.95,Powdery_Mildew
12.43,37.67,36.57,16.76,25.28,20.05,8.03,424.3,41.4,Healthy
16.01,68.02,30.54,22.63,17.3,29.55,7.89,705.4,36.84,Healthy
12.48,93.83,51.68,30.0,31.73,20.2,5.48,865.7,41.89,Root_Rot
32.35,87.08,24.33,50.02,31.77,40.83,7.64,465.7,42.12,Bacterial_Leaf_Spot
22.82,76.79,60.66,40.85,44.59,20.9,5.12,846.6,43.35,Root_Rot
34.29,40.46,37.41,35.15,10.66,45.54,6.65,570.7,43.75,Healthy
28.76,79.06,29.19,16.44,32.57,13.33,7.53,1029.8,37.93,Early_Blight
27.26,63.24,65.44,37.68,41.06,45.83,5.21,319.0,41.61,Root_Rot
21.06,82.33,41.67,22.75,38.63,33.98,7.64,270.8,46.09,Powdery_Mildew
21.36,83.74,57.15,15.75,23.75,37.84,7.65,644.7,51.51,Early_Blight
12.57,93.16,59.63,17.2,49.16,18.97,4.82,627.0,39.24,Root_Rot
31.67,73.81,48.24,27.13,22.84,35.44,6.14,612.3,36.44,Early_Blight
22.5,46.82,14.71,35.87,42.67,33.29,7.54,546.5,42.11,Powdery_Mildew
23.14,41.46,24.82,11.41,30.91,37.69,6.54,899.8,39.77,Healthy
18.36,87.67,59.9,19.99,26.94,48.69,6.78,453.9,45.63,Rust
26.85,82.22,8.07,25.99,38.97,48.59,6.23,565.6,34.94,Early_Blight
22.85,29.89,18.85,46.17,15.27,39.31,6.8,317.5,33.47,Healthy
13.43,89.17,56.0,24.82,32.41,46.27,6.07,717.5,46.75,Rust
32.92,84.94,50.35,46.32,15.1,45.15,7.34,806.2,51.87,Bacterial_Leaf_Spot
32.66,91.56,61.79,47.42,40.4,23.83,5.35,425.0,50.54,Root_Rot
17.04,85.12,53.97,18.04,44.99,28.76,7.06,293.6,42.46,Rust
20.05,62.22,30.06,46.5,36.44,30.47,6.09,589.9,40.58,Healthy
23.16,60.1,63.19,39.65,30.89,41.0,4.97,705.6,49.95,Root_Rot
27.06,62.22,22.28,31.07,15.93,17.43,6.87,742.4,35.13,Healthy
27.73,25.97,30.69,19.56,48.72,33.89,5.1,1002.0,40.31,Healthy
13.95,42.73,10.84,44.99,30.65,22.96,6.72,806.3,44.0,Healthy
39.52,92.59,41.97,35.26,10.23,50.01,4.87,566.0,46.9,Healthy
25.24,24.83,60.26,34.96,23.52,33.0,5.07,763.7,37.88,Root_Rot
35.6,54.74,39.54,36.44,21.54,45.21,6.38,468.2,44.51,Healthy
24.18,87.43,10.45,39.98,37.51,34.29,7.72,674.4,45.84,Root_Rot
26.51,34.81,11.32,34.06,42.7,23.35,7.91,332.3,45.24,Healthy
16.16,52.79,56.57,34.71,41.25,25.6,5.4,234.0,39.09,Root_Rot
25.65,75.45,12.91,43.76,41.96,13.64,7.93,330.1,39.46,Bacterial_Leaf_Spot
18.39,44.36,47.41,14.4,21.42,21.22,4.97,498.5,29.47,Healthy
23.78,82.63,61.5,42.01,37.12,38.66,6.71,247.0,49.95,Powdery_Mildew
19.31,55.13,55.34,26.93,11.45,22.92,5.65,396.4,37.07,Root_Rot
33.6,80.02,31.48,44.74,16.4,21.34,7.78,583.9,42.07,Bacterial_Leaf_Spot
25.21,33.34,56.32,21.58,26.14,41.41,5.48,807.2,34.2,Root_Rot
19.07,83.55,55.06,32.02,31.3,12.9,6.26,373.6,44.08,Rust
27.77,72.57,11.53,29.02,37.22,32.27,6.56,458.1,30.09,Early_Blight
34.52,68.35,36.67,18.48,36.27,33.44,4.86,369.2,31.97,Early_Blight
32.95,79.19,27.15,31.85,32.35,25.99,6.28,498.0,40.05,Powdery_Mildew
35.61,49.33,51.77,29.33,40.0,33.32,7.13,218.9,42.3,Healthy
30.22,92.73,17.78,37.97,12.53,25.37,5.21,285.6,32.16,Healthy
12.68,40.36,51.2,32.46,36.3,12.44,5.45,244.8,24.78,Root_Rot
13.5,88.93,64.36,27.38,18.97,47.12,6.78,247.3,49.42,Rust
33.77,90.99,61.57,10.78,49.94,35.86,5.67,350.1,39.92,Root_Rot
31.54,90.49,27.79,23.78,29.77,14.66,6.71,776.4,37.81,Early_Blight
23.55,90.2,20.81,12.45,41.56,30.2,5.52,277.2,31.51,Powdery_Mildew
34.38,81.33,52.99,33.47,31.35,36.24,5.39,892.8,42.93,Root_Rot
27.14,27.18,55.25,30.94,37.69,18.62,5.29,979.0,36.96,Root_Rot
13.07,83.99,58.92,46.66,45.38,13.91,7.58,693.6,48.55,Rust
21.63,92.8,11.32,23.39,47.58,10.97,5.09,224.7,35.96,Powdery_Mildew
25.72,52.4,63.52,19.67,30.94,32.23,5.5,495.6,42.65,Root_Rot
35.05,86.83,12.82,23.62,32.46,30.39,7.25,436.9,42.6,Early_Blight
27.02,55.11,53.91,40.42,16.38,50.8,5.1,649.1,46.37,Root_Rot
32.3,77.08,45.81,45.17,30.62,29.46,7.58,646.1,49.57,Bacterial_Leaf_Spot
32.54,69.21,59.31,27.67,25.6,41.98,5.3,509.5,44.83,Root_Rot
17.34,60.21,19.57,30.94,48.14,35.22,7.72,342.2,41.96,Healthy
40.6,71.42,14.05,33.11,35.97,25.56,5.82,704.1,36.59,Early_Blight
21.11,83.72,38.93,47.29,39.53,19.63,5.22,239.2,39.02,Powdery_Mildew
14.86,60.46,10.62,10.34,19.79,31.3,5.03,255.5,23.08,Healthy
31.84,76.11,45.61,45.3,29.89,30.1,7.47,657.7,46.78,Bacterial_Leaf_Spot
23.08,46.62,34.65,10.62,16.84,23.26,7.04,543.3,35.09,Healthy
35.19,94.04,29.33,18.06,28.06,11.72,5.2,938.0,31.06,Early_Blight
20.62,38.84,27.55,31.25,10.64,39.67,7.91,969.8,41.44,Healthy
22.36,93.77,57.14,40.17,20.63,32.07,7.66,884.6,41.75,Rust
33.19,69.78,26.83,14.75,18.83,37.35,4.86,738.7,31.36,Early_Blight
22.86,77.31,62.1,15.51,40.21,26.3,5.19,461.7,36.52,Root_Rot
17.99,84.45,56.86,24.84,49.32,14.5,5.99,542.4,41.26,Rust
21.48,90.94,31.67,42.94,28.87,32.02,6.34,319.0,41.15,Powdery_Mildew
26.31,82.22,10.85,30.81,29.11,18.36,5.97,853.8,31.34,Early_Blight
29.16,69.14,32.13,26.89,38.59,45.75,5.98,950.9,45.12,Early_Blight
23.2,84.88,35.65,27.94,35.16,28.85,7.23,288.5,39.53,Powdery_Mildew
27.19,90.42,10.34,49.59,11.34,26.79,7.81,1000.9,40.96,Bacterial_Leaf_Spot
28.23,93.87,44.49,28.26,36.28,23.47,6.17,210.7,42.86,Early_Blight
30.58,80.37,64.85,14.81,44.29,25.22,6.61,676.6,48.12,Early_Blight
15.82,86.68,52.14,25.89,15.0,33.25,6.2,830.7,42.98,Rust
36.77,31.04,64.29,20.49,47.07,34.4,5.56,571.9,51.7,Root_Rot
14.79,28.26,55.97,21.36,13.41,37.36,5.31,512.6,26.86,Root_Rot
42.15,77.1,26.75,32.86,35.31,12.22,5.2,279.4,30.38,Early_Blight
24.78,86.02,45.44,47.74,46.5,21.29,7.78,265.2,48.04,Powdery_Mildew
35.45,86.83,43.51,46.72,31.07,37.33,7.35,864.8,46.7,Bacterial_Leaf_Spot
35.62,72.74,32.59,18.37,33.0,28.18,5.81,847.8,36.15,Early_Blight
35.24,55.54,54.75,9.73,31.18,21.78,5.34,656.8,38.26,Root_Rot
28.79,84.18,50.72,46.08,24.63,12.38,7.63,502.0,48.63,Bacterial_Leaf_Spot
23.22,46.02,47.41,27.09,33.89,47.16,7.83,444.0,52.13,Healthy
18.44,70.22,60.43,21.37,27.54,47.75,5.18,833.5,45.3,Root_Rot
29.9,49.9,49.74,21.62,35.51,14.31,7.89,553.3,39.47,Bacterial_Leaf_Spot
35.42,78.25,26.17,19.02,15.85,20.21,7.48,990.2,38.62,Early_Blight
14.38,84.37,57.26,31.34,32.56,17.33,6.0,348.5,46.72,Rust
31.54,25.7,14.13,31.7,43.05,26.18,7.13,253.7,37.64,Healthy
15.65,44.17,55.12,41.15,35.1,10.57,4.99,271.5,35.33,Root_Rot
22.17,91.3,56.66,21.56,43.69,39.92,5.98,877.3,49.86,Rust
24.2,73.28,62.09,19.06,14.27,45.03,5.07,778.3,42.45,Root_Rot
16.75,88.5,50.38,36.98,29.46,19.86,7.11,964.2,43.81,Rust
32.96,71.62,53.96,13.75,12.95,16.24,5.28,305.9,32.78,Root_Rot
18.03,51.51,59.48,27.84,17.41,37.21,5.13,637.2,35.33,Root_Rot
27.11,79.67,47.78,31.66,18.58,28.52,6.7,338.5,41.93,Early_Blight
16.96,91.62,58.1,22.49,43.0,46.06,7.85,359.9,58.37,Rust
28.3,51.46,17.84,26.34,15.22,34.17,7.37,202.6,30.67,Healthy
41.4,81.9,40.88,11.63,41.37,49.18,8.04,734.5,50.2,Early_Blight
21.59,86.31,23.53,21.82,39.76,28.85,4.83,323.9,34.94,Powdery_Mildew
39.09,80.11,29.34,11.79,46.0,43.64,5.86,798.7,41.52,Early_Blight
27.98,77.47,45.81,22.47,10.0,39.24,8.02,567.0,45.84,Early_Blight
31.74,64.17,47.14,23.13,9.82,40.75,5.96,299.4,39.49,Healthy
25.73,77.57,7.68,33.26,24.84,12.94,5.61,198.9,28.62,Rust
27.98,44.69,11.02,29.77,24.72,37.43,7.76,769.5,43.58,Healthy
15.12,44.5,58.31,43.6,44.24,32.1,5.15,680.2,45.8,Root_Rot
30.3,89.31,10.44,46.64,43.36,14.75,7.24,865.6,46.64,Bacterial_Leaf_Spot
34.79,70.87,63.66,46.31,31.19,22.05,5.54,876.0,57.93,Root_Rot
23.3,90.1,29.98,47.48,29.05,16.84,7.73,228.3,38.38,Powdery_Mildew
20.99,86.79,57.04,17.01,13.44,40.22,6.51,250.6,42.5,Powdery_Mildew
16.26,94.29,60.56,25.93,23.84,44.06,5.35,749.8,48.46,Root_Rot
18.71,65.52,62.14,26.34,32.33,11.77,5.46,756.9,42.23,Root_Rot
25.31,89.88,62.39,47.17,12.88,48.14,7.94,228.0,54.65,Powdery_Mildew
28.86,73.99,45.82,12.54,16.37,21.64,4.85,526.5,32.94,Early_Blight
14.64,32.37,58.55,25.9,27.43,48.19,4.88,473.8,38.58,Root_Rot
28.6,85.65,53.31,47.68,42.39,21.79,7.42,880.3,59.15,Bacterial_Leaf_Spot
36.9,81.99,61.43,34.55,48.99,26.44,5.34,758.4,55.09,Root_Rot
27.02,57.74,20.73,29.67,45.0,45.52,6.68,445.5,37.66,Healthy
14.67,89.38,54.45,21.68,45.54,46.0,7.82,535.9,48.33,Rust
28.49,57.42,62.97,23.46,20.51,50.11,5.02,213.6,38.92,Root_Rot
39.34,26.96,44.03,21.26,30.97,38.68,7.8,968.1,52.97,Healthy
23.05,88.55,57.69,17.69,46.2,50.35,7.5,875.2,60.61,Rust
13.1,40.04,21.33,11.24,18.16,16.92,6.24,389.0,24.9,Healthy
40.48,56.73,43.52,33.15,17.42,29.93,7.38,220.1,36.06,Healthy
15.07,88.38,46.62,22.49,24.42,33.14,5.08,219.6,37.32,Healthy
17.88,89.73,16.72,35.53,32.78,44.67,6.45,470.4,46.1,Healthy
30.04,90.32,13.08,23.71,40.56,27.69,5.23,445.3,34.58,Early_Blight
15.75,30.68,54.9,29.5,29.74,26.97,5.55,621.4,43.83,Root_Rot
19.12,90.01,59.13,15.98,17.77,22.51,7.43,582.3,44.36,Rust
27.09,57.28,53.57,47.5,16.99,17.32,5.27,222.4,39.47,Root_Rot
35.31,82.21,40.27,42.56,25.33,31.63,6.2,640.4,42.38,Healthy
29.08,70.85,17.1,18.79,41.68,36.36,6.5,868.4,44.19,Early_Blight
20.78,91.18,48.24,17.1,11.82,47.83,5.77,756.6,40.67,Rust
36.56,82.68,21.19,37.67,37.11,15.37,7.02,793.4,43.14,Healthy
32.09,89.74,49.13,47.01,41.95,42.14,7.66,552.9,55.41,Bacterial_Leaf_Spot
35.43,54.31,15.49,24.63,23.53,24.21,7.75,597.5,39.14,Healthy
28.22,62.81,26.78,36.3,17.98,33.98,5.86,635.9,42.29,Healthy
19.74,30.69,25.61,25.37,20.34,39.1,5.43,407.5,25.05,Healthy
12.28,26.03,44.59,50.38,24.81,31.75,7.8,721.5,54.82,Healthy
21.93,90.01,21.35,44.28,19.4,15.63,5.89,243.9,34.36,Powdery_Mildew
17.57,60.06,57.68,35.94,17.77,36.57,5.19,949.9,48.32,Root_Rot
21.09,87.1,55.47,16.45,22.41,41.88,6.5,700.9,48.76,Rust
36.44,56.57,8.89,16.04,18.45,26.09,6.41,735.6,34.53,Healthy
20.67,39.06,6.19,33.99,9.8,29.22,5.13,406.7,22.93,Healthy
33.48,56.76,22.01,45.65,17.98,24.38,5.2,380.6,37.07,Healthy
16.96,46.34,24.75,18.19,27.96,35.33,6.85,826.1,46.58,Healthy
31.11,86.57,59.91,38.23,16.63,37.73,6.31,838.8,46.89,Healthy
31.85,87.52,19.47,47.5,24.29,46.93,7.8,959.6,48.85,Bacterial_Leaf_Spot
33.06,87.01,20.23,15.64,13.58,31.54,7.18,597.5,35.66,Early_Blight
20.74,76.93,59.82,33.16,21.69,34.85,5.38,329.5,35.54,Root_Rot
16.23,30.63,52.06,30.16,37.81,33.58,7.69,221.7,44.92,Healthy
26.02,82.72,61.67,18.41,39.1,29.8,5.78,939.3,44.98,Early_Blight
19.42,59.02,17.8,42.06,26.09,42.39,6.05,508.9,35.04,Healthy
29.16,70.71,18.07,14.19,27.0,29.04,5.35,695.2,33.77,Early_Blight
17.95,91.69,12.36,43.62,27.01,33.62,8.18,456.7,46.96,Healthy
19.36,75.01,40.44,45.38,16.27,25.96,7.64,779.1,47.65,Healthy
26.3,81.25,54.16,18.79,28.82,27.08,6.78,621.4,51.56,Early_Blight
23.18,87.73,60.6,42.76,31.93,45.24,7.15,585.4,52.35,Rust
39.87,84.31,45.45,33.28,10.88,43.8,5.58,787.2,42.32,Early_Blight
25.68,59.7,22.97,31.93,14.64,17.92,6.84,766.3,42.48,Healthy
36.03,42.38,61.03,20.5,30.01,48.09,5.21,946.4,46.36,Root_Rot
28.12,84.53,8.9,46.36,14.73,33.42,7.63,477.0,45.62,Early_Blight
28.67,49.87,47.6,36.62,39.42,27.62,7.67,212.0,39.33,Healthy
41.12,68.68,33.1,24.27,19.63,27.46,6.58,700.7,40.06,Early_Blight
36.67,57.88,29.72,27.93,47.81,48.22,8.09,229.5,41.71,Healthy
29.35,86.32,36.95,49.01,37.98,47.78,7.73,314.5,50.23,Bacterial_Leaf_Spot
21.58,87.52,36.29,25.14,20.74,13.9,6.74,322.2,34.96,Powdery_Mildew
36.07,44.75,12.2,40.3,20.89,45.23,6.87,674.6,39.14,Healthy
28.22,85.7,31.56,30.17,14.61,19.55,6.45,300.1,33.96,Early_Blight
26.34,68.59,35.93,15.72,39.63,37.69,5.55,888.0,39.33,Early_Blight
30.71,48.36,60.35,22.73,43.15,20.84,5.76,785.1,50.98,Root_Rot
33.16,85.85,28.62,48.87,32.18,40.62,7.72,506.7,48.64,Bacterial_Leaf_Spot
24.31,36.59,22.46,26.72,29.51,30.42,6.94,609.3,33.66,Healthy
26.85,92.37,66.34,11.65,47.52,34.32,5.3,862.5,40.96,Root_Rot
38.05,68.51,54.71,10.4,40.49,43.26,6.16,460.1,39.4,Rust
21.56,92.12,28.93,45.61,17.47,20.91,5.97,226.9,32.02,Healthy
13.62,47.65,64.67,20.71,38.36,12.45,5.44,667.1,41.53,Root_Rot
12.07,93.09,23.24,49.11,17.08,15.72,6.9,489.2,35.84,Healthy
32.62,77.84,43.43,21.43,46.49,13.48,6.5,709.0,41.06,Early_Blight
36.7,89.0,58.22,13.6,40.17,45.97,5.38,865.5,45.29,Root_Rot
37.0,70.43,59.18,35.81,33.22,14.92,5.48,496.1,45.74,Root_Rot
14.43,51.84,7.68,46.96,25.69,39.4,7.94,609.6,32.59,Healthy
37.48,89.96,22.92,19.84,38.35,39.94,5.92,927.0,43.87,Early_Blight
17.25,47.98,62.82,27.85,26.37,14.22,5.2,283.9,42.11,Root_Rot
33.38,89.97,64.28,28.38,18.17,47.09,7.56,636.7,46.48,Early_Blight
16.01,87.06,18.55,27.34,45.33,32.82,5.51,790.4,33.28,Healthy
20.15,29.12,59.32,33.89,44.33,32.83,5.0,253.9,37.55,Root_Rot
22.58,93.21,55.47,16.13,41.81,46.4,7.86,297.3,46.27,Powdery_Mildew
24.6,88.16,17.35,33.47,32.42,43.84,7.8,346.9,39.61,Healthy
23.43,73.64,53.69,15.27,16.5,42.98,5.8,634.6,45.34,Root_Rot
30.44,67.17,51.84,17.35,48.87,24.99,6.64,844.5,48.87,Early_Blight
26.0,88.08,49.61,22.43,14.96,12.98,5.04,641.2,27.71,Early_Blight
38.77,27.4,28.18,14.06,35.74,19.17,6.35,821.0,42.23,Healthy
22.99,90.89,32.84,21.46,10.36,25.9,5.08,227.7,28.24,Powdery_Mildew
26.71,80.41,59.13,24.59,30.83,32.35,6.8,700.5,44.68,Early_Blight
25.42,37.17,62.37,16.02,49.7,36.44,5.13,879.8,41.27,Root_Rot
18.85,85.31,56.9,31.83,46.15,43.95,7.03,329.7,42.99,Rust
26.07,59.05,56.83,31.77,45.72,11.43,4.79,565.7,41.49,Root_Rot
28.61,89.72,18.31,48.38,42.06,44.01,7.54,758.7,50.12,Bacterial_Leaf_Spot
13.35,71.46,37.22,30.41,20.47,31.73,6.7,761.3,41.0,Healthy
37.91,77.85,13.38,29.23,29.19,19.27,6.93,781.1,37.99,Early_Blight
20.76,94.48,58.47,15.61,44.33,37.45,6.14,459.3,51.18,Rust
21.52,83.82,45.23,45.84,36.34,34.59,8.03,333.8,53.91,Powdery_Mildew
40.04,82.12,39.21,39.7,10.75,42.03,7.28,769.0,49.66,Bacterial_Leaf_Spot
25.62,82.62,36.44,49.51,38.58,47.88,7.97,317.5,49.14,Powdery_Mildew
29.32,83.8,28.43,47.05,39.05,40.82,7.5,766.6,48.5,Bacterial_Leaf_Spot
19.14,88.2,51.17,44.75,47.5,47.01,7.04,481.6,45.56,Rust
21.58,92.93,53.17,11.25,38.28,31.34,7.55,977.4,56.61,Rust
30.07,56.26,15.37,38.4,43.97,34.08,7.16,914.3,53.02,Healthy
25.3,87.29,56.23,24.67,18.58,13.46,7.55,294.2,42.33,Powdery_Mildew
24.23,48.13,49.29,41.92,35.85,14.15,6.19,925.8,50.09,Healthy
24.81,80.89,27.56,22.77,38.3,21.67,7.93,280.7,42.4,Powdery_Mildew
18.63,31.0,33.9,17.12,25.84,23.96,5.11,754.7,32.12,Healthy
18.0,62.7,56.34,32.58,16.49,33.62,5.2,923.4,36.5,Root_Rot
29.07,53.95,56.04,41.94,14.0,47.88,5.01,576.8,40.54,Root_Rot
35.05,60.86,60.52,19.98,48.51,21.72,5.43,683.6,32.87,Root_Rot
25.76,53.64,62.07,19.19,30.84,32.96,5.51,495.7,41.86,Root_Rot
26.43,68.32,56.2,28.13,11.08,48.4,7.07,466.3,49.24,Early_Blight
33.91,67.54,54.15,30.76,32.62,46.21,5.52,773.7,39.97,Root_Rot
33.45,67.66,28.79,13.26,35.43,13.93,7.82,900.0,39.2,Early_Blight
24.68,69.76,41.23,18.14,22.0,44.9,6.93,510.0,39.24,Early_Blight
14.77,44.32,48.37,44.32,10.24,25.89,5.87,904.3,41.77,Healthy
34.62,74.53,49.99,23.47,10.51,40.29,5.67,975.9,43.82,Powdery_Mildew
23.8,88.76,19.14,42.61,22.12,14.57,7.53,226.2,35.1,Powdery_Mildew
36.57,61.34,54.99,33.58,34.63,19.13,5.17,838.7,42.9,Root_Rot
33.63,43.95,52.7,47.01,26.15,36.12,7.23,584.9,52.57,Healthy
38.14,46.05,29.86,43.41,33.89,44.81,6.5,386.2,39.57,Healthy
22.28,83.56,62.18,44.21,21.03,28.64,5.71,454.9,49.03,Root_Rot
31.93,42.93,34.19,26.6,26.26,33.68,5.48,436.8,37.94,Healthy
24.77,81.17,28.59,23.05,37.67,20.67,7.87,277.9,39.62,Powdery_Mildew
26.47,89.55,15.53,47.13,41.36,36.54,7.68,767.4,58.91,Bacterial_Leaf_Spot
22.67,82.04,52.58,13.54,22.94,31.01,5.9,272.0,40.78,Powdery_Mildew
30.84,38.69,27.92,48.86,22.47,20.88,5.47,382.4,32.13,Bacterial_Leaf_Spot
22.52,87.0,22.61,13.81,32.75,32.76,6.3,305.1,41.88,Powdery_Mildew
38.96,44.38,55.99,16.56,38.71,16.71,4.97,780.7,40.5,Root_Rot
32.88,80.24,53.76,47.26,13.95,16.38,7.54,672.8,47.57,Bacterial_Leaf_Spot
26.15,92.91,62.89,39.99,16.15,22.56,7.68,355.6,45.55,Bacterial_Leaf_Spot
20.61,86.64,58.44,31.65,23.42,12.17,7.9,329.5,48.53,Powdery_Mildew
14.31,60.54,10.23,11.21,19.73,32.49,5.01,244.6,22.03,Healthy
25.87,70.6,63.39,30.25,30.55,37.22,5.04,670.2,45.0,Healthy
19.53,90.66,58.7,47.32,44.8,13.15,7.49,780.7,52.9,Rust
13.48,83.1,59.46,15.49,26.28,30.71,7.91,275.4,47.67,Rust
27.68,63.24,24.69,24.65,48.85,25.71,4.84,388.3,31.42,Healthy
12.75,91.51,55.37,21.72,32.25,38.93,6.13,614.1,41.36,Rust
23.61,62.72,35.41,20.41,48.07,47.61,7.77,496.6,49.12,Healthy
15.28,66.84,62.59,18.67,22.26,45.8,5.49,876.6,47.85,Rust
23.87,82.6,10.12,22.55,34.34,44.92,5.57,301.0,34.96,Powdery_Mildew
27.02,68.85,28.07,18.8,12.87,40.1,7.51,455.5,42.73,Early_Blight
37.07,86.75,41.34,46.84,13.69,16.07,7.34,986.7,50.13,Bacterial_Leaf_Spot
39.91,58.0,42.54,34.61,17.92,29.82,7.37,221.6,31.56,Healthy
13.98,82.34,55.8,25.04,41.74,32.51,7.33,978.9,55.63,Rust
21.84,42.25,42.29,33.77,26.96,30.18,5.49,978.5,42.75,Healthy
17.15,88.66,36.45,12.27,30.68,18.28,4.9,412.6,30.95,Healthy
20.68,84.11,55.01,44.81,48.17,46.15,7.01,429.4,52.07,Rust
21.32,88.93,37.79,38.46,14.03,36.02,6.65,227.2,40.54,Powdery_Mildew
29.62,93.56,31.92,30.87,26.86,31.55,7.4,440.8,40.95,Early_Blight
40.46,53.48,38.72,32.02,28.07,44.03,6.43,887.3,46.36,Healthy
32.76,92.65,23.71,42.85,25.74,27.84,7.38,455.5,37.88,Bacterial_Leaf_Spot
32.95,73.76,15.01,36.65,10.73,43.64,6.4,741.0,40.42,Healthy
31.33,50.12,62.71,30.45,48.77,21.32,7.73,796.2,60.93,Healthy
30.56,89.75,43.81,38.71,14.89,35.82,7.13,340.6,41.86,Healthy
23.38,53.95,64.6,45.67,18.95,21.31,5.8,885.5,44.05,Root_Rot
13.36,91.26,61.97,45.13,31.07,27.42,6.22,347.4,45.92,Rust
31.17,44.34,10.44,21.93,30.5,18.48,7.87,909.1,37.74,Healthy
21.14,90.51,56.28,39.35,28.31,43.73,7.68,750.4,50.23,Rust
16.45,46.73,25.14,12.15,40.82,33.98,7.8,865.9,37.36,Healthy
24.44,71.4,29.65,20.5,12.84,49.23,6.46,966.5,39.71,Early_Blight
32.63,86.06,61.48,48.53,26.64,29.56,6.83,271.8,45.09,Healthy
21.23,90.61,47.89,46.19,31.17,31.74,6.21,234.8,50.93,Powdery_Mildew
28.91,87.34,49.01,46.03,47.55,40.0,7.54,276.4,48.61,Bacterial_Leaf_Spot
16.87,30.16,60.32,32.15,46.14,44.12,5.06,299.5,43.02,Root_Rot
24.76,86.78,61.49,41.63,23.23,35.11,5.64,731.0,41.2,Root_Rot
24.93,66.43,44.14,28.56,16.51,40.02,7.03,952.3,46.17,Early_Blight
39.02,31.35,28.89,19.46,12.44,30.34,7.7,421.0,33.01,Healthy
21.54,83.44,55.65,32.53,31.96,14.06,7.07,405.9,42.69,Early_Blight
16.83,35.17,50.07,47.47,33.59,31.73,5.43,685.0,35.61,Root_Rot
24.74,81.27,34.59,48.64,38.55,43.02,7.63,329.3,46.59,Powdery_Mildew
40.56,57.94,60.12,44.49,29.2,41.53,4.95,871.7,42.55,Root_Rot
21.29,88.7,60.55,46.42,12.95,35.97,6.73,793.3,44.06,Rust
37.85,71.9,12.76,22.82,24.82,46.76,5.62,591.5,38.2,Early_Blight
31.18,91.02,41.34,49.79,17.92,11.88,7.46,241.7,38.57,Powdery_Mildew
37.24,74.76,28.74,34.83,23.39,15.05,6.94,1013.5,45.11,Early_Blight
38.14,64.61,9.39,22.54,35.49,13.99,7.63,530.5,42.49,Healthy
33.23,66.11,51.25,32.82,37.93,43.05,7.31,301.5,42.33,Early_Blight
39.06,87.57,23.86,39.63,19.31,31.82,7.71,926.8,33.18,Bacterial_Leaf_Spot
25.0,81.13,21.0,30.83,47.24,26.46,7.02,496.4,37.69,Early_Blight
21.15,91.32,12.96,13.09,29.3,27.41,6.0,298.8,27.46,Powdery_Mildew
39.69,30.08,29.67,29.2,9.83,26.72,7.88,458.1,41.02,Healthy
16.93,28.8,40.82,15.34,39.14,43.43,6.49,771.8,45.76,Healthy
17.89,55.7,21.46,11.64,25.85,47.81,5.2,228.1,21.74,Healthy
33.64,71.6,51.14,16.29,31.03,21.35,4.87,612.5,42.41,Root_Rot
36.26,88.43,26.98,29.56,30.62,28.71,5.04,740.4,33.56,Early_Blight
36.14,37.79,58.65,46.5,28.82,36.85,7.98,752.8,53.63,Healthy
20.59,68.38,59.0,32.09,19.39,17.14,5.01,745.1,39.63,Root_Rot
19.91,91.93,58.76,25.95,41.93,32.18,5.72,428.4,50.77,Root_Rot
38.0,87.52,15.82,31.53,30.59,26.06,5.09,975.0,35.8,Early_Blight
22.2,89.98,53.72,10.77,41.51,16.56,6.63,525.6,40.33,Rust
14.68,91.33,62.95,26.8,25.28,26.39,6.67,471.7,49.82,Rust
20.75,90.0,50.53,18.9,34.67,19.71,7.55,755.5,42.2,Rust
31.0,86.81,45.61,42.0,44.8,43.85,4.98,934.1,43.2,Healthy
23.76,81.66,50.79,14.13,18.52,26.15,5.6,281.2,38.53,Root_Rot
31.51,90.12,31.27,12.32,32.95,40.31,4.95,209.2,35.36,Early_Blight
39.54,78.63,56.94,37.25,31.24,13.29,8.08,329.3,42.21,Bacterial_Leaf_Spot
32.32,46.66,19.77,15.08,27.61,14.35,5.28,572.1,24.1,Healthy
15.83,54.98,54.81,46.31,49.35,35.69,7.0,925.7,58.48,Healthy
13.58,36.97,57.73,20.0,35.65,43.34,8.01,265.0,46.25,Healthy
35.62,62.85,59.44,24.88,27.21,20.3,7.53,946.9,53.71,Healthy
37.58,87.54,20.35,24.8,27.99,29.83,7.3,928.0,37.1,Early_Blight
13.68,82.33,59.69,37.04,27.39,33.85,7.23,698.6,54.56,Rust
31.91,46.14,37.83,31.0,12.1,21.42,7.37,788.5,31.74,Healthy
37.49,47.92,15.57,25.0,14.56,28.1,6.42,263.1,28.88,Healthy
23.68,81.72,17.83,31.96,24.75,45.3,6.56,240.6,30.8,Powdery_Mildew
34.76,27.63,27.35,28.74,43.92,23.41,5.11,575.1,37.74,Healthy
26.7,85.04,29.81,47.04,43.85,45.63,7.71,895.3,57.49,Bacterial_Leaf_Spot
30.17,67.75,40.76,22.52,47.13,15.02,6.32,331.5,41.01,Early_Blight
28.74,73.02,24.01,30.89,37.15,28.71,6.4,259.3,43.53,Early_Blight
36.89,89.13,24.82,47.05,31.17,12.61,5.49,312.0,35.8,Healthy
27.57,43.81,17.62,45.01,26.08,25.11,5.12,687.7,33.18,Healthy
16.63,32.84,55.31,23.51,24.33,10.27,5.14,853.9,28.35,Root_Rot
24.4,64.88,39.5,20.89,19.59,22.37,5.57,594.9,39.14,Healthy
32.73,33.97,31.81,18.28,12.84,21.77,5.52,603.4,36.0,Early_Blight
21.91,45.96,12.43,35.02,21.22,26.08,6.51,885.6,39.52,Healthy
26.51,91.01,57.28,48.37,21.22,49.6,7.52,953.8,57.58,Bacterial_Leaf_Spot
23.63,81.92,37.25,48.8,34.6,45.03,8.1,330.4,56.98,Powdery_Mildew
16.51,82.36,49.8,24.7,31.47,34.49,7.13,810.5,48.7,Rust
14.14,57.64,61.53,41.07,25.74,22.2,4.86,333.4,39.77,Root_Rot
24.66,86.51,40.6,48.74,17.5,42.8,7.67,268.3,51.77,Powdery_Mildew
18.42,79.55,56.97,17.96,23.54,14.15,5.36,844.9,45.6,Root_Rot
25.13,82.24,38.77,48.06,49.43,17.83,7.74,312.4,49.76,Powdery_Mildew
21.75,91.7,38.34,26.12,22.16,45.93,6.45,265.2,43.64,Powdery_Mildew
22.97,81.97,40.73,15.06,44.78,29.98,7.91,309.1,47.06,Powdery_Mildew
16.3,34.03,41.5,23.37,23.83,31.68,5.91,471.3,33.73,Healthy
15.71,88.69,52.13,20.06,48.27,15.69,5.92,615.3,36.65,Rust
39.71,29.6,43.28,12.82,40.17,47.11,6.8,605.3,39.61,Healthy
41.34,74.86,44.96,21.91,26.33,45.34,6.69,711.6,45.64,Early_Blight
37.93,86.22,50.48,16.58,22.05,29.27,7.35,461.0,45.85,Early_Blight
12.27,71.35,44.03,50.72,31.55,31.48,7.03,894.9,50.76,Healthy
39.72,84.87,20.4,18.64,41.43,48.95,6.31,826.1,42.07,Early_Blight
32.82,85.19,55.64,23.64,46.94,44.28,8.15,283.5,58.53,Early_Blight
34.4,71.53,26.31,31.35,11.46,30.69,7.53,258.8,37.32,Early_Blight
38.81,85.73,5.17,15.4,10.42,14.23,5.86,822.4,34.48,Early_Blight
22.94,90.22,17.04,32.4,43.67,26.85,5.11,737.6,33.52,Healthy
19.95,89.72,25.49,24.31,26.69,29.41,5.54,433.5,31.32,Healthy
32.46,88.11,58.72,47.35,26.53,30.58,7.3,208.2,50.78,Bacterial_Leaf_Spot
14.02,95.09,47.93,30.84,31.17,31.4,7.02,469.2,49.86,Early_Blight
24.59,90.97,20.58,33.0,35.65,21.98,4.9,224.4,30.16,Powdery_Mildew
19.97,34.16,35.93,47.07,24.4,13.94,5.38,721.2,30.77,Healthy
22.36,87.86,16.52,34.05,12.17,23.47,5.61,271.0,25.84,Powdery_Mildew
29.34,71.57,18.49,19.75,22.78,43.19,6.81,709.4,39.16,Early_Blight
20.5,93.62,28.42,14.8,9.96,31.82,5.0,521.7,36.37,Healthy
18.66,42.69,11.6,32.31,24.64,44.76,5.44,716.5,33.45,Healthy
29.48,65.39,61.07,31.9,38.26,15.38,6.42,941.5,44.91,Early_Blight
30.26,77.32,12.11,25.76,49.66,33.34,7.32,671.2,39.94,Early_Blight
19.28,84.1,55.24,38.31,41.88,37.33,7.66,918.5,52.69,Rust
34.9,52.98,52.99,40.61,35.82,45.96,7.82,223.7,54.02,Healthy
34.55,87.16,57.0,20.75,27.24,18.66,5.91,578.0,45.17,Early_Blight
39.79,79.27,29.28,15.3,49.95,12.11,6.57,411.9,36.55,Rust
18.53,50.69,56.76,25.8,27.56,47.27,6.41,486.8,40.21,Healthy
19.45,85.27,22.15,42.08,33.46,12.84,5.22,240.1,29.48,Healthy
38.21,83.44,38.84,28.86,26.95,12.43,6.76,543.2,33.97,Early_Blight
20.68,89.66,36.98,22.74,28.01,13.64,5.69,262.7,38.57,Powdery_Mildew
23.33,46.85,21.03,48.76,10.07,26.16,6.13,571.9,34.73,Healthy
21.67,30.81,15.45,44.21,17.44,32.15,6.76,896.2,30.55,Healthy
34.13,89.14,25.48,18.51,16.77,28.38,6.2,746.9,34.29,Early_Blight
33.94,89.02,36.86,48.9,35.18,33.04,7.64,897.9,45.98,Bacterial_Leaf_Spot
18.45,36.16,51.23,24.51,27.0,16.91,5.36,789.5,44.2,Root_Rot
29.92,75.17,12.32,15.42,42.51,36.32,6.67,507.9,38.46,Early_Blight
20.66,67.31,14.53,23.06,32.9,17.94,5.64,817.5,36.88,Healthy
20.15,92.04,60.77,12.57,49.6,38.59,7.87,857.9,55.99,Rust
39.09,60.72,25.32,30.76,36.86,14.89,8.06,299.3,35.88,Healthy
28.65,53.99,61.43,20.17,23.69,49.36,7.99,869.7,53.05,Healthy
16.83,51.47,50.95,46.82,36.38,28.69,5.42,576.3,47.83,Root_Rot
21.98,83.51,22.13,31.65,26.67,39.25,7.62,303.0,34.96,Powdery_Mildew
25.67,40.86,35.35,14.97,30.6,22.07,4.77,577.7,33.49,Healthy
18.64,75.03,17.53,14.02,29.85,19.16,6.47,867.3,36.11,Healthy
29.98,84.83,14.22,45.13,25.43,33.5,7.79,681.4,52.53,Bacterial_Leaf_Spot
31.55,32.61,30.49,19.07,12.86,23.7,5.64,636.1,34.55,Healthy
13.02,43.53,12.53,44.96,30.67,23.6,6.71,811.5,45.93,Healthy
35.28,82.34,42.55,30.59,36.2,26.11,7.99,564.1,45.35,Early_Blight
17.32,77.02,54.36,47.53,34.49,46.84,6.0,702.9,54.68,Healthy
18.09,24.05,57.58,12.43,39.3,48.07,7.23,362.7,49.08,Healthy
22.0,82.69,56.6,46.07,32.85,46.0,6.63,267.8,50.37,Powdery_Mildew
20.22,92.34,54.5,13.31,35.95,15.46,6.72,518.7,41.33,Rust
20.26,87.01,10.38,12.68,32.97,33.21,5.49,233.9,26.29,Powdery_Mildew
24.45,82.75,14.95,34.24,47.69,43.9,6.27,226.3,44.27,Powdery_Mildew
37.71,73.11,55.82,34.19,31.02,22.44,7.26,563.3,48.37,Early_Blight
39.49,58.51,22.75,13.58,27.3,29.61,7.73,693.2,44.09,Healthy
21.69,91.54,29.57,45.81,17.85,20.32,5.89,232.7,38.74,Powdery_Mildew
38.37,80.02,8.69,27.31,47.68,23.46,6.26,709.2,39.15,Early_Blight
21.71,89.76,59.22,15.74,43.31,27.21,6.76,439.9,44.42,Rust
33.22,26.64,35.48,11.59,32.96,32.12,4.88,894.8,30.15,Healthy
21.03,89.29,61.03,48.04,15.17,35.09,6.75,713.8,56.55,Rust
14.22,81.25,48.73,44.4,29.79,44.26,6.33,858.3,44.15,Rust
37.35,64.57,57.8,39.69,27.56,19.95,5.05,700.6,42.08,Root_Rot
25.7,88.39,59.85,46.53,31.87,42.43,7.54,307.4,53.75,Powdery_Mildew
34.35,55.34,54.58,14.82,27.8,46.14,5.7,964.2,48.12,Root_Rot
21.82,86.29,48.63,33.26,22.33,26.8,6.21,860.8,41.33,Rust
28.55,88.16,61.44,45.16,36.41,20.29,7.24,635.0,62.0,Bacterial_Leaf_Spot
20.19,30.96,21.95,46.36,44.52,17.25,7.07,306.3,40.15,Healthy
30.35,69.03,59.82,38.42,38.45,19.22,5.6,959.2,53.63,Root_Rot
36.17,52.5,33.6,23.69,13.53,14.45,8.1,745.9,43.75,Healthy
12.92,88.74,59.71,43.99,46.41,32.45,5.13,659.6,49.25,Root_Rot
34.46,68.77,8.6,32.14,43.24,14.54,7.66,621.8,36.74,Early_Blight
19.35,28.6,62.99,12.08,18.71,17.36,7.5,726.9,41.62,Healthy
31.54,93.26,14.95,21.69,25.38,45.88,7.38,431.9,44.14,Early_Blight
19.78,28.48,17.75,46.77,30.59,40.51,8.02,544.6,42.08,Healthy
41.59,93.61,25.86,21.33,34.35,24.73,5.16,754.6,36.21,Early_Blight
14.06,93.24,60.61,46.73,30.47,28.78,6.25,372.6,39.12,Rust
22.37,82.47,52.56,42.72,34.74,45.37,6.39,266.0,44.92,Powdery_Mildew
31.39,52.65,50.25,11.5,46.15,49.52,5.37,234.1,34.28,Root_Rot
28.35,63.17,50.63,12.3,20.45,30.94,5.99,877.6,48.47,Healthy
12.87,94.43,57.72,20.86,15.4,29.43,7.28,801.3,48.87,Rust
37.43,75.91,26.2,17.01,31.68,17.5,5.75,553.6,26.4,Early_Blight
34.42,93.74,32.77,38.43,37.54,47.48,6.13,706.0,44.0,Healthy
34.99,59.87,52.85,12.6,45.78,46.41,5.58,323.2,45.45,Root_Rot
32.25,39.93,46.05,41.02,17.79,33.5,6.41,308.6,35.18,Healthy
18.67,34.06,34.51,18.17,26.23,24.11,5.08,754.1,33.07,Healthy
22.75,49.88,55.78,23.94,25.58,48.98,5.7,273.1,40.99,Root_Rot
21.62,85.23,60.19,43.06,16.86,21.23,6.81,602.2,44.28,Rust
40.68,57.79,48.63,48.82,18.28,41.66,6.45,597.5,46.84,Healthy
36.36,85.76,39.57,12.28,44.71,16.33,7.91,370.6,44.21,Bacterial_Leaf_Spot
14.14,41.58,54.75,10.76,46.81,30.14,4.87,736.8,40.47,Root_Rot
24.28,89.98,52.42,24.02,46.32,26.57,6.65,235.5,46.77,Powdery_Mildew
24.98,84.59,64.16,49.03,31.58,43.23,7.44,528.5,57.47,Bacterial_Leaf_Spot
19.62,80.81,62.8,47.29,47.98,46.56,5.37,529.9,54.49,Root_Rot
29.79,89.96,59.11,48.29,24.77,35.05,7.46,278.6,43.69,Bacterial_Leaf_Spot
31.77,90.78,46.92,18.6,47.36,36.71,7.08,624.4,48.09,Early_Blight
25.48,57.94,9.43,15.54,33.77,44.31,8.06,574.8,41.67,Healthy
21.38,85.51,54.92,32.2,22.86,9.83,7.31,642.9,46.84,Rust
24.09,87.09,61.36,48.11,37.42,23.88,7.55,789.6,47.69,Healthy
13.83,73.21,43.12,40.83,21.07,31.52,5.89,343.2,39.84,Healthy
23.23,79.91,59.33,39.81,41.75,31.14,5.55,785.2,46.44,Bacterial_Leaf_Spot
24.23,93.97,64.07,19.42,44.59,22.95,5.13,997.6,54.34,Root_Rot
27.96,88.99,63.78,40.38,19.65,22.26,6.62,644.1,48.64,Healthy
22.1,93.84,47.38,38.76,24.5,30.47,6.11,281.8,42.23,Powdery_Mildew
40.42,84.82,34.84,41.72,42.49,11.09,7.81,408.9,43.38,Bacterial_Leaf_Spot
17.97,81.64,18.82,14.16,14.71,28.48,7.95,727.9,35.6,Healthy
18.2,89.26,64.81,30.24,47.16,13.62,7.65,640.5,52.3,Healthy
33.17,82.76,27.36,23.7,44.22,16.34,6.78,823.5,34.28,Rust
33.8,30.26,55.41,36.39,22.38,46.18,6.56,342.6,42.73,Healthy
28.88,72.39,37.24,20.56,10.55,34.61,5.89,433.6,32.48,Early_Blight
36.63,90.33,12.46,22.31,21.19,41.37,5.64,619.7,35.18,Early_Blight
27.05,92.46,57.76,47.87,22.21,49.42,7.37,959.0,63.35,Bacterial_Leaf_Spot
22.54,50.18,33.52,38.81,46.84,34.03,7.43,425.7,42.65,Healthy
20.87,40.65,27.95,26.08,14.17,30.06,6.33,729.5,31.14,Healthy
18.41,92.86,55.91,28.38,39.69,13.74,7.35,907.1,50.18,Bacterial_Leaf_Spot
34.79,35.02,58.9,29.06,29.84,12.51,5.07,722.9,42.1,Root_Rot
23.73,85.52,15.24,48.04,32.89,21.67,7.48,278.3,39.35,Powdery_Mildew
37.62,90.48,58.63,19.18,44.14,45.74,6.77,577.6,45.56,Early_Blight
22.88,83.59,52.07,42.24,36.29,46.45,6.37,261.8,45.4,Bacterial_Leaf_Spot
38.12,78.54,41.78,38.95,9.29,43.32,7.54,668.9,36.1,Bacterial_Leaf_Spot
33.43,38.81,61.58,43.86,44.02,27.43,4.93,321.1,42.7,Root_Rot
25.29,63.31,18.35,31.89,20.29,32.58,7.07,506.0,43.1,Healthy
20.94,82.9,44.15,22.72,41.45,34.59,7.6,260.3,43.52,Powdery_Mildew
26.49,49.48,60.62,34.98,33.98,46.03,5.3,874.0,50.01,Root_Rot
32.85,84.82,13.3,42.27,24.35,45.48,5.78,842.7,39.28,Healthy
38.62,85.94,23.95,40.25,17.59,23.36,7.93,476.0,43.29,Bacterial_Leaf_Spot
22.85,67.89,52.79,46.25,32.2,28.19,5.68,966.1,50.69,Root_Rot
31.54,42.26,48.59,30.42,23.02,31.25,5.58,892.4,31.37,Healthy
16.98,86.5,24.39,28.18,39.49,25.92,6.92,329.1,41.31,Healthy
25.73,83.58,27.45,44.39,15.25,12.85,8.08,948.4,49.64,Bacterial_Leaf_Spot
16.71,86.6,55.29,45.12,36.45,37.81,4.95,897.8,46.69,Root_Rot
34.8,72.78,41.17,31.45,22.9,42.55,6.71,347.3,40.67,Early_Blight
13.56,68.35,41.7,30.92,22.58,39.16,6.98,826.0,51.24,Healthy
35.86,75.21,25.09,15.37,34.04,16.17,6.97,219.6,31.34,Early_Blight
15.67,36.0,41.74,35.32,34.1,38.74,8.18,241.2,43.39,Healthy
18.29,86.12,56.55,48.57,41.71,16.15,7.84,474.9,52.15,Rust
26.45,68.29,31.17,33.34,29.97,14.09,6.22,324.7,33.06,Early_Blight
20.7,39.22,7.29,34.4,11.64,30.03,5.0,365.9,22.89,Healthy
17.53,93.96,57.52,28.73,21.16,41.91,5.19,771.9,46.33,Root_Rot
25.23,91.18,63.86,47.48,13.49,46.93,7.92,216.1,50.59,Powdery_Mildew
24.94,86.99,31.26,29.62,37.51,19.8,8.08,324.9,36.96,Powdery_Mildew
25.79,65.96,16.85,29.29,17.74,33.53,6.9,270.8,41.45,Early_Blight
35.15,69.09,55.68,38.64,28.08,29.14,5.65,218.2,35.53,Root_Rot
19.19,89.94,55.11,41.85,43.64,33.44,6.15,735.0,53.67,Rust
20.5,93.32,53.99,36.94,39.05,16.17,5.81,725.4,42.34,Rust
15.61,92.92,57.56,20.54,36.48,33.52,5.14,945.4,42.93,Root_Rot
24.07,86.05,21.55,28.61,35.58,43.71,7.48,662.0,35.67,Healthy
35.61,78.18,58.22,11.39,26.04,14.24,4.97,376.7,32.31,Root_Rot
29.16,67.8,50.37,40.85,21.19,12.59,5.58,959.9,36.28,Root_Rot
16.14,78.43,52.41,46.08,30.96,44.69,5.58,514.0,43.71,Root_Rot
32.28,45.48,50.66,38.67,37.67,44.52,5.64,373.4,48.12,Root_Rot
28.38,66.81,56.52,29.7,28.42,13.1,6.79,481.1,40.59,Early_Blight
37.97,92.98,26.11,30.03,29.36,27.69,7.82,680.5,39.69,Early_Blight
32.22,42.81,31.7,22.88,24.94,33.14,5.48,435.1,32.61,Healthy
18.0,78.11,33.24,45.56,17.15,31.53,5.72,292.4,39.72,Healthy
21.75,89.22,46.36,21.52,38.4,36.98,6.06,335.2,40.75,Powdery_Mildew
21.08,87.3,37.58,37.66,15.21,34.61,6.44,238.9,33.29,Powdery_Mildew
17.85,25.59,55.53,12.09,37.61,50.38,7.22,383.3,44.27,Healthy
35.7,88.62,60.48,30.61,44.99,9.89,6.87,702.5,43.83,Early_Blight
20.57,90.61,56.08,27.76,41.61,34.47,6.49,702.5,47.71,Rust
19.25,91.03,9.87,36.34,34.35,43.87,6.47,395.7,42.24,Healthy
34.81,71.1,61.82,18.3,22.61,47.06,7.44,364.5,43.7,Early_Blight
26.99,93.04,24.22,33.32,34.12,33.69,7.87,433.7,49.1,Early_Blight
31.81,68.9,65.01,14.86,22.82,17.94,7.25,286.4,44.17,Early_Blight
26.56,50.22,61.04,40.49,29.08,48.56,5.64,759.7,41.66,Root_Rot
25.05,90.47,24.83,46.34,35.06,32.25,7.59,912.9,44.06,Bacterial_Leaf_Spot
32.66,68.23,58.53,28.1,25.33,41.58,5.3,512.4,40.16,Root_Rot
25.85,66.12,42.37,25.0,32.3,11.78,8.11,367.6,42.71,Early_Blight
21.28,85.0,57.81,44.47,50.3,44.57,7.01,432.7,57.59,Rust
33.56,46.37,14.63,40.8,44.49,33.63,5.97,728.1,41.76,Healthy
31.59,73.05,52.21,14.37,38.39,34.29,4.87,332.1,34.22,Root_Rot
23.72,83.3,29.59,45.34,43.25,20.01,5.43,221.6,36.18,Powdery_Mildew
31.01,77.56,61.57,28.09,26.01,35.5,4.89,672.5,44.39,Root_Rot
19.01,87.8,53.67,15.82,19.03,22.6,7.87,693.7,45.4,Rust
19.17,29.72,44.64,26.35,47.41,16.0,5.38,670.1,38.89,Healthy
34.99,52.82,63.43,16.16,12.82,34.19,5.52,797.0,39.77,Root_Rot
24.12,26.64,59.9,40.84,35.64,50.85,5.0,420.3,48.98,Powdery_Mildew
20.44,86.75,40.22,31.49,22.95,13.6,6.07,320.6,34.53,Powdery_Mildew
17.92,47.72,42.56,27.35,31.85,41.11,7.26,541.7,41.67,Healthy
23.92,63.1,44.32,47.21,47.03,36.15,7.21,515.2,44.5,Healthy
23.37,87.85,61.85,40.1,17.04,25.69,5.59,431.6,44.44,Root_Rot
20.4,91.36,50.68,19.57,25.43,15.16,5.87,276.4,40.38,Powdery_Mildew
19.56,88.25,52.92,37.95,29.64,22.11,6.7,863.8,45.35,Rust
35.16,48.1,60.35,33.69,47.43,15.88,6.41,888.7,46.17,Healthy
39.06,65.42,44.6,18.02,17.4,28.31,6.24,946.2,39.63,Early_Blight
31.29,65.48,27.05,18.45,34.55,45.88,6.3,623.5,52.42,Early_Blight
25.03,68.49,56.26,32.37,39.11,26.35,5.55,768.1,48.95,Root_Rot
19.07,74.21,38.89,44.46,14.81,26.93,7.63,782.8,43.17,Healthy
20.33,39.97,52.92,23.83,13.62,30.38,5.09,661.2,38.98,Root_Rot
20.05,82.42,22.15,40.56,34.58,12.88,5.22,242.6,31.8,Powdery_Mildew
34.72,75.53,48.96,24.05,10.99,39.94,5.66,992.9,40.37,Early_Blight
18.45,58.96,49.61,45.15,48.26,41.68,6.37,307.2,44.39,Healthy
22.23,83.45,24.94,45.26,24.52,21.51,6.1,242.8,28.07,Powdery_Mildew
22.86,90.8,34.41,28.31,35.87,24.79,6.67,261.3,39.17,Powdery_Mildew
20.35,46.57,49.83,32.1,43.05,16.55,6.83,794.4,49.36,Healthy
16.9,94.98,43.51,23.83,24.28,39.38,7.09,417.4,41.28,Healthy
27.54,93.47,20.75,33.37,28.3,13.72,5.99,204.0,26.37,Early_Blight
25.37,90.05,48.77,47.05,27.11,34.01,7.69,229.5,43.98,Powdery_Mildew
12.82,26.85,45.27,51.12,22.88,32.78,7.94,749.4,47.07,Healthy
31.4,91.63,43.22,50.43,32.83,23.74,7.83,459.8,49.13,Bacterial_Leaf_Spot
33.43,94.05,8.51,12.41,27.74,16.14,7.15,741.6,32.2,Early_Blight
28.58,46.98,7.22,18.52,44.26,33.18,6.12,755.1,35.61,Healthy
16.45,45.91,58.16,36.69,40.44,47.71,7.94,883.8,55.16,Healthy
24.64,78.51,48.11,15.27,9.73,22.59,7.69,926.3,43.38,Early_Blight
14.63,47.89,53.49,34.86,32.63,20.68,4.93,745.2,31.62,Root_Rot
24.46,87.51,45.57,46.11,18.48,27.25,7.73,257.2,51.68,Healthy
20.76,80.86,61.05,49.38,44.56,22.87,5.59,395.5,49.73,Root_Rot
31.98,28.71,33.3,31.86,47.08,27.18,5.2,553.4,40.46,Healthy
19.32,89.97,51.9,26.37,25.44,20.88,8.1,587.1,44.05,Rust
36.88,78.92,57.17,46.94,25.76,36.14,7.33,627.1,54.27,Bacterial_Leaf_Spot
29.6,59.1,46.76,19.48,24.27,43.1,7.54,443.2,39.28,Healthy
34.23,89.63,27.16,19.95,22.5,39.72,7.58,384.1,37.13,Early_Blight
37.77,56.6,16.38,15.69,46.5,35.49,6.57,766.2,39.26,Healthy
39.67,69.08,26.31,15.19,27.38,32.54,7.55,435.4,42.65,Early_Blight
22.15,92.23,49.14,41.19,13.3,34.94,5.7,491.9,44.14,Rust
25.5,85.76,19.75,28.78,36.42,42.87,7.62,658.7,49.65,Early_Blight
24.94,87.05,65.4,16.48,35.38,11.02,5.95,521.3,42.82,Early_Blight
24.62,87.37,31.98,47.02,12.86,47.27,7.56,336.5,40.07,Powdery_Mildew
30.31,87.31,11.56,43.38,38.29,40.72,7.98,545.2,40.81,Bacterial_Leaf_Spot
38.53,86.32,63.69,31.55,34.27,48.39,5.18,556.7,52.37,Root_Rot
30.56,35.82,44.66,33.99,40.63,13.13,7.58,592.2,46.52,Healthy
18.57,88.51,32.33,28.87,44.4,13.79,4.93,476.4,35.87,Healthy
16.52,88.56,53.54,19.82,9.62,39.56,6.21,255.4,43.8,Rust
27.53,50.52,37.63,34.67,46.38,42.1,5.85,994.5,46.44,Healthy
31.81,87.43,22.29,44.17,24.47,47.46,7.79,934.3,49.95,Bacterial_Leaf_Spot
24.84,75.61,14.47,25.24,35.29,47.1,5.49,252.5,38.64,Early_Blight
14.8,69.61,11.38,29.49,24.97,39.2,5.34,678.0,29.74,Healthy
30.18,94.86,36.03,32.74,25.01,21.79,6.15,567.5,36.35,Early_Blight
27.47,67.75,60.78,26.65,17.46,40.85,7.09,309.4,49.23,Early_Blight
31.39,81.22,42.84,37.26,45.07,33.97,7.38,417.7,47.73,Bacterial_Leaf_Spot
23.92,92.57,17.47,35.7,38.7,44.62,7.39,319.6,40.01,Powdery_Mildew
35.04,78.78,28.46,29.1,17.51,23.31,6.54,880.3,41.1,Early_Blight
41.15,58.42,22.5,15.24,40.45,44.78,5.04,221.8,23.14,Healthy
34.67,89.03,19.35,49.05,13.18,9.92,7.43,937.5,46.01,Bacterial_Leaf_Spot
20.44,45.22,28.81,48.47,35.95,43.78,6.59,591.4,35.63,Healthy
27.96,78.18,20.35,34.25,10.22,14.05,8.2,278.0,33.03,Early_Blight
35.0,81.71,16.18,42.97,30.22,12.79,7.68,391.0,36.66,Bacterial_Leaf_Spot
33.78,44.91,26.56,29.37,30.85,39.49,6.48,388.4,36.08,Healthy
30.87,56.15,40.78,18.03,13.42,39.78,6.74,688.2,33.37,Healthy
31.24,90.53,31.09,46.7,16.74,21.11,7.59,493.1,44.18,Bacterial_Leaf_Spot
25.41,88.37,48.15,23.28,25.43,40.47,7.63,272.7,51.53,Powdery_Mildew
42.56,89.1,38.32,21.83,40.57,34.88,7.29,954.5,47.65,Early_Blight
20.17,82.49,29.33,22.51,32.55,36.7,6.84,254.7,38.77,Powdery_Mildew
23.45,91.9,53.23,20.5,25.61,26.12,7.93,561.5,47.93,Rust
22.29,85.33,20.49,21.4,42.17,26.17,4.85,322.9,27.03,Powdery_Mildew
13.99,44.89,55.41,33.16,37.61,14.31,5.49,278.6,32.01,Root_Rot
39.9,72.08,35.49,18.22,35.54,31.21,5.48,495.1,39.6,Early_Blight
32.83,68.93,15.7,34.15,12.17,42.67,6.55,755.9,40.63,Early_Blight
33.6,81.9,26.93,24.12,43.8,16.82,6.71,855.9,42.89,Early_Blight
32.07,90.26,48.47,47.29,42.5,43.57,7.94,542.2,53.85,Bacterial_Leaf_Spot
33.4,93.66,53.45,34.33,16.08,27.53,5.09,541.8,37.53,Root_Rot
31.78,82.03,12.78,46.56,23.09,38.62,7.67,605.5,49.08,Bacterial_Leaf_Spot
31.35,64.92,18.99,10.51,47.79,13.3,6.79,484.5,35.22,Early_Blight
32.16,71.78,52.27,26.01,47.8,36.56,5.74,270.6,43.87,Root_Rot
38.03,90.38,21.06,29.96,26.23,15.0,6.39,507.3,34.63,Early_Blight
33.59,89.46,28.33,44.63,30.32,23.52,7.59,365.4,45.72,Bacterial_Leaf_Spot
24.55,65.25,53.97,46.16,35.84,29.11,5.58,974.5,46.85,Root_Rot
23.2,81.91,54.6,31.48,25.52,26.8,7.6,845.4,55.13,Rust
15.99,92.38,49.31,11.09,34.09,17.64,6.38,963.4,42.86,Rust
38.62,50.77,64.87,29.59,40.99,32.95,7.19,482.7,46.2,Healthy
25.9,54.9,16.76,13.01,22.72,40.5,8.09,528.8,32.14,Healthy
41.31,89.18,61.81,41.73,43.77,37.94,6.59,558.2,57.57,Healthy
15.8,54.53,40.2,33.73,35.07,49.09,5.4,261.2,37.79,Healthy
37.57,90.93,61.78,40.1,27.86,12.13,5.12,349.1,41.22,Root_Rot
32.88,83.63,51.27,10.41,40.02,28.82,5.44,522.5,38.17,Root_Rot
19.0,86.15,61.01,20.02,18.27,39.39,6.77,720.6,45.02,Rust
34.08,88.75,40.99,45.75,41.07,17.9,7.51,435.7,46.47,Bacterial_Leaf_Spot
31.06,89.74,9.36,18.7,19.63,23.41,6.19,803.1,37.21,Early_Blight
40.67,74.19,23.71,20.76,26.59,25.34,7.64,699.1,42.84,Root_Rot
30.36,39.53,47.78,43.67,23.83,26.79,5.52,595.4,35.24,Healthy
17.48,54.1,62.93,41.96,13.67,49.33,4.84,502.5,34.1,Root_Rot
40.03,44.88,58.3,15.46,21.87,37.88,8.11,794.7,50.17,Healthy
28.85,70.62,46.06,34.65,23.03,15.59,5.24,518.0,44.2,Early_Blight
37.96,41.66,21.57,22.73,45.8,41.57,5.36,430.3,30.14,Healthy
19.67,86.07,9.09,37.13,40.36,40.79,5.58,897.0,44.68,Healthy
24.61,89.42,42.79,48.36,25.96,34.74,7.78,284.1,42.7,Powdery_Mildew
20.93,89.18,34.4,26.31,22.03,13.02,6.53,279.4,34.76,Powdery_Mildew
41.54,67.03,7.78,28.95,49.3,38.86,7.69,705.5,44.91,Early_Blight
29.24,28.21,59.1,49.33,45.04,34.06,5.56,376.5,43.72,Root_Rot
29.24,86.13,58.41,48.31,35.72,27.59,7.8,503.7,54.67,Bacterial_Leaf_Spot
18.78,93.77,57.99,28.38,20.74,41.24,5.16,743.5,43.05,Root_Rot
20.08,24.33,50.15,46.7,45.29,47.58,5.5,607.5,42.08,Root_Rot
12.2,87.51,52.17,42.2,48.15,12.1,5.93,311.7,42.96,Rust
24.04,36.43,30.76,46.26,32.49,34.15,5.67,294.3,35.59,Healthy
42.09,83.49,60.83,12.73,42.43,43.5,5.21,726.5,52.92,Root_Rot
40.19,75.29,12.62,13.77,45.23,30.25,6.35,703.9,41.9,Early_Blight
39.34,76.67,60.46,36.79,43.47,17.23,5.16,863.1,40.36,Root_Rot
39.22,58.36,53.05,43.18,24.41,19.05,5.92,560.4,44.32,Healthy
30.03,41.43,46.37,28.48,24.7,14.35,7.44,250.2,46.52,Healthy
21.58,91.88,56.06,34.17,37.63,17.09,5.91,347.3,42.81,Powdery_Mildew
31.26,87.7,58.68,37.3,16.62,37.75,6.34,862.1,43.03,Healthy
12.42,38.67,52.56,10.26,20.54,18.3,5.14,798.2,38.41,Root_Rot
31.63,49.26,39.38,31.04,10.69,20.05,7.46,828.3,48.61,Healthy
33.55,57.98,60.72,17.3,11.99,24.3,5.26,769.3,33.8,Rust
25.07,90.4,63.25,45.31,13.58,47.84,7.97,785.0,50.51,Bacterial_Leaf_Spot
39.52,56.55,59.99,40.62,14.31,41.23,6.69,444.6,46.47,Healthy
34.93,38.28,65.49,15.86,38.84,32.96,7.63,828.6,44.38,Healthy
21.77,31.86,42.12,37.45,19.77,16.29,5.5,577.4,40.75,Healthy
35.03,32.45,40.01,47.97,25.58,13.56,5.5,799.6,41.89,Healthy
16.94,90.49,52.19,49.43,25.21,17.02,6.86,521.4,42.11,Rust
24.3,68.63,19.78,34.26,21.64,9.16,4.89,332.6,25.91,Early_Blight
23.1,91.78,37.42,45.43,37.15,10.66,5.39,974.3,38.34,Healthy
21.76,45.82,51.93,34.02,39.05,18.3,6.59,660.0,46.25,Healthy
29.25,86.11,47.71,47.4,25.19,12.3,7.56,526.4,54.74,Bacterial_Leaf_Spot
19.21,89.73,49.61,33.44,14.59,30.49,7.88,859.8,47.76,Rust
15.89,78.9,52.12,47.5,30.99,44.31,5.6,493.4,45.08,Root_Rot
24.39,45.03,18.52,12.36,39.13,35.3,4.76,197.8,18.73,Healthy
33.68,53.7,52.67,28.97,48.51,38.8,6.41,443.8,37.09,Healthy
36.02,80.16,49.91,34.05,23.27,36.65,7.02,511.0,45.25,Early_Blight
35.75,90.08,62.38,16.8,42.89,18.89,6.55,845.5,51.55,Early_Blight
21.44,88.07,62.15,27.6,21.4,12.34,7.84,267.4,42.79,Powdery_Mildew
17.81,92.53,46.72,18.01,30.98,35.05,6.76,636.3,41.87,Healthy
16.06,37.77,25.18,19.63,15.92,45.72,7.22,570.1,33.32,Healthy
36.06,29.05,57.0,20.76,30.29,32.95,5.74,711.7,45.36,Root_Rot
19.18,91.98,57.31,34.16,33.74,23.22,6.61,892.1,53.74,Rust
31.06,85.73,58.79,46.07,39.78,27.63,7.69,404.7,54.64,Bacterial_Leaf_Spot
22.33,86.36,18.49,44.15,23.55,14.65,7.46,255.5,34.97,Powdery_Mildew
18.7,74.49,14.53,28.65,39.52,28.14,6.68,743.2,40.02,Healthy
40.55,81.97,21.8,11.93,21.69,24.1,8.05,777.8,44.4,Early_Blight
31.13,81.89,18.11,31.5,44.77,47.47,6.52,942.8,44.18,Early_Blight
41.73,83.92,29.21,21.47,18.83,22.24,5.38,274.1,21.01,Early_Blight
29.59,88.33,33.21,45.6,18.77,39.7,7.63,320.7,45.22,Bacterial_Leaf_Spot
30.8,84.18,59.0,38.06,31.17,37.45,5.46,473.9,43.28,Early_Blight
21.78,44.95,60.27,47.29,41.16,45.98,5.51,866.9,51.93,Root_Rot
38.59,86.22,59.07,13.07,41.97,45.23,5.28,787.3,50.3,Root_Rot
21.64,89.55,27.61,41.89,22.86,34.55,6.02,332.4,40.26,Powdery_Mildew
17.59,86.09,62.68,23.61,45.27,48.84,6.44,296.2,47.84,Rust
32.21,84.57,14.0,33.08,35.82,28.75,7.81,577.6,44.81,Early_Blight
22.04,81.77,54.38,48.58,31.95,46.53,6.53,276.6,46.43,Powdery_Mildew
23.83,88.03,30.69,30.77,38.24,20.05,8.01,329.4,46.9,Powdery_Mildew
19.91,29.14,63.28,44.12,38.72,43.41,5.29,847.8,48.09,Root_Rot
30.18,90.55,27.63,45.66,18.56,31.2,8.0,254.0,50.01,Rust
17.21,92.32,48.25,23.72,26.99,17.63,5.9,424.5,43.68,Rust
40.82,66.98,54.98,29.97,44.98,17.27,6.2,736.3,45.45,Early_Blight
18.82,95.1,49.44,14.33,18.99,25.84,6.74,514.9,40.34,Rust
30.67,76.48,59.16,45.39,30.83,18.12,5.46,371.9,42.9,Rust
39.38,49.32,38.81,29.0,34.08,32.05,4.88,738.6,39.29,Powdery_Mildew
18.34,35.16,60.3,31.63,30.27,42.43,5.45,615.1,37.19,Root_Rot
34.66,71.82,36.99,25.25,19.88,10.44,7.69,921.9,35.18,Early_Blight
39.34,62.77,53.22,32.58,32.32,22.98,5.47,848.1,37.95,Root_Rot
33.05,77.41,62.91,24.55,24.09,46.07,6.24,790.2,55.44,Early_Blight
32.44,94.87,18.85,38.54,19.44,19.42,8.02,551.3,44.33,Bacterial_Leaf_Spot
33.23,90.7,51.2,9.85,34.58,31.24,5.29,547.4,45.63,Root_Rot
20.06,58.67,57.91,10.39,18.98,46.76,4.89,781.6,46.26,Root_Rot
26.04,57.03,59.29,41.05,15.48,36.44,5.12,725.5,46.68,Root_Rot
31.4,71.94,58.72,18.84,45.06,15.65,5.19,654.2,45.94,Root_Rot
24.31,70.07,48.33,23.22,27.9,16.66,5.96,908.2,38.86,Early_Blight
23.41,87.41,61.16,44.06,18.99,44.92,7.26,807.7,52.5,Rust
21.3,90.22,57.98,33.3,41.08,16.3,5.85,701.9,46.75,Rust
30.2,73.9,51.54,29.09,21.19,40.12,7.53,423.2,47.43,Early_Blight
21.61,93.28,51.45,46.69,50.18,30.02,7.11,871.2,54.97,Rust
21.31,88.38,63.79,25.08,12.34,12.91,5.98,460.5,38.4,Rust
21.77,87.82,47.87,14.24,33.97,17.46,7.16,286.2,46.33,Powdery_Mildew
21.11,94.01,51.25,48.33,44.88,29.53,7.53,874.8,59.44,Rust
13.57,41.39,50.47,23.23,46.14,38.43,6.95,764.1,49.09,Healthy
19.68,47.24,63.66,15.86,28.73,17.63,6.49,927.3,48.45,Healthy
16.75,47.16,57.4,46.51,39.35,15.62,4.81,330.2,44.55,Root_Rot
25.15,87.31,61.26,48.22,28.67,45.98,7.69,516.3,52.48,Bacterial_Leaf_Spot
29.36,79.91,55.24,31.78,50.29,44.87,4.9,515.6,48.04,Root_Rot
28.89,41.14,35.07,42.53,42.91,49.39,6.82,779.3,47.42,Healthy
21.37,78.03,21.9,33.83,35.49,35.43,6.7,538.8,40.77,Healthy
18.06,95.2,9.37,43.63,42.98,48.76,5.88,233.7,40.14,Healthy
31.04,73.04,64.17,49.3,29.7,21.0,5.06,945.8,47.51,Root_Rot
22.45,85.04,36.46,27.4,35.04,26.93,7.04,298.4,38.85,Powdery_Mildew
22.65,82.82,54.76,47.94,31.53,45.53,6.73,237.9,49.43,Powdery_Mildew
33.52,67.95,55.37,31.31,17.16,17.18,5.01,437.1,47.89,Root_Rot
40.79,85.68,38.46,43.78,23.69,32.35,5.53,298.6,43.19,Healthy
41.48,83.87,57.67,24.03,12.14,31.15,7.45,274.1,41.61,Early_Blight
39.93,53.12,21.52,42.24,43.09,35.03,7.26,913.1,41.26,Healthy
31.15,84.09,33.36,47.02,41.06,48.31,8.04,361.4,54.65,Bacterial_Leaf_Spot
34.23,62.57,32.42,11.53,30.97,33.69,5.51,323.7,34.35,Healthy
22.38,41.12,51.0,18.67,45.14,45.82,6.38,312.7,44.83,Healthy
16.06,86.57,51.86,46.77,21.03,36.28,6.6,446.7,48.75,Healthy
12.14,84.15,51.57,47.27,21.52,20.97,5.6,391.8,40.7,Root_Rot
13.6,90.29,62.7,38.11,20.89,19.24,5.98,878.2,47.08,Rust
31.59,90.22,52.83,46.43,45.66,46.82,7.75,867.3,61.21,Bacterial_Leaf_Spot
24.43,32.41,50.73,26.86,47.24,13.83,6.01,415.7,40.63,Healthy
24.92,84.92,33.04,47.71,12.76,49.01,7.62,327.3,47.53,Powdery_Mildew
29.6,78.03,26.25,15.13,17.5,45.6,6.61,808.6,36.55,Early_Blight
35.34,81.27,18.83,38.41,23.59,26.0,7.46,295.6,45.12,Bacterial_Leaf_Spot
17.1,48.85,53.95,34.06,41.96,44.76,5.56,973.3,52.86,Healthy
38.86,34.84,27.86,11.2,12.75,33.05,7.45,414.4,31.81,Healthy
31.04,27.86,16.49,33.45,32.82,33.11,5.59,573.7,36.82,Healthy
38.26,67.0,51.11,22.55,10.59,27.45,7.3,427.9,38.97,Early_Blight
20.58,90.13,41.54,14.17,20.9,26.15,6.44,282.8,33.03,Powdery_Mildew
39.13,84.83,26.1,16.28,47.36,12.78,5.33,808.0,44.17,Early_Blight
23.42,83.08,18.36,22.73,31.65,25.32,6.96,581.7,44.49,Healthy
29.83,69.0,35.28,34.29,34.71,33.67,6.25,809.4,38.06,Early_Blight
25.64,89.41,37.81,47.21,32.83,47.36,7.49,626.7,51.9,Bacterial_Leaf_Spot
23.58,56.95,59.69,20.33,48.71,22.46,4.96,971.1,37.74,Root_Rot
25.68,85.09,17.03,47.96,49.21,24.06,7.92,906.0,48.43,Bacterial_Leaf_Spot
30.58,86.21,62.98,47.86,28.21,39.52,7.6,845.1,54.42,Bacterial_Leaf_Spot
25.63,64.8,52.39,39.6,45.23,19.76,5.05,942.2,38.4,Root_Rot
34.91,73.45,52.76,30.91,43.54,48.9,6.65,436.6,45.98,Early_Blight
20.76,90.65,57.35,46.71,19.76,19.25,5.98,556.7,39.63,Rust
34.78,81.96,11.55,17.03,19.44,22.28,5.42,721.0,24.08,Healthy
21.21,92.87,51.81,13.25,13.16,26.19,5.96,582.5,41.72,Rust
22.18,87.08,54.91,26.29,13.84,43.28,5.05,980.9,41.1,Root_Rot
18.73,83.44,63.44,31.88,47.03,48.59,7.28,380.3,53.05,Rust
28.75,43.51,24.48,17.71,19.26,35.93,7.16,538.2,32.47,Healthy
19.88,52.03,16.69,43.95,24.76,16.0,6.02,952.5,36.77,Healthy
32.37,83.65,24.18,36.69,28.01,47.14,7.73,911.2,47.12,Healthy
24.66,87.18,62.62,46.93,16.49,43.3,7.23,784.7,55.01,Healthy
18.05,92.02,58.02,28.25,18.59,40.51,5.35,677.4,45.38,Root_Rot
37.04,81.02,53.95,44.22,11.29,26.26,6.17,983.6,51.82,Healthy
17.22,92.43,45.9,41.41,27.48,23.04,5.62,768.3,41.86,Healthy
39.5,83.8,58.91,32.21,11.51,24.0,5.13,713.2,44.7,Root_Rot
23.25,86.7,14.79,47.18,22.14,14.61,5.93,247.3,34.8,Powdery_Mildew
25.65,87.5,54.27,22.32,26.0,17.53,8.18,688.0,39.8,Early_Blight
34.08,57.93,52.08,22.93,44.28,26.03,4.98,370.3,38.78,Root_Rot
22.9,90.28,16.92,39.85,24.74,17.56,7.43,256.7,34.21,Powdery_Mildew
14.61,35.53,18.61,21.05,25.51,21.45,7.37,764.1,39.77,Healthy
22.2,82.25,59.57,16.91,28.38,28.57,6.45,278.0,44.99,Powdery_Mildew
36.16,38.68,61.88,16.3,41.59,30.03,7.64,826.8,53.8,Healthy
40.28,59.71,7.9,24.13,12.63,19.59,8.23,802.2,38.29,Healthy
27.89,80.86,31.98,15.22,35.01,13.31,6.81,678.4,35.5,Early_Blight
34.85,84.16,60.72,27.98,41.08,12.94,5.16,686.1,47.84,Root_Rot
40.19,89.57,64.6,33.6,25.52,32.26,7.69,725.4,47.94,Early_Blight
18.12,78.33,24.79,14.05,35.69,14.62,5.15,613.9,33.59,Healthy
30.76,39.72,46.75,27.92,26.52,14.32,7.25,195.9,37.49,Healthy
33.32,92.83,63.15,14.28,14.47,22.48,6.46,600.8,41.63,Early_Blight
30.87,80.68,64.38,31.91,47.78,22.18,7.7,526.1,49.53,Early_Blight
25.71,37.8,51.64,30.58,36.23,37.29,6.88,965.5,49.87,Healthy
29.27,30.34,18.22,36.78,16.09,15.49,7.82,346.6,39.36,Healthy
35.98,47.02,24.68,36.63,27.69,41.42,5.23,549.8,38.01,Healthy
39.82,81.09,51.15,45.96,22.2,13.18,5.31,723.8,38.48,Root_Rot
39.99,41.86,26.95,33.98,41.87,27.52,7.79,940.4,49.46,Healthy
34.35,41.27,44.13,20.05,15.8,22.52,5.28,486.1,26.49,Healthy
23.95,85.23,30.82,46.9,37.73,33.12,7.42,280.3,39.35,Powdery_Mildew
21.49,67.47,56.77,12.43,18.97,27.14,7.63,274.6,45.51,Healthy
26.83,91.97,31.8,49.29,12.99,47.78,7.89,225.0,47.39,Bacterial_Leaf_Spot
21.6,89.97,54.72,22.84,24.44,46.69,7.88,722.8,45.89,Healthy
20.62,84.08,19.24,47.18,23.98,13.89,7.32,256.8,39.03,Powdery_Mildew
21.67,94.29,57.98,49.33,18.56,33.54,7.09,645.1,55.56,Rust
37.19,54.93,55.61,32.67,19.15,20.32,5.08,434.8,32.68,Root_Rot
27.1,85.94,62.97,16.73,39.57,31.23,5.75,922.5,43.0,Root_Rot
29.26,85.87,57.14,41.78,20.49,44.51,7.29,536.7,49.67,Bacterial_Leaf_Spot
22.51,48.51,21.65,48.72,11.17,25.34,6.23,581.1,38.64,Healthy
40.0,71.51,25.32,15.13,28.0,34.57,7.59,431.7,46.88,Early_Blight
27.53,89.13,27.6,46.09,40.44,29.36,7.8,678.5,39.84,Bacterial_Leaf_Spot
21.16,91.76,38.7,28.81,15.27,48.99,6.35,234.9,42.8,Powdery_Mildew
21.89,93.94,62.26,41.67,49.14,13.65,7.66,477.5,54.0,Rust
30.76,34.36,41.61,41.74,46.94,32.82,6.9,325.3,38.24,Healthy
18.77,31.48,57.92,35.99,39.53,39.42,4.98,242.8,37.07,Root_Rot
19.07,91.09,49.48,30.86,36.49,25.4,8.12,522.9,49.65,Rust
18.61,62.15,19.61,22.99,24.65,26.23,6.23,902.2,35.01,Healthy
33.71,89.14,35.04,19.41,41.67,42.87,6.27,920.6,42.54,Early_Blight
18.86,58.29,51.06,44.05,36.52,39.55,4.86,965.0,42.36,Root_Rot
33.24,84.77,10.81,49.63,46.61,20.69,7.28,920.9,50.75,Bacterial_Leaf_Spot
15.12,41.93,41.68,37.36,23.68,30.87,6.62,675.1,43.45,Healthy
33.33,46.57,50.16,46.3,45.7,20.81,5.65,589.7,54.73,Root_Rot
19.7,35.35,50.48,18.93,26.26,18.9,6.83,496.4,39.63,Healthy
18.61,49.87,59.74,26.01,21.18,38.79,5.36,579.5,40.04,Root_Rot
21.38,90.21,36.61,24.76,23.76,45.13,6.44,265.3,36.93,Powdery_Mildew
28.38,88.15,56.17,29.79,16.6,43.7,6.02,362.6,48.69,Early_Blight
18.23,96.06,58.42,34.47,42.13,36.39,6.49,491.0,44.15,Rust
24.7,27.95,24.27,35.29,11.58,30.73,5.51,344.2,33.25,Healthy
40.39,46.03,57.43,11.88,44.83,26.04,6.85,578.5,42.1,Healthy
30.95,68.55,34.98,33.16,27.19,29.89,6.9,283.0,34.56,Early_Blight
13.73,81.84,53.33,41.23,31.19,24.03,5.35,684.1,46.07,Root_Rot
38.51,30.3,28.43,27.8,10.68,25.72,7.86,465.4,29.62,Healthy
36.38,63.55,16.61,25.07,42.19,38.39,5.74,277.9,33.33,Healthy
33.51,92.55,33.48,12.46,35.51,25.13,4.93,921.6,26.73,Early_Blight
16.49,68.44,22.67,23.93,17.61,30.49,8.06,784.4,45.57,Healthy
22.18,61.89,61.98,23.18,26.33,39.68,6.2,642.5,46.79,Healthy
20.32,80.87,51.97,33.93,32.35,13.28,7.94,272.5,57.32,Powdery_Mildew
16.72,79.6,34.65,47.41,17.11,32.79,5.71,274.2,32.71,Healthy
20.39,90.04,60.46,18.19,40.94,39.76,6.43,423.1,46.27,Rust
38.71,53.47,63.9,19.39,17.83,28.73,5.3,834.8,39.01,Root_Rot
23.75,91.79,20.67,14.99,40.58,30.03,5.56,247.0,34.24,Powdery_Mildew
13.62,94.32,59.3,20.71,34.83,12.46,6.15,370.2,40.97,Rust
39.54,73.89,20.9,10.74,37.41,30.63,7.09,860.5,43.08,Early_Blight
36.18,46.47,44.2,29.84,41.35,33.57,6.96,798.6,45.68,Healthy
26.91,27.28,53.03,12.26,34.67,20.28,6.83,622.5,47.99,Early_Blight
23.43,90.82,27.64,43.78,33.16,29.85,7.53,293.7,34.13,Powdery_Mildew
29.37,75.51,56.52,23.65,26.33,33.49,5.39,857.5,39.73,Root_Rot
19.86,92.05,58.22,16.06,18.12,17.82,6.9,566.0,36.9,Rust
39.9,65.85,44.55,24.81,45.22,27.26,5.59,358.0,35.1,Early_Blight
12.89,52.88,58.03,25.0,29.29,17.25,6.1,754.4,43.35,Healthy
37.84,95.26,22.12,24.08,41.33,35.9,6.2,638.8,41.13,Early_Blight
19.4,85.43,17.76,42.43,15.04,35.76,7.51,386.1,35.32,Healthy
26.63,85.37,56.7,45.14,13.41,46.43,7.54,766.9,50.07,Bacterial_Leaf_Spot
34.14,59.88,55.24,21.0,10.32,34.07,6.96,594.9,42.34,Healthy
27.91,73.49,20.34,17.18,21.26,9.52,7.87,861.9,31.16,Early_Blight
25.31,87.13,20.56,48.66,15.41,23.03,7.89,340.3,38.83,Powdery_Mildew
21.94,89.13,52.13,20.7,34.24,36.69,7.27,738.1,51.24,Rust
28.64,48.37,10.59,18.84,44.41,34.19,6.02,744.8,35.54,Healthy
24.22,88.75,11.3,36.58,12.54,43.27,7.17,309.1,40.96,Powdery_Mildew
29.98,28.34,51.72,29.95,35.19,16.44,5.45,971.4,40.59,Root_Rot
24.82,84.52,12.01,47.58,34.45,20.7,7.57,235.5,45.22,Powdery_Mildew
26.4,66.35,44.94,28.65,49.01,46.21,5.9,820.6,44.41,Early_Blight
41.52,79.01,42.16,21.33,24.71,35.7,8.1,284.2,38.96,Early_Blight
22.51,86.54,21.13,28.85,37.59,42.42,7.41,255.4,39.74,Powdery_Mildew
18.51,90.12,32.87,29.76,45.28,13.6,4.98,474.8,36.44,Healthy
16.95,57.59,47.3,47.76,20.89,20.07,6.42,413.6,41.57,Healthy
23.53,86.79,12.48,34.44,12.95,36.32,7.12,250.2,34.63,Powdery_Mildew
19.6,54.93,24.51,50.48,16.59,39.83,6.76,957.2,44.35,Healthy
24.96,92.56,8.95,33.58,39.9,23.74,5.35,950.0,49.18,Early_Blight
42.16,82.3,17.75,19.56,41.28,12.05,6.1,777.9,36.59,Early_Blight
14.8,40.96,56.34,36.6,38.43,48.42,5.42,303.7,41.78,Root_Rot
31.24,89.03,19.88,49.78,44.07,35.46,7.41,510.9,41.9,Bacterial_Leaf_Spot
20.42,89.79,34.33,35.19,17.11,35.44,6.17,244.3,37.07,Powdery_Mildew
22.72,34.86,11.2,23.34,28.49,20.84,5.15,756.5,27.52,Healthy
25.71,82.55,23.65,45.78,13.86,41.46,7.72,333.8,36.94,Powdery_Mildew
41.92,84.47,27.07,32.38,23.16,43.92,7.82,652.4,44.8,Early_Blight
19.3,87.01,48.26,21.36,43.93,39.97,5.98,861.5,41.18,Rust
19.07,84.88,60.64,23.41,48.3,16.9,7.69,485.0,57.46,Rust
20.79,27.18,57.62,36.44,31.51,28.91,5.47,755.9,33.65,Root_Rot
39.42,28.63,64.52,30.77,23.98,25.77,6.73,424.4,46.1,Healthy
20.16,84.84,36.31,45.65,28.07,15.2,5.73,232.4,34.1,Powdery_Mildew
34.02,81.26,11.48,48.81,18.87,32.19,7.42,434.0,35.82,Bacterial_Leaf_Spot
21.16,81.38,24.91,30.33,21.6,36.72,7.55,317.1,42.89,Powdery_Mildew
21.33,74.46,17.26,47.88,38.76,17.07,6.16,893.6,46.17,Healthy
20.74,84.47,59.13,35.07,35.13,38.67,5.76,372.8,36.36,Root_Rot
24.41,75.82,61.27,11.9,45.81,49.83,5.8,834.2,39.13,Early_Blight
40.49,67.74,27.01,16.89,22.68,20.6,6.62,254.8,35.51,Early_Blight
28.16,41.73,25.53,18.2,20.13,37.31,7.32,524.2,45.39,Healthy
22.38,90.15,52.71,26.87,27.36,33.0,6.21,967.3,44.24,Rust
25.88,81.05,31.78,19.47,25.6,41.74,5.23,240.7,29.59,Powdery_Mildew
31.61,80.77,24.34,33.82,31.0,31.23,7.96,354.1,44.93,Early_Blight
30.56,53.65,58.96,23.24,24.2,22.09,5.93,389.6,40.65,Healthy
24.59,89.93,65.25,50.25,34.46,34.85,7.88,736.4,56.14,Healthy
19.75,44.36,14.33,37.16,43.35,35.18,7.44,519.3,42.08,Healthy
19.24,91.48,54.09,19.1,22.88,12.84,6.86,520.7,41.01,Rust
31.81,95.3,46.25,25.69,43.26,41.67,7.1,549.7,51.19,Early_Blight
28.37,38.04,17.47,11.5,27.54,17.27,7.56,995.2,34.12,Healthy
25.93,87.74,42.66,36.83,13.55,44.39,8.04,323.7,49.79,Powdery_Mildew
21.53,87.85,42.52,43.74,13.67,30.04,6.72,268.2,42.48,Powdery_Mildew
30.2,73.48,40.24,32.1,44.56,27.42,5.13,704.7,39.88,Early_Blight
28.81,68.65,26.01,34.47,18.0,24.51,6.67,556.0,44.26,Early_Blight
14.21,33.86,52.84,27.86,34.26,18.45,6.66,266.4,39.1,Healthy
25.17,90.05,54.19,48.9,19.23,30.61,7.67,217.7,54.82,Powdery_Mildew
18.73,84.1,59.18,22.67,49.69,22.52,6.19,881.1,49.74,Rust
22.59,93.7,19.33,22.36,45.3,30.41,5.36,333.7,32.48,Powdery_Mildew
15.55,30.08,54.26,27.35,16.69,25.17,5.3,671.0,35.4,Root_Rot
22.1,27.22,53.83,45.58,45.29,46.84,5.24,703.4,43.91,Root_Rot
22.0,87.79,58.77,12.97,13.72,40.58,6.71,858.2,43.5,Rust
21.22,55.84,58.85,25.42,18.18,34.3,5.72,345.6,40.38,Root_Rot
18.0,25.41,55.86,11.72,37.42,49.45,7.21,340.5,40.04,Healthy
34.49,85.63,31.05,49.23,30.66,43.13,7.56,524.0,44.11,Bacterial_Leaf_Spot
21.37,84.35,34.41,38.32,34.59,42.73,6.09,258.3,39.9,Powdery_Mildew
40.22,52.95,20.94,42.36,43.87,33.9,7.12,900.6,41.79,Healthy
30.67,82.86,18.77,13.96,25.98,13.3,5.68,599.5,37.35,Early_Blight
38.46,53.44,64.96,21.41,20.76,26.2,5.26,821.3,45.85,Root_Rot
28.21,85.32,37.47,48.95,29.89,33.78,7.38,839.1,48.93,Bacterial_Leaf_Spot
34.99,86.53,30.02,15.07,27.24,16.61,5.25,258.8,34.06,Early_Blight
41.22,83.63,63.69,30.63,39.5,28.15,7.77,656.0,54.96,Early_Blight
39.81,91.2,52.92,39.99,17.88,19.82,5.32,396.4,35.76,Root_Rot
19.06,29.24,45.57,25.61,26.28,31.86,6.08,359.9,29.21,Healthy
33.47,87.42,28.42,49.76,32.55,41.32,7.53,508.1,48.42,Bacterial_Leaf_Spot
23.7,87.84,45.02,28.16,33.25,14.36,7.61,330.9,44.8,Powdery_Mildew
36.09,66.78,12.71,30.82,42.96,17.47,8.16,918.0,43.92,Early_Blight
33.25,85.91,14.65,49.32,35.82,14.22,7.68,222.4,35.21,Bacterial_Leaf_Spot
22.31,91.57,21.6,14.35,12.98,49.61,7.12,337.8,36.97,Powdery_Mildew
31.72,80.33,44.22,38.06,45.86,34.24,7.34,414.1,42.74,Bacterial_Leaf_Spot
39.27,47.73,31.2,24.26,26.47,19.87,7.63,595.7,35.55,Healthy
22.59,49.84,46.67,16.68,21.54,42.83,6.38,271.0,38.43,Healthy
12.78,60.56,57.43,15.95,32.48,36.11,6.47,309.7,42.72,Healthy
13.29,84.04,42.3,41.96,43.93,17.82,6.49,281.3,47.95,Healthy
13.63,46.87,17.38,27.43,25.37,42.3,6.82,824.4,38.42,Healthy
35.9,68.96,27.36,11.64,37.53,45.07,7.86,934.7,58.33,Early_Blight
25.6,91.15,58.01,46.95,27.14,45.73,7.75,229.5,52.77,Powdery_Mildew
22.49,90.47,51.46,23.62,25.74,32.3,6.07,944.2,50.29,Rust
35.55,59.82,57.41,23.7,26.88,21.31,7.46,909.2,48.44,Healthy
20.05,82.18,61.16,46.79,46.68,11.02,4.75,624.6,43.13,Root_Rot
29.37,76.48,59.6,35.62,14.08,46.81,7.14,417.5,36.67,Healthy
32.31,90.15,23.3,30.73,30.4,40.07,7.85,732.9,52.27,Early_Blight
37.39,94.55,36.61,18.27,32.77,32.72,5.33,425.0,36.77,Early_Blight
23.58,87.39,20.49,17.43,15.84,24.09,4.99,288.3,30.21,Powdery_Mildew
38.28,88.96,36.09,37.73,39.85,24.96,7.57,863.4,53.53,Bacterial_Leaf_Spot
17.99,79.72,64.68,48.99,38.26,15.46,5.37,240.5,37.82,Root_Rot
24.69,89.61,60.27,19.04,12.55,32.45,6.31,543.1,38.29,Early_Blight
23.38,81.21,49.25,15.71,46.75,40.96,6.31,349.2,35.89,Powdery_Mildew
32.36,61.49,19.84,36.18,15.93,30.07,7.12,572.1,34.45,Healthy
15.17,27.26,38.77,33.57,15.23,49.2,8.0,604.4,48.46,Healthy
23.61,95.77,22.78,20.22,22.78,20.56,4.96,937.1,40.0,Healthy
31.01,84.02,58.31,33.4,13.3,16.5,5.11,228.0,37.32,Root_Rot
30.32,83.61,37.24,32.46,32.85,29.19,8.19,995.8,59.25,Early_Blight
23.94,90.34,32.11,45.81,33.88,26.0,7.46,302.7,40.63,Powdery_Mildew
26.49,38.66,57.1,43.03,33.29,16.2,5.67,955.3,43.77,Root_Rot
24.79,83.39,32.91,48.09,35.85,29.65,7.17,329.9,44.42,Powdery_Mildew
15.64,93.35,56.78,17.53,37.91,32.5,5.13,945.9,43.99,Root_Rot
20.72,94.61,57.61,16.92,43.62,37.9,6.29,455.1,44.76,Rust
20.5,83.48,23.05,40.51,34.2,12.54,5.07,248.0,30.7,Powdery_Mildew
40.05,53.9,62.9,47.68,30.49,42.38,7.68,527.4,57.87,Healthy
39.35,31.11,30.66,11.26,24.62,14.66,5.09,864.7,29.52,Early_Blight
16.28,28.68,11.29,40.77,46.65,13.54,5.31,254.2,27.58,Healthy
37.76,66.5,34.26,31.14,11.83,21.76,6.79,553.7,36.96,Early_Blight
35.25,34.17,54.53,41.8,22.52,20.53,4.93,773.6,40.83,Root_Rot
27.04,23.47,45.97,22.33,12.19,43.8,5.25,503.4,32.86,Healthy
26.95,88.25,20.11,40.57,42.65,12.97,7.99,220.0,50.37,Bacterial_Leaf_Spot
25.53,62.19,40.26,20.85,18.84,24.03,5.61,580.4,34.11,Healthy
27.3,68.77,24.17,24.16,18.6,17.23,7.1,769.7,41.99,Early_Blight
21.95,87.63,59.26,35.62,46.24,20.97,7.24,892.8,50.29,Rust
15.1,26.45,33.16,37.88,25.67,37.44,4.98,800.9,41.11,Healthy
29.41,83.67,14.94,45.16,25.49,30.98,7.79,723.0,47.46,Bacterial_Leaf_Spot
33.03,74.85,29.94,24.88,47.26,26.36,6.62,507.0,44.55,Bacterial_Leaf_Spot
34.6,39.81,55.48,25.0,40.35,27.04,5.07,423.2,41.83,Root_Rot
37.71,68.8,38.07,30.94,32.38,44.9,6.14,491.4,41.84,Early_Blight
38.53,59.64,51.91,24.17,34.38,27.77,8.34,911.3,51.2,Healthy
33.73,91.1,40.12,14.49,20.31,22.35,5.94,977.0,37.15,Early_Blight
28.2,86.73,14.59,45.54,27.46,31.33,7.88,468.0,40.18,Bacterial_Leaf_Spot
31.39,83.88,14.03,48.35,39.01,14.25,7.66,236.0,47.27,Bacterial_Leaf_Spot
39.47,92.17,16.56,19.87,21.59,15.78,6.46,658.4,29.96,Early_Blight
18.94,55.62,55.91,28.01,30.23,45.3,6.11,528.5,43.05,Healthy
34.69,43.98,8.98,22.93,33.16,36.07,7.18,441.8,43.3,Healthy
21.04,86.86,42.27,23.35,16.02,27.53,7.28,272.7,34.41,Powdery_Mildew
31.54,84.21,54.06,45.46,13.62,44.32,7.47,826.0,51.96,Bacterial_Leaf_Spot
35.47,75.91,46.07,22.51,10.36,37.71,7.42,507.8,44.22,Early_Blight
42.37,89.04,9.47,13.48,26.31,36.57,7.61,688.2,37.15,Early_Blight
35.72,62.38,62.95,16.58,39.01,30.46,5.29,526.0,40.57,Root_Rot
20.63,93.34,47.43,41.65,15.44,33.66,6.87,230.6,46.46,Powdery_Mildew
29.41,80.5,44.38,27.82,14.66,13.79,6.31,322.4,35.89,Early_Blight
20.89,84.48,49.03,20.37,42.19,38.19,7.51,253.3,45.37,Powdery_Mildew
21.37,85.06,38.3,25.73,16.13,17.8,7.03,292.5,38.23,Powdery_Mildew
21.17,88.37,44.17,22.11,39.33,37.12,7.86,261.0,57.49,Powdery_Mildew
36.39,77.5,18.35,14.93,43.69,27.8,7.47,946.4,41.72,Early_Blight
31.19,63.15,13.24,13.6,16.84,48.16,6.99,961.9,38.98,Healthy
32.99,91.49,60.9,45.02,39.57,26.92,5.44,386.1,52.11,Root_Rot
17.72,28.24,55.85,30.11,22.47,23.4,5.59,751.6,37.33,Root_Rot
22.4,89.29,56.46,22.33,23.49,45.64,7.79,724.3,52.63,Rust
35.38,77.61,26.59,31.39,14.04,39.47,7.96,386.3,42.52,Early_Blight
27.7,88.76,24.97,45.01,38.53,28.82,7.86,693.6,48.61,Bacterial_Leaf_Spot
28.6,84.7,37.82,31.86,26.25,47.28,7.65,797.5,42.8,Early_Blight
39.13,74.19,52.24,28.92,41.89,26.37,6.46,579.7,50.26,Early_Blight
35.33,67.65,37.42,32.31,45.36,13.55,6.04,340.7,30.6,Root_Rot
28.6,90.31,16.44,37.27,41.92,44.34,4.83,736.9,37.27,Healthy
16.97,66.13,24.07,40.26,15.39,46.58,5.88,517.5,37.63,Healthy
16.25,88.99,34.59,11.73,31.55,18.98,4.98,420.3,32.16,Healthy
24.21,81.08,47.93,49.59,47.89,17.1,7.43,955.5,52.12,Healthy
24.03,85.8,61.38,23.24,34.93,39.91,5.78,867.9,55.05,Root_Rot
23.87,86.72,61.99,36.14,27.12,39.17,5.55,772.8,52.38,Root_Rot
30.93,93.47,16.08,15.12,23.2,13.18,6.58,999.1,37.23,Early_Blight
13.92,85.72,58.39,20.73,29.52,13.54,6.75,860.3,47.39,Rust
27.42,94.54,37.69,32.25,14.01,28.49,7.16,402.5,37.21,Early_Blight
26.52,77.35,59.7,25.3,48.56,27.47,6.98,706.7,53.9,Early_Blight
35.21,42.44,24.38,29.8,22.0,17.15,4.92,834.3,29.16,Healthy
27.02,88.37,33.56,43.31,20.89,13.02,6.9,903.6,43.98,Healthy
11.81,36.76,46.92,24.15,14.2,14.71,8.09,777.6,41.95,Healthy
29.32,66.81,45.89,26.43,21.57,22.94,6.51,880.2,46.37,Early_Blight
19.04,31.13,58.97,35.38,40.55,40.35,5.01,268.4,36.56,Root_Rot
34.02,33.68,33.25,47.18,22.79,17.18,6.21,537.5,27.09,Healthy
13.94,32.69,61.72,30.96,49.28,44.84,5.04,324.6,43.39,Root_Rot
17.71,63.7,26.8,32.85,14.1,19.51,6.7,544.1,39.45,Healthy
20.87,82.71,60.63,43.47,36.13,21.68,8.14,733.0,59.49,Rust
29.01,77.63,47.92,17.1,43.78,47.99,5.39,818.1,41.77,Early_Blight
23.06,93.72,55.72,47.58,32.74,37.69,6.84,558.7,47.34,Rust
31.4,29.06,25.13,27.78,49.6,46.54,7.06,725.5,45.46,Healthy
24.71,86.51,20.32,47.93,14.69,28.35,7.83,339.5,41.19,Powdery_Mildew
20.45,89.38,55.94,26.82,24.02,33.17,5.9,954.5,45.15,Rust
16.39,88.38,53.09,22.4,14.69,25.5,6.95,668.3,49.59,Rust
35.75,83.23,38.28,39.82,21.43,16.33,8.12,246.8,38.34,Bacterial_Leaf_Spot
21.79,63.21,52.16,15.93,27.39,46.84,5.65,331.4,36.77,Root_Rot
23.88,95.75,24.06,19.79,23.17,18.97,4.79,919.6,29.91,Healthy
19.73,50.68,59.25,25.72,20.83,37.21,5.58,443.5,43.34,Root_Rot
24.07,90.3,45.62,19.79,27.0,18.68,6.25,663.2,42.69,Early_Blight
27.77,47.95,49.15,29.99,42.56,41.13,7.63,994.6,44.76,Healthy
28.01,26.52,29.29,20.41,47.31,34.59,5.21,994.9,37.77,Healthy
30.46,92.44,39.94,46.43,25.61,32.54,7.45,722.6,44.04,Healthy
23.51,93.81,34.69,16.0,33.93,14.45,7.19,316.1,33.82,Powdery_Mildew
18.09,63.32,61.67,18.74,12.61,37.2,7.94,238.7,45.11,Healthy
20.39,84.59,22.85,39.89,35.13,13.14,5.19,238.6,34.37,Powdery_Mildew
19.93,56.28,32.01,43.5,36.56,11.48,5.81,383.3,38.4,Healthy
22.26,83.1,52.63,29.45,26.95,12.45,7.7,295.0,45.26,Powdery_Mildew
13.54,71.58,42.02,42.78,20.89,33.01,5.9,335.2,39.85,Healthy
37.77,29.64,31.26,15.84,23.36,38.3,5.83,556.1,36.12,Healthy
20.12,75.5,25.06,27.63,34.27,36.16,6.71,266.3,34.57,Healthy
27.47,39.91,20.23,41.89,43.46,44.18,6.27,463.7,35.34,Healthy
28.34,29.52,26.44,49.73,38.46,15.68,5.24,406.1,34.21,Healthy
18.85,57.22,61.2,19.77,19.51,24.32,5.08,324.8,34.56,Root_Rot
23.5,93.8,33.97,16.59,34.27,13.79,7.2,322.2,29.84,Powdery_Mildew
22.99,88.7,27.56,47.93,37.93,30.74,7.74,265.6,56.91,Powdery_Mildew
18.75,61.92,58.34,44.43,41.64,38.97,5.61,327.1,46.81,Root_Rot
29.43,75.62,33.09,30.8,48.03,17.09,5.94,820.0,40.17,Early_Blight
16.76,34.36,54.86,39.14,38.92,48.49,8.18,1003.9,56.99,Healthy
28.39,79.05,37.05,28.12,15.18,11.02,5.15,408.9,37.76,Early_Blight
40.96,60.46,12.09,16.45,30.2,28.56,7.84,617.5,40.94,Healthy
33.59,89.71,16.65,46.07,13.47,49.56,7.86,354.1,35.65,Bacterial_Leaf_Spot
21.74,89.91,51.87,14.97,35.77,20.42,6.46,815.8,43.59,Rust
23.5,92.6,35.07,50.32,10.83,33.42,5.69,246.1,34.99,Powdery_Mildew
18.65,87.21,25.22,25.84,13.58,47.26,5.58,852.1,43.97,Healthy
30.39,71.45,15.69,15.68,29.25,36.68,6.35,992.9,34.05,Early_Blight
21.88,91.28,43.83,22.65,16.53,34.43,7.67,254.0,42.74,Powdery_Mildew
17.32,89.83,51.1,49.55,26.04,15.87,6.85,492.3,44.52,Rust
35.05,76.11,48.87,24.62,16.0,15.9,7.86,924.8,50.43,Early_Blight
17.51,38.39,59.26,47.17,29.56,38.23,5.16,308.4,40.86,Root_Rot
33.69,84.4,23.88,34.66,28.27,48.4,7.74,910.5,51.43,Early_Blight
28.97,78.88,65.22,47.93,34.56,19.64,7.51,242.4,52.29,Bacterial_Leaf_Spot
16.4,66.61,59.31,48.23,24.65,32.75,5.69,238.2,45.29,Root_Rot
19.2,58.31,59.69,50.04,47.15,11.68,5.91,782.4,46.94,Healthy
28.73,68.39,14.41,24.09,15.48,11.88,5.69,421.4,27.07,Early_Blight
41.17,91.93,18.42,21.25,28.05,40.09,8.1,328.2,36.37,Early_Blight
26.62,76.76,59.97,31.19,27.24,31.02,5.95,573.5,45.06,Early_Blight
38.44,78.56,45.5,34.81,29.44,34.56,5.2,801.9,41.94,Early_Blight
37.45,89.88,35.02,23.47,13.12,31.18,7.71,725.9,44.65,Early_Blight
31.2,35.38,29.04,48.75,22.82,20.53,5.52,393.4,27.7,Healthy
30.44,52.64,38.11,12.46,9.55,23.62,5.02,643.1,32.21,Healthy
40.22,85.97,28.47,43.09,34.78,36.69,6.49,614.2,42.72,Rust
17.15,71.91,60.54,34.28,27.65,36.47,7.28,364.0,56.62,Healthy
27.85,73.01,49.53,14.32,12.68,15.3,5.5,289.0,29.57,Early_Blight
38.98,73.12,12.28,14.55,46.14,33.74,6.74,561.5,44.35,Powdery_Mildew
36.41,29.58,62.67,29.51,32.23,31.12,5.27,392.0,45.88,Root_Rot
40.8,91.29,65.09,27.91,46.95,14.91,6.64,301.1,46.17,Early_Blight
37.3,79.2,9.98,33.72,29.04,26.14,6.74,699.8,43.69,Early_Blight
21.59,83.39,54.99,13.37,26.48,32.75,6.26,244.2,34.32,Powdery_Mildew
30.16,43.04,49.08,33.31,10.42,37.55,7.85,277.0,44.32,Healthy
33.45,86.54,18.02,23.46,44.27,28.55,5.54,431.0,33.25,Healthy
33.58,89.61,50.13,13.29,34.34,44.57,6.34,312.2,42.06,Early_Blight
24.63,90.09,17.75,42.62,26.92,27.89,7.52,265.8,42.34,Powdery_Mildew
41.28,70.75,46.7,14.64,30.75,25.05,6.09,376.8,39.43,Early_Blight
22.0,84.01,57.25,32.01,21.92,25.61,7.62,779.9,51.24,Rust
14.64,88.82,53.12,41.49,47.72,11.41,6.02,344.5,41.97,Rust
32.83,79.76,20.54,47.14,48.6,21.88,7.42,853.9,39.13,Bacterial_Leaf_Spot
26.53,51.55,29.71,21.32,21.8,44.96,8.0,493.7,42.46,Healthy
29.32,45.52,17.8,24.63,32.36,12.89,7.07,763.2,34.51,Healthy
29.66,85.26,58.54,48.7,35.03,27.62,7.86,486.1,49.93,Bacterial_Leaf_Spot
22.02,93.0,19.66,46.5,29.45,34.61,7.47,329.5,42.73,Powdery_Mildew
17.45,59.43,60.05,41.92,21.81,37.45,5.12,958.5,43.42,Root_Rot
30.76,82.25,12.82,27.63,24.52,24.28,7.94,631.2,39.84,Early_Blight
25.6,78.0,55.9,43.36,33.49,47.05,5.54,700.2,56.38,Rust
31.65,73.89,50.85,19.8,30.44,21.83,8.11,493.0,47.05,Early_Blight
23.88,90.58,11.3,37.83,13.47,45.84,7.24,331.0,34.11,Powdery_Mildew
14.55,71.59,54.56,28.39,34.18,13.57,5.73,845.2,49.29,Root_Rot
32.85,90.07,52.37,31.01,30.17,19.36,5.87,575.7,39.58,Early_Blight
36.25,67.4,10.19,23.27,25.35,35.28,5.86,323.0,26.34,Early_Blight
36.85,59.55,28.31,17.16,24.75,13.66,5.84,282.5,33.0,Healthy
14.55,26.0,63.06,25.67,10.3,9.23,5.77,656.2,30.78,Root_Rot
23.06,89.68,52.32,41.04,43.94,18.08,8.08,516.9,54.16,Rust
18.44,90.91,51.14,29.25,50.87,33.66,8.17,387.2,54.26,Rust
36.37,71.98,38.64,41.83,49.5,48.35,5.84,226.0,41.95,Healthy
33.62,83.86,20.42,46.19,44.32,34.6,7.83,645.3,47.32,Bacterial_Leaf_Spot
21.42,87.23,38.29,38.96,15.13,34.39,6.52,246.2,40.34,Powdery_Mildew
30.21,84.79,58.59,45.87,38.84,24.86,8.06,441.2,53.39,Bacterial_Leaf_Spot
35.1,91.43,21.85,27.29,29.61,14.4,7.14,886.2,46.17,Early_Blight
25.46,36.44,52.5,39.38,44.55,38.79,6.74,373.4,48.16,Healthy
27.11,33.12,43.43,26.18,15.16,19.49,7.29,962.7,41.99,Healthy
25.34,89.12,49.95,47.77,25.68,40.48,7.67,204.0,47.37,Powdery_Mildew
38.71,68.16,51.07,35.93,17.36,13.44,5.59,577.2,41.12,Root_Rot
40.92,76.0,9.71,19.39,16.65,40.86,4.94,491.5,32.02,Early_Blight
29.67,77.94,15.92,20.74,42.05,44.65,7.04,291.6,40.13,Early_Blight
15.53,51.55,50.69,43.25,36.4,29.94,5.43,552.4,41.26,Root_Rot
19.85,76.58,18.19,37.15,37.44,31.06,6.35,584.9,37.14,Healthy
24.29,88.04,60.47,30.17,16.5,46.01,5.39,544.1,46.57,Root_Rot
37.39,50.39,58.58,18.9,27.13,35.83,4.9,508.8,40.44,Root_Rot
21.38,86.45,38.73,26.98,31.21,17.28,7.54,219.4,41.48,Early_Blight
13.5,48.76,63.34,36.39,26.03,38.13,5.65,497.6,43.59,Root_Rot
20.95,71.93,35.48,29.53,29.2,20.41,5.91,313.0,30.68,Healthy
22.59,83.2,50.1,15.29,18.4,25.53,5.68,280.4,35.39,Root_Rot
17.17,93.91,57.1,28.96,15.25,38.83,5.52,486.0,46.97,Root_Rot
30.39,70.57,51.98,33.65,17.91,42.76,6.99,488.6,44.07,Early_Blight
35.72,64.73,56.09,32.68,34.56,19.55,5.34,749.1,43.98,Root_Rot
23.44,74.33,62.44,41.83,38.21,23.54,5.66,956.5,42.98,Root_Rot
22.21,87.12,58.38,24.85,23.96,46.46,7.82,807.4,53.23,Rust
28.2,43.53,13.05,29.08,25.76,37.06,7.84,762.8,39.44,Healthy
30.76,88.14,10.24,46.37,35.06,17.76,7.66,617.0,55.0,Bacterial_Leaf_Spot
22.15,92.54,30.18,33.42,45.97,22.51,7.56,299.9,36.82,Powdery_Mildew
29.16,92.8,19.05,39.7,12.47,24.39,5.25,267.9,35.68,Healthy
28.58,60.02,40.6,14.07,24.37,47.85,6.68,231.9,46.14,Healthy
18.76,50.85,52.83,41.76,49.35,12.35,7.39,656.3,48.39,Healthy
24.73,86.6,42.7,48.61,47.03,19.6,7.77,259.6,43.8,Powdery_Mildew
21.47,27.51,61.78,33.23,35.91,13.09,6.17,859.1,36.81,Healthy
30.51,52.25,58.46,22.11,26.06,23.43,6.04,404.2,44.96,Root_Rot
17.85,53.2,60.2,27.57,20.79,29.18,5.35,961.5,40.92,Root_Rot
21.64,92.02,23.01,14.91,14.05,47.66,7.01,303.8,39.96,Powdery_Mildew
21.03,88.04,55.98,26.62,17.33,13.16,7.34,933.8,52.36,Rust
21.67,79.44,21.82,34.77,34.95,36.2,6.66,563.1,33.04,Healthy
34.32,82.42,39.75,43.28,13.66,22.31,5.77,687.7,38.99,Healthy
31.12,83.79,47.26,11.36,29.62,48.51,7.82,836.6,50.47,Early_Blight
30.31,78.1,18.4,27.51,29.52,21.86,6.12,620.5,39.35,Rust
17.21,74.25,57.67,40.8,46.59,25.71,7.96,428.6,52.05,Healthy
19.04,91.97,53.04,12.68,42.19,24.02,6.73,836.8,43.63,Rust
22.57,41.72,42.82,31.98,26.77,31.24,5.6,949.6,44.01,Healthy
34.53,85.8,58.43,46.18,10.11,50.22,4.78,801.9,44.74,Root_Rot
21.87,65.98,51.8,46.19,17.5,26.68,5.06,721.3,38.45,Root_Rot
14.74,25.67,49.54,48.95,23.17,33.2,7.94,818.2,48.46,Healthy
31.33,91.1,29.95,27.19,14.02,33.17,4.87,608.8,33.44,Early_Blight
34.3,75.69,40.11,30.75,24.6,42.59,5.58,440.1,36.62,Early_Blight
24.15,69.41,57.56,38.75,36.17,46.97,5.71,687.0,50.37,Root_Rot
35.05,37.64,51.8,37.68,32.31,36.29,7.66,907.6,49.43,Healthy
26.52,94.1,51.82,21.76,44.87,27.23,4.83,619.0,39.96,Root_Rot
33.67,89.35,52.4,24.79,30.45,32.84,8.18,602.2,48.47,Early_Blight
23.72,82.64,42.36,45.25,34.05,48.66,6.11,312.6,44.85,Powdery_Mildew
27.31,62.83,18.6,50.22,28.79,18.48,7.4,836.8,30.08,Healthy
23.11,84.08,55.28,28.25,24.65,13.28,7.31,283.8,36.91,Powdery_Mildew
39.82,79.36,53.89,30.8,37.16,24.57,5.03,682.3,51.17,Root_Rot
25.86,86.56,61.48,45.64,41.54,26.87,7.64,430.8,57.36,Bacterial_Leaf_Spot
21.5,45.39,49.64,33.61,40.12,16.87,6.59,698.4,46.26,Healthy
21.84,89.94,56.58,18.21,16.79,22.88,7.17,439.3,45.87,Rust
22.93,83.2,63.25,39.53,38.9,36.03,6.6,257.0,50.52,Powdery_Mildew
26.6,44.26,9.62,21.56,14.67,31.77,5.0,371.2,22.43,Healthy
26.37,84.73,14.08,46.13,25.35,49.6,7.77,643.3,48.82,Bacterial_Leaf_Spot
21.7,92.13,48.09,43.34,29.83,30.03,6.12,268.5,39.6,Powdery_Mildew
28.26,37.44,47.64,39.08,14.61,33.26,6.35,393.8,39.13,Healthy
40.06,79.99,38.9,43.8,12.76,38.99,7.86,827.7,48.65,Bacterial_Leaf_Spot
21.59,77.97,21.55,33.27,37.21,35.64,6.77,564.9,45.71,Healthy
18.22,80.54,13.53,31.39,25.96,27.88,5.33,745.6,35.15,Healthy
30.07,89.86,21.39,46.51,13.32,11.03,7.44,471.3,35.62,Bacterial_Leaf_Spot
35.91,49.33,12.48,44.5,12.45,29.21,6.85,352.1,36.22,Bacterial_Leaf_Spot
18.79,41.14,51.38,17.08,22.62,45.08,6.41,666.9,39.14,Healthy
36.05,76.53,59.86,44.58,28.17,23.05,5.42,729.4,45.75,Root_Rot
30.63,81.78,56.71,19.87,49.92,34.72,5.12,226.6,48.54,Root_Rot
20.99,88.85,38.97,30.53,20.64,43.79,7.18,292.8,40.16,Powdery_Mildew
19.96,58.47,52.9,18.48,18.46,27.99,7.34,849.0,49.37,Healthy
28.03,89.45,50.99,12.2,36.39,16.99,7.67,598.6,48.66,Early_Blight
21.56,89.28,28.98,45.71,18.03,22.31,6.01,254.4,45.67,Powdery_Mildew
22.43,91.18,56.54,21.41,11.31,43.4,6.28,411.2,45.45,Rust
20.21,82.99,43.86,22.71,41.73,35.22,7.54,256.1,40.08,Powdery_Mildew
30.02,38.57,17.61,12.56,28.46,17.67,7.54,963.3,36.38,Healthy
14.02,89.99,55.8,18.43,15.17,27.2,6.68,676.2,42.69,Rust
25.76,87.43,61.71,44.61,27.44,14.61,7.78,697.0,54.91,Bacterial_Leaf_Spot
22.67,94.14,51.23,17.2,18.03,14.67,6.62,726.4,42.17,Rust
25.58,94.44,48.78,36.16,37.42,31.64,5.05,278.6,39.73,Powdery_Mildew
26.63,86.48,56.26,48.24,36.69,47.33,7.78,535.1,60.13,Bacterial_Leaf_Spot
19.87,83.05,64.43,21.6,37.08,38.72,6.84,371.3,42.49,Rust
21.85,87.46,45.02,34.69,49.58,49.84,6.08,745.1,48.56,Healthy
20.8,88.0,53.42,47.85,11.94,25.39,7.57,429.3,45.14,Rust
31.91,34.76,7.83,21.54,47.55,26.48,7.09,640.2,38.75,Healthy
23.07,91.99,19.88,36.0,40.09,44.12,7.23,310.8,51.15,Powdery_Mildew
33.62,78.48,62.75,12.04,24.58,39.56,5.2,556.5,44.04,Root_Rot
24.87,88.45,23.49,28.92,47.43,40.52,5.43,224.4,35.37,Powdery_Mildew
33.27,85.29,46.4,35.37,32.43,33.86,7.95,970.2,54.3,Bacterial_Leaf_Spot
20.55,91.5,53.23,17.66,20.67,13.66,6.73,643.5,43.11,Rust
40.37,41.96,62.93,15.39,28.26,31.04,5.44,724.7,39.11,Powdery_Mildew
29.93,34.96,44.68,32.79,29.36,10.75,5.03,223.5,34.17,Healthy
30.87,69.47,60.28,44.95,43.3,22.62,5.69,602.5,47.28,Root_Rot
26.67,93.92,14.32,37.09,21.25,15.29,8.05,389.0,39.29,Bacterial_Leaf_Spot
19.47,46.63,20.96,39.74,11.19,15.07,6.26,384.5,22.81,Healthy
14.73,33.74,59.46,34.47,43.8,46.32,5.18,342.1,39.27,Root_Rot
22.2,86.01,47.36,14.93,19.59,25.96,5.34,274.6,40.94,Powdery_Mildew
30.09,36.18,38.8,32.06,42.31,11.84,7.53,580.1,44.27,Healthy
37.92,87.49,16.43,30.41,30.79,26.55,5.06,1006.9,43.54,Early_Blight
23.48,37.0,22.87,42.62,35.68,32.78,5.02,228.9,25.84,Early_Blight
23.75,50.04,53.58,35.89,34.7,18.78,6.08,520.0,45.72,Healthy
27.68,30.99,27.04,35.53,42.47,12.16,5.66,227.4,29.97,Healthy
41.52,47.17,55.32,14.14,30.74,49.2,7.75,990.4,48.68,Healthy
18.56,90.5,53.92,43.37,27.09,39.75,7.45,779.2,49.09,Rust
24.88,62.96,29.53,40.66,33.58,40.47,5.97,659.3,37.36,Healthy
24.1,83.61,42.32,47.35,33.12,47.78,5.96,324.3,44.93,Powdery_Mildew
36.84,52.44,56.54,32.85,39.82,13.62,5.43,796.8,40.61,Root_Rot
25.47,82.99,64.5,48.51,45.7,43.23,7.57,644.1,54.86,Bacterial_Leaf_Spot
30.93,84.48,34.56,15.3,30.84,44.83,6.43,926.8,49.85,Early_Blight
12.0,78.27,49.15,41.13,23.11,31.11,6.31,346.8,41.91,Healthy
39.55,80.52,62.63,14.0,31.99,18.23,8.06,750.5,49.17,Early_Blight
26.92,84.53,48.31,47.63,51.02,34.25,7.87,347.2,59.42,Bacterial_Leaf_Spot
27.24,78.67,13.13,19.2,23.3,10.7,7.57,718.3,32.78,Early_Blight
22.07,87.69,24.78,13.15,32.85,32.91,6.19,304.6,32.49,Early_Blight
26.68,25.9,54.61,12.03,32.89,19.03,6.76,622.8,39.31,Healthy
19.37,31.5,59.17,34.38,35.24,28.41,5.74,902.1,47.03,Root_Rot
25.87,65.27,53.79,14.59,47.74,37.68,4.93,796.9,43.74,Root_Rot
21.71,86.76,19.52,38.24,12.37,22.75,5.53,253.9,33.42,Powdery_Mildew
39.48,77.5,20.9,10.55,39.71,36.18,8.04,400.5,34.68,Early_Blight
29.2,72.99,37.77,14.52,23.51,17.75,4.94,286.7,32.07,Early_Blight
31.44,88.08,24.85,11.26,45.01,29.79,5.11,465.7,29.71,Early_Blight
24.46,62.85,44.16,46.95,46.96,36.15,7.2,507.7,50.36,Healthy
14.39,65.05,43.53,30.34,23.89,39.84,6.93,862.8,52.43,Healthy
15.49,90.11,61.5,33.91,21.9,44.87,6.54,286.0,45.56,Rust
26.69,70.3,65.38,21.67,15.21,40.35,6.6,469.4,42.49,Early_Blight
40.32,46.88,55.64,16.82,40.35,15.87,5.05,815.4,37.02,Root_Rot
32.11,74.02,14.83,22.2,20.05,13.26,4.99,782.4,28.88,Early_Blight
28.49,77.58,11.1,31.51,31.99,41.74,7.72,804.0,46.4,Early_Blight
35.4,73.04,47.45,42.23,35.63,44.95,5.15,897.7,49.55,Healthy
33.4,75.76,64.72,16.8,14.2,25.47,5.17,921.2,44.45,Root_Rot
25.8,84.57,49.81,20.42,13.52,12.96,7.39,286.2,39.1,Powdery_Mildew
17.35,33.24,54.75,30.85,22.18,36.1,4.9,390.2,39.83,Root_Rot
29.09,30.03,60.23,44.0,24.4,32.28,5.21,921.0,42.24,Root_Rot
18.93,73.38,38.5,43.55,16.7,26.37,7.73,790.0,49.8,Healthy
20.48,86.68,42.98,24.97,25.46,41.11,7.32,274.3,46.55,Powdery_Mildew
16.39,92.85,58.42,24.5,47.3,50.78,7.59,408.4,60.68,Rust
29.24,78.42,53.46,39.91,30.82,13.16,5.6,672.2,40.27,Root_Rot
26.4,55.58,50.61,22.58,16.57,34.83,5.9,970.5,41.6,Healthy
22.44,90.94,22.77,17.22,25.53,45.45,7.64,313.7,37.54,Powdery_Mildew
31.06,65.99,44.42,27.74,48.71,17.16,6.17,633.4,38.67,Early_Blight
16.87,50.28,43.25,28.42,30.37,42.94,7.21,524.0,51.38,Healthy
40.11,28.35,25.08,28.13,40.11,18.65,5.23,666.7,29.17,Healthy
22.79,83.32,62.82,42.07,22.19,28.18,5.81,445.1,43.76,Rust
34.96,74.41,33.37,17.99,42.85,46.98,6.93,701.1,52.91,Early_Blight
35.94,29.95,38.95,41.02,46.03,14.74,6.31,668.7,38.32,Healthy
12.94,33.61,59.95,40.45,44.67,23.38,5.67,751.0,45.54,Root_Rot
37.3,79.08,24.63,39.15,20.68,28.93,7.93,296.5,37.75,Bacterial_Leaf_Spot
33.67,31.52,43.66,46.57,22.41,20.33,6.53,474.9,45.38,Early_Blight
13.23,73.35,42.36,41.78,21.27,32.88,5.78,363.5,42.37,Healthy
23.15,87.21,25.43,33.36,18.39,29.53,6.47,247.2,34.71,Powdery_Mildew
20.37,67.06,54.62,33.31,11.52,33.62,5.55,240.7,42.12,Root_Rot
41.29,34.13,44.38,18.63,11.88,30.65,7.47,264.1,39.77,Healthy
26.36,92.13,55.22,34.69,49.35,37.28,6.8,350.5,41.68,Early_Blight
14.45,25.81,58.72,26.77,26.09,21.08,4.81,320.9,41.28,Root_Rot
30.84,37.32,49.89,32.09,21.16,17.5,5.1,443.1,40.47,Healthy
20.91,92.12,53.99,16.72,32.84,44.27,7.69,776.9,47.6,Rust
19.01,89.54,58.22,16.65,19.29,16.49,6.62,546.5,48.53,Rust
25.97,85.43,56.38,38.55,34.04,35.3,5.54,415.4,45.26,Root_Rot
28.45,31.01,52.93,16.21,23.27,19.41,5.26,225.3,31.49,Root_Rot
34.85,64.24,19.69,37.98,36.43,39.06,5.53,513.6,26.86,Healthy
19.75,71.27,28.53,31.65,9.97,15.26,7.45,497.4,41.5,Healthy
28.14,36.95,63.84,43.84,49.0,12.55,5.15,813.8,40.75,Root_Rot
40.9,67.9,9.47,27.86,48.18,39.55,7.54,692.1,42.61,Early_Blight
23.45,87.77,12.26,36.05,11.98,39.61,7.19,289.7,34.25,Powdery_Mildew
23.23,85.45,15.98,29.89,36.37,21.93,4.86,323.3,32.55,Powdery_Mildew
31.38,82.31,60.37,46.54,23.21,38.46,7.63,923.0,55.67,Bacterial_Leaf_Spot
34.05,50.46,50.26,28.51,31.82,11.34,5.69,821.5,46.27,Root_Rot
21.85,88.7,54.51,41.33,39.39,22.77,8.05,436.8,50.29,Rust
22.04,84.98,17.5,36.26,17.55,23.85,5.45,247.0,29.17,Powdery_Mildew
32.54,39.41,45.08,41.76,42.88,29.4,6.36,344.9,31.03,Healthy
21.39,92.17,42.51,43.99,19.55,26.51,6.57,274.4,40.35,Powdery_Mildew
33.41,86.45,34.98,11.6,22.89,32.18,4.96,592.1,39.39,Early_Blight
26.13,82.94,49.48,32.91,29.54,23.68,6.42,837.9,44.34,Early_Blight
16.2,41.11,47.25,29.82,8.58,16.08,5.5,189.0,29.0,Healthy
30.72,74.81,24.26,25.25,15.81,26.84,5.57,739.6,33.18,Early_Blight
24.97,73.85,37.54,10.4,39.64,29.63,6.44,482.0,35.11,Early_Blight
22.28,93.74,20.49,48.97,32.36,27.43,7.85,329.5,34.79,Powdery_Mildew
18.66,31.21,59.58,26.14,34.51,45.35,5.18,592.1,50.69,Root_Rot
37.69,58.46,33.45,10.25,26.47,30.69,7.65,758.6,34.95,Healthy
23.1,81.39,40.91,32.52,43.16,44.32,7.32,334.0,45.34,Powdery_Mildew
35.93,74.61,8.72,25.29,35.22,24.07,5.48,251.4,30.41,Early_Blight
13.9,31.92,64.54,16.0,11.28,12.2,6.71,392.0,35.84,Healthy
25.68,81.99,62.29,49.53,47.49,49.14,7.56,643.7,61.83,Bacterial_Leaf_Spot
27.77,82.45,21.84,15.09,18.18,15.23,7.84,679.2,40.53,Early_Blight
40.29,52.52,60.55,20.58,33.92,39.11,5.62,468.1,41.64,Healthy
24.66,60.11,53.74,33.38,26.12,20.06,6.65,248.4,42.37,Healthy
23.44,81.37,51.75,47.97,24.44,18.05,8.07,265.2,53.96,Powdery_Mildew
35.07,91.67,52.08,45.61,37.75,36.76,5.67,864.8,50.91,Root_Rot
29.97,30.12,63.69,24.39,14.38,41.59,4.77,250.8,37.11,Root_Rot
32.58,84.75,49.09,35.4,33.12,36.62,7.24,566.5,46.95,Healthy
35.99,88.63,35.54,43.95,37.98,30.37,7.52,881.3,45.58,Bacterial_Leaf_Spot
32.68,37.67,61.8,39.34,44.42,29.35,5.08,651.5,47.44,Root_Rot
34.91,45.83,49.35,45.93,35.89,40.78,7.74,567.4,55.86,Healthy
25.65,95.02,21.42,23.43,36.83,35.31,5.05,692.8,39.9,Early_Blight
21.3,94.88,54.26,13.24,36.04,32.77,6.4,796.4,44.0,Rust
28.53,54.24,16.67,48.86,24.38,12.49,7.95,336.4,39.39,Healthy
22.13,84.36,44.05,41.47,36.05,38.5,7.67,303.1,48.42,Powdery_Mildew
23.56,92.44,49.06,40.78,17.26,27.13,7.83,331.2,48.62,Powdery_Mildew
34.37,45.52,61.07,37.76,41.8,17.87,7.41,825.2,54.68,Healthy
25.97,82.24,27.98,22.8,11.77,37.23,7.52,646.3,40.42,Early_Blight
41.6,88.49,14.67,14.72,25.6,10.65,5.46,774.7,36.26,Early_Blight
22.3,88.62,56.43,28.64,29.78,48.76,7.15,524.6,51.47,Rust
19.99,91.61,55.15,25.61,40.71,36.24,6.51,737.4,47.2,Rust
22.04,88.2,52.98,21.03,34.19,35.45,7.32,718.4,51.15,Rust
20.78,88.23,46.02,23.92,25.12,38.93,7.49,270.1,52.13,Powdery_Mildew
22.48,86.46,58.93,27.16,21.16,45.7,7.76,836.2,55.75,Rust
26.34,85.31,61.11,42.96,39.92,28.69,7.86,372.9,50.94,Bacterial_Leaf_Spot
31.9,54.58,62.58,26.77,9.86,19.67,6.42,703.7,43.41,Healthy
21.57,29.06,24.16,42.8,22.08,30.6,4.95,372.0,29.02,Healthy
36.15,75.12,42.21,29.35,22.79,42.19,5.19,819.8,43.49,Early_Blight
25.01,31.0,64.05,12.63,21.99,29.66,5.32,736.9,38.33,Root_Rot
27.42,68.45,59.1,33.73,41.7,41.93,5.87,554.0,45.83,Early_Blight
27.77,86.64,52.8,25.68,31.07,25.85,7.27,674.6,52.23,Early_Blight
34.04,90.84,27.93,50.69,49.49,29.93,5.65,697.7,39.3,Healthy
31.08,85.0,58.99,38.22,16.6,38.49,6.3,864.7,54.23,Healthy
13.95,90.7,27.39,32.62,39.2,23.45,5.62,820.8,37.56,Healthy
13.38,70.03,60.89,35.21,23.21,21.74,7.6,792.7,55.34,Healthy
39.34,52.67,64.29,49.09,32.83,41.81,7.75,552.3,51.08,Healthy
20.56,89.41,19.77,33.05,45.28,20.32,7.87,282.1,41.09,Powdery_Mildew
15.72,81.17,50.38,40.16,33.36,47.86,5.12,784.5,48.79,Root_Rot
29.94,84.7,52.48,48.43,45.8,46.94,7.52,948.8,52.9,Bacterial_Leaf_Spot
20.08,90.69,51.57,40.79,25.57,15.73,6.32,881.1,46.46,Rust
34.78,29.66,50.27,29.29,46.12,34.13,6.62,992.0,39.39,Healthy
16.68,82.55,18.96,14.42,15.73,27.89,8.0,705.3,37.66,Healthy
23.3,81.17,51.75,43.31,35.07,46.22,6.33,280.4,47.85,Powdery_Mildew
19.68,86.46,37.02,28.57,26.12,30.6,4.85,821.5,42.82,Healthy
19.5,27.36,58.31,31.73,23.5,44.59,5.18,269.8,44.55,Root_Rot
34.07,87.06,15.51,49.59,34.68,16.63,7.58,236.3,42.5,Bacterial_Leaf_Spot
25.18,65.61,46.33,44.16,32.69,33.39,5.45,968.3,45.65,Healthy
22.2,93.77,56.59,46.56,17.34,34.83,7.11,648.7,48.41,Rust
23.77,73.09,16.29,41.87,12.09,41.99,5.54,431.2,33.2,Healthy
18.72,38.94,60.94,29.87,26.2,41.0,5.44,592.8,39.21,Root_Rot
21.28,89.97,46.49,25.42,24.81,39.19,7.61,308.8,44.06,Powdery_Mildew
36.46,86.8,52.25,15.11,32.76,26.42,5.89,687.7,47.4,Early_Blight
41.68,49.27,55.99,31.73,34.11,20.41,5.39,813.8,52.56,Root_Rot
32.51,92.22,19.46,45.5,32.93,38.15,7.97,582.1,38.74,Bacterial_Leaf_Spot
35.39,28.69,22.66,44.41,48.19,48.39,7.19,586.6,48.77,Healthy
34.62,80.29,35.39,15.59,26.41,19.68,6.11,551.4,38.63,Rust
29.5,94.39,59.51,49.07,36.3,24.5,5.14,805.2,45.21,Root_Rot
22.11,26.47,58.19,38.25,16.78,23.46,5.21,916.9,45.94,Root_Rot
34.44,44.01,20.64,24.81,44.13,40.38,7.76,358.4,43.59,Healthy
21.25,87.88,38.57,31.24,22.08,14.12,6.05,312.1,36.55,Powdery_Mildew
18.88,77.46,31.21,19.3,43.64,34.26,5.54,967.6,45.8,Healthy
16.6,60.59,31.01,30.77,41.95,46.66,5.24,681.2,37.18,Healthy
36.0,51.41,58.02,17.34,19.75,15.15,5.03,526.7,34.09,Root_Rot
36.74,86.19,63.72,32.35,33.77,38.65,6.41,328.8,53.54,Early_Blight
24.6,86.02,16.54,32.23,31.51,42.93,7.74,329.0,48.99,Powdery_Mildew
36.99,71.81,20.82,29.45,14.91,17.03,5.95,699.5,35.19,Early_Blight
36.59,25.67,33.12,19.47,49.23,12.98,4.82,439.1,31.91,Healthy
17.35,76.27,56.0,42.97,46.46,23.9,8.01,428.1,51.35,Healthy
40.52,37.81,38.62,14.25,40.24,41.97,6.24,614.2,38.86,Healthy
35.15,77.61,9.24,22.74,22.59,16.16,5.42,441.5,26.2,Early_Blight
34.96,45.06,62.85,37.01,41.45,18.1,7.47,838.5,54.36,Healthy
20.81,91.08,59.83,43.48,25.53,17.09,5.98,971.9,42.79,Rust
17.79,61.66,56.61,17.5,13.83,33.39,4.83,967.1,42.15,Root_Rot
33.32,78.61,43.51,25.2,46.48,36.37,7.02,432.3,46.21,Early_Blight
24.43,32.58,56.85,20.8,22.08,40.06,5.32,908.3,42.26,Root_Rot
35.2,93.0,59.43,21.14,44.51,36.21,5.55,551.2,54.26,Root_Rot
37.77,88.74,37.76,20.6,49.45,50.71,8.01,973.5,57.81,Early_Blight
33.8,71.47,14.57,19.44,12.72,12.9,4.97,903.6,24.16,Early_Blight
12.48,53.87,61.22,36.02,43.17,45.01,5.64,851.1,43.94,Root_Rot
31.03,90.02,23.81,45.72,19.17,14.17,7.78,502.5,39.21,Bacterial_Leaf_Spot
21.43,83.87,44.56,44.92,36.08,34.99,7.92,341.9,47.73,Powdery_Mildew
24.7,66.21,49.12,20.52,29.48,36.19,8.03,712.4,49.36,Early_Blight
20.81,88.23,50.19,22.41,25.41,49.23,7.04,704.2,41.19,Rust
12.99,36.92,50.31,28.76,45.95,35.3,7.18,866.9,56.98,Healthy
25.94,89.02,25.97,33.27,19.6,30.08,6.43,921.0,40.77,Early_Blight
35.53,45.05,52.79,15.65,32.89,12.72,5.06,323.5,31.69,Root_Rot
23.61,85.12,26.31,36.59,16.41,38.79,5.73,359.0,44.44,Healthy
37.06,91.27,48.26,14.38,50.46,41.5,7.61,327.7,47.42,Early_Blight
20.35,50.49,29.97,14.49,40.22,26.67,7.11,605.8,42.14,Healthy
42.24,57.02,20.95,33.46,33.08,43.22,4.83,839.7,34.34,Healthy
18.65,91.81,56.52,47.44,16.81,12.54,7.83,980.6,60.56,Rust
31.28,95.49,45.87,31.05,35.94,26.85,7.77,252.7,49.45,Early_Blight
13.74,84.18,49.74,19.68,14.85,25.67,7.22,404.0,39.22,Root_Rot
14.04,50.67,46.12,21.89,15.52,20.3,7.79,667.5,44.07,Healthy
21.48,94.36,22.36,39.33,43.28,41.59,6.88,266.5,43.73,Powdery_Mildew
38.33,33.03,42.68,35.5,20.32,16.26,7.19,915.8,43.14,Healthy
33.19,60.52,45.81,41.95,27.6,13.09,6.19,510.2,41.42,Healthy
32.36,91.72,20.33,16.29,16.38,26.78,6.54,694.9,39.4,Early_Blight
35.28,60.62,50.95,36.32,33.13,13.68,7.38,952.1,45.62,Healthy
30.24,86.02,38.4,48.36,48.59,25.39,7.36,844.1,52.5,Bacterial_Leaf_Spot
35.3,72.53,22.34,23.7,26.83,47.96,4.95,775.6,33.12,Early_Blight
13.46,56.82,12.89,26.32,32.67,35.35,5.95,588.2,38.01,Healthy
35.76,34.26,8.07,45.64,32.54,46.8,5.92,333.6,40.27,Healthy
39.27,37.2,29.48,12.15,17.68,29.3,7.56,390.5,36.88,Healthy
22.12,94.11,21.79,15.62,12.92,46.73,7.17,319.6,40.34,Powdery_Mildew
21.57,91.54,19.87,47.6,32.47,26.39,7.76,303.8,44.18,Powdery_Mildew
28.3,82.1,53.22,43.37,18.12,43.57,5.41,392.3,39.81,Root_Rot
37.67,89.8,53.66,22.92,49.51,20.82,5.41,802.3,49.14,Root_Rot
28.75,92.89,51.32,38.64,30.61,41.6,7.33,724.2,55.53,Bacterial_Leaf_Spot
16.64,82.62,52.34,42.49,33.57,43.58,4.94,864.2,51.2,Root_Rot
13.9,89.28,62.4,32.76,31.94,30.55,6.73,517.4,50.36,Rust
40.1,81.21,40.97,16.17,22.74,14.04,6.59,963.5,45.54,Early_Blight
28.15,39.04,45.75,43.76,13.75,36.82,7.72,350.0,40.12,Healthy
23.9,80.68,62.38,43.72,29.59,19.1,7.53,529.3,51.42,Rust
36.94,53.15,15.5,16.36,47.32,34.3,6.54,779.0,41.71,Healthy
39.64,58.14,21.51,24.65,36.09,48.27,6.93,372.2,47.39,Bacterial_Leaf_Spot
27.89,59.85,50.38,32.78,29.1,11.53,5.72,997.3,37.95,Root_Rot
26.69,42.41,52.18,17.02,15.24,43.93,8.1,883.7,52.99,Healthy
15.83,87.41,58.58,45.65,48.52,23.76,7.03,753.6,62.62,Rust
29.55,62.96,65.31,13.37,19.4,16.21,5.21,498.8,35.59,Root_Rot
38.81,77.12,25.58,11.21,46.96,30.13,5.89,878.1,38.07,Early_Blight
22.38,94.22,28.82,47.4,25.54,14.14,7.43,343.6,43.39,Powdery_Mildew
12.32,77.04,53.61,37.39,30.03,15.54,5.45,491.4,42.55,Powdery_Mildew
13.52,57.94,30.5,42.92,47.05,16.61,6.28,719.6,40.85,Healthy
25.86,86.74,33.32,31.86,34.2,47.04,5.01,415.7,38.57,Early_Blight
25.71,45.33,25.62,22.16,40.61,45.43,6.13,520.3,36.76,Healthy
26.45,87.83,35.49,48.08,41.02,30.26,7.41,792.4,51.53,Bacterial_Leaf_Spot
25.11,83.14,39.1,49.3,49.64,18.71,7.87,303.4,44.15,Powdery_Mildew
36.15,83.91,30.55,39.88,20.96,14.01,6.12,254.6,34.14,Healthy
14.74,28.49,56.47,19.41,44.99,32.11,5.41,423.1,40.04,Healthy
21.51,88.54,23.89,10.85,34.31,35.23,6.34,329.5,30.69,Powdery_Mildew
30.89,84.38,60.3,36.85,17.17,38.12,6.25,857.2,44.75,Healthy
35.66,66.01,31.47,25.55,27.99,36.76,7.89,772.3,44.97,Early_Blight
34.18,83.68,34.83,20.89,49.32,14.93,8.13,609.8,52.45,Early_Blight
19.46,90.3,51.02,27.67,28.45,21.41,6.52,798.1,39.31,Rust
34.89,84.19,61.76,27.89,44.77,46.59,7.81,750.8,55.25,Early_Blight
19.05,39.14,62.25,44.97,40.27,33.22,5.59,600.9,47.29,Root_Rot
22.96,89.75,38.74,46.17,11.07,35.51,6.23,242.2,41.66,Powdery_Mildew
12.87,38.73,41.97,19.94,16.36,32.79,5.86,596.8,41.59,Healthy
28.97,49.41,61.65,45.44,47.99,42.38,7.11,713.0,57.14,Healthy
23.57,82.56,36.93,18.53,11.22,41.73,5.02,931.2,38.38,Healthy
31.04,85.08,20.48,41.73,42.68,41.62,8.02,913.5,52.48,Bacterial_Leaf_Spot
29.65,78.02,58.67,35.2,43.16,41.66,5.51,800.6,55.85,Root_Rot
21.4,89.13,41.87,22.97,15.8,32.0,7.47,249.4,37.21,Powdery_Mildew
19.58,87.8,53.59,38.63,21.21,20.16,6.54,614.1,35.84,Rust
24.59,42.78,27.55,11.12,29.35,31.32,6.18,466.9,33.28,Healthy
31.04,40.49,48.89,34.75,10.03,36.69,7.89,284.2,44.28,Powdery_Mildew
23.61,73.99,16.68,42.09,11.44,40.25,5.59,449.7,29.61,Healthy
36.68,88.5,42.39,13.2,12.68,45.59,6.96,867.2,54.44,Early_Blight
19.37,34.68,54.24,36.05,15.81,32.57,5.6,297.1,32.49,Root_Rot
29.13,61.4,43.64,22.75,26.13,46.5,7.16,413.7,50.23,Healthy
23.35,87.25,39.55,44.79,16.73,26.61,7.71,291.1,49.59,Powdery_Mildew
22.02,60.25,49.03,30.89,29.0,38.14,7.67,807.5,52.21,Healthy
28.04,76.13,19.94,25.1,30.1,26.42,4.97,683.9,33.42,Early_Blight
39.74,90.4,41.8,31.32,26.73,30.43,6.21,462.2,42.56,Early_Blight
41.05,48.55,52.64,22.04,27.03,31.54,5.01,611.1,43.69,Root_Rot
28.51,89.68,59.47,49.5,29.96,48.14,7.5,528.7,56.12,Bacterial_Leaf_Spot
24.71,88.66,48.64,49.54,42.21,22.76,7.56,239.1,51.32,Powdery_Mildew
20.22,55.57,24.55,47.86,13.34,39.42,6.79,922.5,43.45,Healthy
21.7,84.13,46.91,38.82,41.04,27.08,5.63,201.2,44.22,Powdery_Mildew
17.18,32.69,18.25,41.54,48.67,45.85,4.83,520.5,38.44,Healthy
25.49,68.91,50.29,17.88,10.58,45.32,4.88,486.3,34.61,Root_Rot
20.38,88.14,52.26,31.44,31.07,13.85,7.87,438.8,50.29,Rust
27.87,91.58,7.81,30.56,39.45,42.23,6.73,786.8,42.9,Early_Blight
40.13,86.31,35.22,42.11,41.59,9.87,7.78,363.3,45.73,Bacterial_Leaf_Spot
21.87,81.38,40.75,39.61,42.32,45.99,7.32,328.7,52.69,Powdery_Mildew
20.96,25.23,44.5,19.43,35.86,13.35,7.99,427.9,38.89,Healthy
22.32,88.74,62.23,12.67,23.03,17.9,7.72,337.4,45.62,Rust
21.7,71.94,30.71,46.84,30.95,13.5,7.08,957.5,44.46,Healthy
32.58,58.31,47.31,13.05,22.47,42.18,8.21,676.6,41.63,Healthy
19.74,88.69,42.41,26.46,24.17,42.41,7.05,231.4,41.42,Healthy
14.51,62.17,59.39,44.7,23.38,11.05,5.53,998.1,46.45,Root_Rot
13.28,92.51,50.79,18.11,20.6,48.7,5.01,820.0,42.44,Bacterial_Leaf_Spot
15.01,86.89,65.34,16.47,30.84,40.27,6.96,699.9,58.36,Rust
21.95,89.74,28.02,45.04,20.31,19.39,5.92,226.8,34.64,Powdery_Mildew
20.94,88.44,60.73,19.82,46.72,20.91,7.74,469.3,47.71,Rust
21.99,67.78,50.54,17.94,13.02,47.41,7.12,716.8,41.65,Healthy
39.02,65.97,29.81,23.79,11.55,23.71,8.1,346.8,36.09,Early_Blight
37.55,73.07,13.37,29.72,34.99,15.07,7.03,930.4,41.59,Early_Blight
16.9,89.51,54.24,19.21,10.32,41.62,6.12,259.7,43.95,Rust
26.36,83.16,54.21,46.1,15.78,45.41,7.76,794.4,55.23,Bacterial_Leaf_Spot
28.13,45.05,52.66,8.8,46.87,48.25,5.51,781.7,47.81,Root_Rot
23.36,87.69,56.34,28.8,14.06,45.52,4.96,986.9,47.67,Root_Rot
15.24,83.54,63.58,19.9,22.64,36.99,5.85,855.5,50.55,Rust
23.05,92.52,47.26,14.58,25.03,30.11,7.15,517.6,40.38,Healthy
21.54,82.93,39.22,47.39,37.19,33.18,7.87,332.6,43.97,Powdery_Mildew
20.34,87.57,57.21,47.74,30.59,19.39,6.25,830.0,51.79,Rust
23.32,93.79,24.22,42.63,30.74,28.21,7.3,306.7,46.37,Powdery_Mildew
19.49,90.66,39.03,17.07,47.43,23.95,5.74,230.2,41.61,Healthy
26.35,68.96,56.82,32.3,14.72,43.32,5.96,581.5,44.71,Early_Blight
20.7,90.35,19.68,31.33,44.56,20.12,7.91,290.4,40.65,Powdery_Mildew
30.28,79.52,66.86,17.37,47.7,41.85,7.04,253.2,56.87,Early_Blight
19.92,32.11,34.88,36.59,27.28,18.44,5.0,758.0,36.77,Healthy
41.81,79.66,10.76,15.84,41.33,50.68,6.85,859.4,39.58,Early_Blight
22.81,71.0,55.16,34.95,13.05,32.86,5.61,249.5,37.58,Root_Rot
21.27,88.32,51.1,38.94,28.11,23.78,6.4,852.0,47.63,Rust
29.38,84.46,60.97,47.45,29.05,44.86,7.66,329.3,57.67,Bacterial_Leaf_Spot
20.31,56.06,16.9,44.45,28.25,17.08,6.1,962.5,35.05,Healthy
34.05,71.83,26.21,36.0,42.58,15.11,6.99,848.0,37.25,Healthy
37.88,80.16,59.65,13.91,14.46,35.48,7.43,871.4,44.64,Early_Blight
24.32,85.76,29.22,13.98,37.15,11.55,5.26,451.2,30.8,Early_Blight
26.18,87.15,31.58,31.96,47.0,41.0,8.19,853.3,53.12,Early_Blight
16.42,41.51,52.87,32.76,38.21,11.23,5.24,245.8,32.09,Root_Rot
22.57,92.28,57.33,30.02,18.0,20.93,5.88,720.9,42.49,Rust
18.22,70.09,64.63,43.08,49.16,16.02,4.89,907.3,44.01,Root_Rot
31.29,83.55,47.96,11.74,29.49,49.71,7.78,854.1,44.44,Early_Blight
39.53,32.1,49.21,43.85,34.93,22.36,5.21,338.0,46.54,Healthy
13.58,49.44,59.76,33.62,39.14,13.73,5.59,228.4,37.79,Root_Rot
23.52,73.11,55.04,35.09,12.21,34.7,5.61,233.7,36.1,Root_Rot
22.93,90.24,39.55,32.93,16.85,48.36,6.16,272.6,41.12,Powdery_Mildew
35.02,65.63,45.8,32.63,47.31,29.85,6.82,726.0,41.46,Early_Blight
22.93,73.96,26.96,45.2,29.44,15.54,6.89,865.9,36.27,Healthy
22.38,82.84,57.75,16.64,27.13,30.8,6.4,269.4,42.4,Powdery_Mildew
21.55,28.15,62.04,38.0,41.17,15.84,5.02,989.3,40.16,Root_Rot
23.59,29.76,48.93,35.66,30.57,40.5,5.69,478.4,40.51,Healthy
39.08,51.17,53.28,22.47,24.25,31.52,4.93,586.1,36.97,Root_Rot
16.05,33.39,34.48,17.55,45.37,49.12,5.56,437.6,38.74,Healthy
38.59,73.91,55.02,36.67,40.1,15.16,5.78,784.0,53.4,Root_Rot
39.99,74.1,42.48,24.18,23.19,31.39,7.85,342.6,38.01,Early_Blight
22.89,63.35,55.24,45.5,39.18,38.54,5.22,636.2,44.63,Root_Rot
16.24,80.05,10.11,45.81,15.49,37.16,6.64,316.5,33.0,Healthy
36.33,64.74,37.41,10.24,9.24,15.02,7.62,458.6,38.81,Healthy
21.54,87.75,41.79,43.85,14.96,28.17,6.71,249.1,35.83,Powdery_Mildew
32.25,65.18,41.96,13.31,35.85,13.47,6.38,348.8,34.34,Early_Blight
33.2,93.57,18.54,33.54,44.08,43.15,5.94,790.8,34.55,Early_Blight
33.93,82.92,62.94,48.79,25.03,28.49,7.69,293.4,57.63,Bacterial_Leaf_Spot
36.35,79.11,57.79,35.04,27.15,35.25,5.06,973.7,40.69,Bacterial_Leaf_Spot
20.34,90.55,48.27,19.45,41.06,41.65,8.09,287.8,46.68,Powdery_Mildew
18.58,59.22,18.22,39.69,24.25,42.87,6.25,434.1,33.04,Healthy
38.37,31.37,36.96,29.74,28.75,40.66,5.34,732.7,39.88,Healthy
34.28,64.81,12.41,38.39,24.5,21.64,6.53,691.8,33.83,Healthy
25.05,91.31,19.03,20.49,24.04,28.79,7.15,675.0,38.21,Early_Blight
38.78,49.92,21.5,23.33,26.49,22.9,5.05,256.4,33.48,Healthy
19.7,91.61,49.22,41.94,24.93,23.84,6.05,842.5,39.25,Rust
33.9,77.77,57.47,32.6,25.72,33.91,5.16,937.4,44.78,Root_Rot
29.05,68.21,45.57,25.08,22.15,23.43,6.38,889.1,46.49,Early_Blight
30.73,84.44,56.3,10.57,47.37,30.72,6.33,364.0,41.68,Early_Blight
14.96,88.76,48.45,18.25,38.12,28.61,7.46,332.4,44.43,Rust
35.86,93.82,64.59,11.42,18.83,23.02,5.01,697.5,45.47,Root_Rot
23.61,86.58,15.4,33.7,11.65,31.63,7.45,231.3,33.13,Powdery_Mildew
20.69,83.63,42.76,21.76,40.88,33.92,7.5,251.4,40.51,Powdery_Mildew
37.64,93.41,44.88,21.41,47.76,49.43,6.04,505.8,37.95,Early_Blight
18.0,82.33,60.34,24.65,48.45,18.98,7.66,519.4,49.14,Rust
38.96,36.65,29.02,12.12,15.64,29.17,7.65,369.3,42.34,Healthy
33.91,58.17,43.92,41.0,29.0,25.52,5.06,916.3,38.71,Healthy
20.71,92.63,25.63,17.17,9.24,10.85,5.56,680.2,24.22,Healthy
23.31,85.06,14.01,33.4,12.2,31.08,7.24,229.4,39.9,Powdery_Mildew
29.7,64.57,30.49,35.34,22.25,28.92,5.36,988.1,40.82,Healthy
36.64,31.32,63.26,9.69,29.86,18.86,7.87,442.3,47.28,Healthy
19.84,89.87,26.25,45.09,39.14,32.97,7.87,324.9,43.08,Healthy
24.19,74.99,29.44,12.31,44.38,43.31,6.71,471.6,39.48,Early_Blight
21.63,27.2,31.35,10.6,19.87,24.04,5.01,559.1,31.43,Healthy
21.36,91.87,63.51,46.14,15.63,36.33,6.41,751.2,48.67,Rust
21.44,91.38,40.19,28.19,17.23,49.81,6.39,231.5,41.23,Powdery_Mildew
24.25,85.75,49.93,17.34,47.62,35.89,6.46,299.2,44.46,Powdery_Mildew
17.41,44.4,59.85,31.38,16.03,11.88,5.9,272.7,41.82,Healthy
36.37,65.39,25.57,18.83,39.18,46.19,7.91,478.2,36.36,Early_Blight
33.89,42.01,38.25,29.34,45.14,20.45,7.51,828.6,39.89,Healthy
36.52,49.54,10.7,45.95,12.71,27.55,6.78,324.4,30.97,Healthy
37.93,41.69,37.85,45.58,23.67,24.26,5.59,354.5,28.39,Healthy
16.16,88.36,9.36,43.86,22.83,40.49,8.21,408.3,45.9,Healthy
29.43,47.54,57.08,45.09,47.66,23.48,5.08,552.5,52.16,Root_Rot
17.7,38.27,36.9,14.18,31.51,20.02,6.18,314.1,30.4,Healthy
35.18,75.8,31.95,48.77,34.66,37.71,8.12,928.0,52.91,Bacterial_Leaf_Spot
32.13,61.68,50.31,14.68,11.39,40.38,4.99,353.6,31.25,Root_Rot
34.43,82.04,32.59,31.54,11.96,49.18,5.14,839.1,42.89,Early_Blight
23.58,82.76,12.44,30.43,41.36,45.43,6.19,257.6,39.35,Powdery_Mildew
33.58,89.17,53.83,9.28,34.88,33.06,5.17,533.3,34.48,Root_Rot
25.67,88.52,43.64,47.37,20.65,13.48,7.44,804.2,38.87,Bacterial_Leaf_Spot
30.25,81.15,32.99,14.11,45.21,34.6,6.61,679.3,39.81,Early_Blight
18.91,89.31,54.74,22.24,22.38,37.83,8.09,906.4,57.79,Rust
19.12,92.64,61.05,33.29,27.21,37.69,5.45,610.1,50.65,Root_Rot
33.49,90.7,35.61,19.19,41.68,42.57,6.17,909.3,48.34,Early_Blight
37.57,94.87,63.88,37.92,17.14,34.48,7.56,986.7,61.37,Powdery_Mildew
17.25,94.11,10.24,30.18,37.56,31.85,6.69,841.3,44.91,Healthy
22.96,68.49,15.49,28.63,31.93,26.86,7.73,524.6,36.29,Healthy
21.09,91.92,53.6,11.31,42.43,17.89,6.66,510.1,42.66,Rust
36.75,85.37,56.14,17.86,39.0,48.13,6.27,571.2,50.57,Early_Blight
35.79,49.57,57.55,44.59,39.66,16.42,6.8,910.1,51.05,Healthy
11.87,40.49,22.68,47.09,44.42,31.7,5.32,395.4,33.25,Healthy
31.96,82.69,36.21,46.42,46.32,39.38,7.84,227.6,46.16,Bacterial_Leaf_Spot
17.43,89.98,52.77,49.64,24.83,17.21,6.94,512.2,46.69,Rust
37.59,96.48,51.12,20.23,21.19,31.92,5.23,741.2,45.96,Root_Rot
39.68,74.07,62.57,24.64,16.3,12.83,5.09,859.6,36.07,Root_Rot
35.46,30.75,37.99,40.46,45.68,13.66,6.37,672.6,34.39,Healthy
30.83,40.54,52.75,16.09,30.94,39.17,5.14,723.1,39.46,Root_Rot
19.93,32.93,31.7,13.4,37.19,27.92,5.12,962.8,36.47,Healthy
21.69,91.39,55.7,19.57,11.2,42.71,6.29,400.1,44.12,Rust
17.16,92.41,45.44,18.01,30.54,33.75,6.79,654.8,45.18,Healthy
40.14,86.99,56.1,24.51,22.39,44.6,6.32,649.9,48.44,Early_Blight
24.17,75.35,16.3,42.97,10.73,40.85,5.69,444.7,39.24,Healthy
22.03,91.14,43.25,17.13,20.08,25.29,5.07,281.6,30.19,Powdery_Mildew
28.17,87.81,13.78,45.64,29.81,26.37,7.78,525.0,48.15,Bacterial_Leaf_Spot
17.75,47.88,58.08,33.03,16.25,34.48,5.05,207.8,44.34,Root_Rot
35.82,72.32,44.01,15.89,34.22,46.06,7.08,376.3,46.91,Healthy
17.9,69.72,22.33,30.95,18.07,37.06,6.51,834.0,36.88,Healthy
37.99,78.35,60.93,14.64,41.81,42.71,5.26,705.2,36.21,Root_Rot
22.66,50.39,57.5,48.59,29.32,24.39,5.46,704.4,46.59,Root_Rot
15.69,87.73,61.03,21.15,20.5,34.1,5.96,822.4,45.94,Rust
29.24,91.03,45.61,34.66,39.18,37.4,6.56,711.2,47.96,Early_Blight
21.84,91.09,45.82,24.16,20.44,40.86,7.62,275.0,44.53,Powdery_Mildew
41.31,45.09,24.88,34.55,31.94,41.08,6.65,334.6,39.68,Healthy
20.61,83.57,33.33,44.69,21.53,25.99,6.17,283.6,33.17,Powdery_Mildew
21.41,31.8,33.42,35.57,27.47,19.08,4.98,755.4,35.38,Healthy
15.07,85.73,57.91,26.9,46.37,37.48,5.05,799.0,42.13,Root_Rot
22.52,86.24,58.31,26.8,25.06,15.0,6.99,272.7,43.57,Powdery_Mildew
32.04,44.37,46.72,21.84,22.29,36.53,7.45,397.0,47.62,Healthy
31.4,59.23,26.19,38.12,14.66,28.47,7.39,638.8,42.26,Healthy
19.24,80.65,55.15,44.58,46.6,17.07,5.03,673.5,43.3,Root_Rot
29.16,89.49,17.64,34.02,13.14,49.44,6.44,864.1,38.98,Early_Blight
19.67,84.94,64.17,45.99,12.79,23.3,7.21,302.9,52.45,Rust
31.47,50.76,22.54,43.44,10.72,27.82,8.08,513.6,42.23,Healthy
16.33,91.22,34.26,13.96,32.4,18.84,4.97,406.4,31.6,Healthy
20.46,84.63,10.78,13.76,35.31,36.94,5.24,196.9,35.13,Powdery_Mildew
18.85,88.27,55.09,32.82,49.93,21.3,6.49,804.2,50.57,Rust
24.92,82.46,27.35,40.5,41.42,17.27,5.3,257.0,42.24,Powdery_Mildew
25.11,76.13,39.03,21.26,49.31,14.27,4.77,300.4,36.39,Early_Blight
26.77,85.89,50.32,13.77,25.34,50.1,6.95,212.8,43.44,Early_Blight
15.25,94.16,58.12,23.69,16.0,29.15,5.03,306.2,41.7,Root_Rot
28.22,88.29,55.58,25.13,28.75,28.01,7.54,422.2,54.4,Early_Blight
38.77,69.2,32.2,18.2,28.47,34.67,6.32,636.2,40.63,Early_Blight
18.9,82.29,63.54,36.45,25.54,47.22,6.23,878.7,48.24,Rust
25.22,32.59,15.95,38.77,30.88,48.62,7.33,493.1,43.89,Healthy
23.03,88.23,61.57,15.67,42.77,27.51,6.9,421.6,46.26,Rust
13.69,84.33,50.73,19.52,15.47,25.44,7.13,407.4,36.13,Rust
24.3,36.12,35.41,45.55,30.35,36.01,5.69,249.4,36.23,Healthy
34.33,80.54,52.46,33.35,19.38,36.99,5.23,549.6,44.49,Early_Blight
21.08,85.09,63.84,21.24,28.27,20.55,6.11,252.6,41.56,Powdery_Mildew
24.58,44.91,17.43,47.38,24.37,37.37,7.95,540.4,47.94,Healthy
26.97,37.09,53.69,30.73,34.56,37.85,6.95,976.5,47.3,Healthy
25.15,84.36,42.85,48.52,42.9,48.01,7.66,321.5,54.3,Powdery_Mildew
35.67,74.03,53.84,11.24,42.67,35.23,7.38,761.7,50.02,Early_Blight
30.16,84.17,35.54,48.48,39.07,50.28,7.97,412.9,54.36,Bacterial_Leaf_Spot
36.62,86.03,57.06,37.84,21.6,34.65,7.41,366.7,50.9,Bacterial_Leaf_Spot
16.65,89.96,42.23,31.26,35.66,10.04,7.99,457.2,46.2,Healthy
40.55,89.81,51.34,13.49,27.14,27.48,7.93,506.4,50.18,Early_Blight
20.42,93.42,50.51,17.48,19.52,42.65,5.5,925.6,47.21,Root_Rot
38.37,40.95,62.68,13.24,42.55,22.02,5.51,306.0,44.84,Root_Rot
31.21,38.27,12.39,28.09,30.94,22.3,7.33,425.4,37.03,Rust
29.49,81.53,27.79,30.08,36.87,29.82,6.77,269.5,40.02,Early_Blight
20.18,90.49,44.35,19.92,29.2,20.48,5.4,938.1,39.84,Healthy
33.41,25.09,53.79,24.95,11.49,21.25,6.03,775.7,34.27,Healthy
21.49,90.31,54.61,36.72,30.23,25.55,6.59,914.2,50.45,Rust
18.44,43.15,16.86,35.33,30.71,17.85,6.43,740.2,38.46,Healthy
22.99,83.34,16.2,47.55,28.1,16.62,7.37,225.3,39.11,Powdery_Mildew
21.18,55.59,59.15,23.26,19.54,35.95,5.67,325.5,42.46,Root_Rot
38.45,31.86,61.43,35.79,24.23,16.01,8.01,313.9,45.33,Healthy
30.5,89.94,52.91,40.35,46.11,25.53,7.22,243.5,47.67,Bacterial_Leaf_Spot
24.59,30.3,23.67,43.81,9.4,33.51,5.2,888.5,33.65,Healthy
24.41,91.43,50.04,49.73,41.31,23.67,7.54,207.1,46.07,Powdery_Mildew
36.97,77.83,38.62,31.3,23.78,22.86,5.7,248.2,37.38,Early_Blight
21.56,89.81,51.93,27.29,36.75,50.58,7.93,730.7,56.49,Rust
15.89,55.89,63.05,34.43,17.64,30.42,5.3,627.0,40.4,Root_Rot
16.55,59.6,40.64,24.01,36.52,39.13,6.61,806.9,43.41,Healthy
17.43,73.16,54.62,38.1,24.0,26.84,5.58,642.8,49.47,Root_Rot
21.71,86.45,51.25,14.23,32.57,20.52,7.29,289.3,50.57,Powdery_Mildew
38.04,93.32,43.94,26.0,21.97,39.56,4.92,242.3,33.85,Early_Blight
41.22,57.16,17.34,17.19,45.48,11.03,7.38,329.3,36.81,Healthy
16.64,77.31,56.15,18.11,11.37,23.41,5.78,377.2,34.19,Healthy
16.73,86.7,65.56,18.81,49.65,27.93,6.81,313.9,45.4,Rust
13.9,64.32,29.33,41.2,39.75,46.9,8.22,887.7,50.26,Healthy
39.28,89.18,50.08,41.27,16.86,13.27,5.77,506.0,38.58,Healthy
28.2,71.81,46.25,33.19,23.06,15.71,5.28,525.4,31.48,Early_Blight
19.74,88.6,52.91,27.33,49.17,46.27,5.9,819.9,41.23,Rust
20.53,90.03,22.74,27.47,25.54,31.39,5.61,431.9,37.11,Healthy
17.05,80.69,60.14,35.2,35.88,40.76,5.81,350.0,43.85,Healthy
23.72,94.88,54.9,20.34,15.61,45.42,4.92,811.2,37.74,Root_Rot
22.89,59.18,48.31,37.42,49.23,26.88,6.46,592.1,47.65,Healthy
21.99,88.68,55.57,19.55,22.19,12.13,7.14,403.3,46.55,Rust
21.06,72.98,25.91,28.44,37.3,36.83,6.62,256.8,42.04,Healthy
21.37,87.74,41.91,27.72,24.94,43.24,7.14,241.9,40.45,Powdery_Mildew
23.5,31.22,52.43,29.2,28.67,34.94,6.64,295.2,42.46,Healthy
31.12,82.9,20.69,28.18,11.05,31.55,5.38,715.1,35.07,Early_Blight
39.75,83.07,9.14,28.93,20.23,28.15,5.9,987.5,35.32,Early_Blight
26.14,26.35,43.69,25.87,16.35,39.97,5.69,512.2,31.47,Healthy
33.76,85.42,58.57,16.79,23.09,18.5,5.14,278.2,39.76,Root_Rot
29.6,33.26,55.65,15.05,28.5,38.37,5.17,588.0,33.02,Root_Rot
15.71,87.27,51.82,30.32,45.73,24.56,5.34,902.7,50.3,Root_Rot
30.81,87.17,56.25,48.77,34.98,28.01,7.83,514.1,50.72,Bacterial_Leaf_Spot
41.6,37.02,60.15,14.93,41.98,14.84,5.35,789.1,36.05,Root_Rot
26.64,77.15,25.73,19.58,48.99,9.94,6.84,704.1,36.52,Early_Blight
19.59,87.05,62.74,30.46,39.94,15.65,5.67,875.9,46.99,Root_Rot
20.49,92.38,61.72,44.27,23.01,33.58,5.08,905.7,50.29,Root_Rot
25.8,52.69,18.36,11.85,21.69,40.43,8.12,552.0,38.4,Healthy
16.58,66.98,53.13,31.4,27.48,38.94,5.47,675.8,42.18,Early_Blight
16.59,73.59,54.89,38.89,24.67,25.71,5.54,622.9,50.22,Root_Rot
25.19,39.45,60.58,21.83,42.05,45.2,7.35,607.5,57.65,Healthy
25.18,68.15,45.78,13.36,24.1,41.24,6.01,287.5,35.86,Early_Blight
20.04,89.84,53.42,40.52,15.25,47.83,6.65,562.2,61.44,Rust
31.61,29.45,43.58,33.13,29.87,47.72,6.46,979.3,42.04,Healthy
25.33,81.22,22.66,33.68,37.45,15.68,4.89,332.0,34.96,Powdery_Mildew
31.46,41.21,35.21,28.13,25.46,35.2,5.44,414.3,42.73,Healthy
33.48,28.33,39.85,32.29,20.77,39.03,4.89,567.0,30.41,Healthy
22.4,93.58,55.25,27.79,31.44,21.77,6.15,785.6,49.98,Rust
27.33,88.13,45.2,47.93,30.91,48.85,7.5,652.4,54.51,Bacterial_Leaf_Spot
27.71,60.43,37.85,32.78,10.31,16.2,7.25,342.2,33.6,Bacterial_Leaf_Spot
25.9,89.51,24.02,17.42,11.65,36.39,6.33,709.4,32.92,Early_Blight
21.88,85.4,25.82,17.37,16.9,48.62,6.53,247.1,32.75,Healthy
32.44,84.98,9.24,19.54,13.63,33.55,6.94,936.9,38.49,Early_Blight
30.0,75.16,50.43,33.47,30.89,34.77,5.2,845.1,52.38,Root_Rot
21.33,85.93,21.44,45.09,25.26,41.21,6.46,230.2,39.05,Healthy
28.97,85.08,41.63,43.28,28.49,12.59,7.51,735.0,46.7,Bacterial_Leaf_Spot
28.03,93.8,51.23,29.77,12.31,45.35,6.66,908.6,46.49,Early_Blight
38.92,77.87,14.23,24.53,47.5,50.69,7.39,666.6,50.4,Early_Blight
21.07,85.68,20.99,44.43,16.3,36.31,7.62,373.0,44.77,Healthy
14.79,87.61,52.66,24.19,14.26,32.31,6.24,804.5,47.86,Rust
38.28,76.49,9.95,28.1,11.75,49.05,7.88,891.1,49.23,Early_Blight
15.51,89.06,48.82,16.49,16.69,25.37,6.91,429.5,46.27,Rust
30.08,52.84,36.48,11.17,10.82,24.34,5.07,643.2,32.2,Healthy
31.79,73.66,52.59,23.76,13.68,27.74,7.59,411.8,45.21,Early_Blight
21.57,87.5,45.25,15.03,20.32,26.72,6.19,290.6,26.03,Powdery_Mildew
12.82,75.31,38.55,37.48,33.66,12.35,7.06,362.8,36.52,Healthy
14.89,72.84,49.22,48.84,47.57,17.25,7.69,492.8,48.39,Healthy
17.25,41.06,61.49,42.47,40.53,31.47,5.49,614.7,45.75,Root_Rot
21.37,82.58,27.73,30.79,23.03,38.13,7.49,286.5,38.16,Powdery_Mildew
33.68,73.46,21.07,12.6,46.65,42.05,6.15,913.1,46.22,Early_Blight
15.7,64.89,62.99,49.78,46.02,48.52,4.92,672.4,46.87,Root_Rot
40.76,67.71,11.82,13.07,21.72,46.02,7.62,783.8,40.3,Early_Blight
19.99,94.28,20.39,30.67,26.92,26.05,5.06,692.4,34.29,Healthy
22.58,54.0,49.89,27.6,48.4,47.78,4.98,209.9,40.5,Healthy
33.05,94.76,28.34,23.44,30.83,43.04,7.41,981.7,46.57,Early_Blight
23.89,85.52,30.67,47.82,37.82,32.43,7.45,298.1,45.42,Powdery_Mildew
28.18,49.79,50.06,21.94,26.67,18.09,5.64,182.1,37.61,Root_Rot
14.15,89.89,62.05,28.36,22.02,29.27,6.12,970.4,51.96,Rust
15.65,43.05,53.7,25.69,43.82,22.06,5.38,407.0,34.89,Root_Rot
23.13,47.3,56.99,47.38,40.03,46.83,5.53,865.2,49.63,Root_Rot
29.39,67.86,52.12,42.29,20.69,12.36,5.51,950.6,44.82,Root_Rot
19.28,56.71,58.87,15.06,39.31,13.83,8.3,251.3,42.1,Root_Rot
20.23,86.81,54.85,48.06,13.31,26.92,7.55,409.4,44.67,Rust
28.1,66.67,56.46,29.07,27.89,12.19,6.78,497.7,47.67,Early_Blight
22.31,86.29,50.87,18.95,45.8,51.12,7.45,871.8,56.94,Rust
25.42,82.98,38.13,47.51,48.94,17.97,7.68,317.6,44.41,Powdery_Mildew
38.53,45.48,34.67,43.69,34.82,46.04,6.37,351.9,45.39,Healthy
32.16,67.09,17.65,16.8,20.8,41.68,5.97,795.6,34.99,Early_Blight
22.42,89.92,37.77,28.78,22.63,45.39,6.22,259.1,45.26,Powdery_Mildew
12.25,31.55,62.06,44.27,23.61,15.73,5.4,785.5,34.96,Root_Rot
38.65,64.99,22.75,28.02,41.11,47.45,5.74,243.3,39.85,Early_Blight
18.44,59.65,58.01,10.57,26.68,46.2,5.7,561.5,50.13,Root_Rot
17.69,85.59,51.12,44.86,9.89,15.76,7.87,754.3,48.85,Rust
34.27,83.42,19.33,11.0,33.72,43.75,6.94,664.2,42.34,Early_Blight
17.98,70.67,60.44,32.74,49.38,48.88,4.94,962.0,51.01,Root_Rot
22.42,81.54,48.77,46.62,24.55,39.75,6.03,647.2,44.07,Rust
21.74,71.54,17.63,46.98,28.63,17.05,6.49,735.6,33.2,Healthy
39.12,55.49,61.73,46.37,34.92,20.17,5.72,477.6,45.27,Root_Rot
19.83,89.13,57.51,48.81,45.49,43.37,7.86,930.3,57.83,Rust
22.79,91.33,12.92,37.81,27.37,19.23,7.37,252.0,41.02,Powdery_Mildew
36.03,65.55,16.71,37.89,47.38,13.04,7.97,590.1,43.83,Healthy
24.82,34.13,56.9,22.35,23.55,39.85,5.43,827.7,37.8,Root_Rot
16.13,91.33,62.95,39.61,24.76,41.95,6.45,328.8,42.95,Rust
26.85,79.41,15.85,22.87,44.5,46.79,7.46,323.2,38.62,Early_Blight
39.53,84.37,55.06,20.02,47.29,17.48,5.23,810.2,44.06,Root_Rot
34.82,70.65,32.56,21.3,25.6,48.46,8.12,231.6,35.4,Early_Blight
27.19,78.46,44.29,32.68,37.28,23.92,5.27,196.0,30.61,Early_Blight
20.83,37.74,60.91,26.17,30.29,11.42,5.57,885.5,41.72,Root_Rot
18.97,46.68,62.11,11.55,33.25,36.22,5.48,547.5,48.71,Early_Blight
39.86,43.76,54.95,36.75,12.78,33.63,6.86,993.1,46.12,Healthy
36.74,85.09,50.09,26.68,47.97,22.85,6.4,830.7,44.77,Early_Blight
23.77,91.16,41.78,31.33,25.79,40.54,7.29,221.1,42.08,Powdery_Mildew
34.1,69.43,46.77,42.41,44.31,32.94,5.58,864.3,48.36,Healthy
21.59,83.18,29.63,44.44,26.97,18.09,5.93,236.7,35.14,Early_Blight
29.31,85.37,19.06,48.5,34.95,44.86,7.31,345.3,50.58,Bacterial_Leaf_Spot
21.33,86.51,60.99,43.66,11.11,20.37,6.12,855.9,40.85,Rust
37.91,86.6,29.15,15.74,46.96,40.9,7.75,902.1,48.22,Early_Blight
23.32,89.85,40.64,41.57,16.5,28.52,7.99,314.2,53.19,Powdery_Mildew
40.33,47.47,55.7,13.34,27.51,43.47,7.94,891.1,56.9,Healthy
32.22,27.09,41.4,32.65,29.13,45.35,6.48,992.9,47.98,Healthy
26.16,92.26,33.29,28.88,20.72,26.38,5.27,499.9,31.57,Early_Blight
27.37,87.42,60.9,48.57,34.11,44.63,7.43,574.8,59.12,Bacterial_Leaf_Spot
32.9,35.0,46.35,25.14,44.31,32.64,6.26,633.0,40.69,Healthy
12.05,48.2,54.07,11.48,47.03,14.44,5.58,850.7,42.96,Root_Rot
31.42,77.84,29.23,20.42,11.1,10.15,6.88,286.2,31.92,Early_Blight
25.43,70.9,50.42,12.12,37.01,37.51,8.07,789.6,44.76,Rust
30.04,67.92,59.34,20.01,24.11,32.74,5.75,354.9,49.73,Bacterial_Leaf_Spot
23.45,73.63,35.11,15.52,10.43,33.37,6.17,899.3,37.34,Healthy
42.07,76.85,26.54,33.13,35.19,12.08,5.23,277.5,27.6,Early_Blight
26.85,77.12,35.59,22.55,38.18,19.44,6.26,576.7,44.02,Early_Blight
22.3,83.67,59.92,14.38,39.23,33.82,6.41,729.8,39.08,Rust
32.94,85.61,41.38,28.94,17.76,46.6,6.07,678.0,46.57,Early_Blight
15.36,70.78,52.94,34.8,28.19,43.44,5.32,714.9,43.98,Root_Rot
22.07,88.86,24.21,40.94,15.97,23.01,5.64,289.8,34.66,Powdery_Mildew
30.3,83.79,63.53,46.84,33.71,34.16,7.62,925.1,61.72,Bacterial_Leaf_Spot
35.41,91.64,42.33,29.35,13.7,41.42,6.84,729.5,42.56,Early_Blight
34.8,77.73,56.45,27.69,46.48,20.17,5.01,446.8,44.49,Root_Rot
35.02,81.7,34.98,21.15,40.97,30.11,8.1,883.6,44.51,Early_Blight
22.33,85.29,44.27,45.28,19.63,23.18,7.87,280.6,47.08,Powdery_Mildew
31.74,80.7,48.26,41.75,45.58,32.07,7.36,451.5,52.44,Bacterial_Leaf_Spot
31.88,94.32,27.75,21.42,36.9,23.71,7.89,515.8,40.01,Early_Blight
25.96,88.55,8.39,22.32,14.6,26.2,5.52,337.7,34.43,Powdery_Mildew
32.98,77.51,48.01,35.59,16.11,14.91,6.94,349.0,42.54,Healthy
20.6,92.22,52.34,25.24,23.54,47.51,7.87,692.1,57.57,Rust
19.78,89.91,61.67,44.37,23.15,33.01,5.04,942.1,46.14,Root_Rot
26.98,73.63,46.52,9.91,33.99,32.19,8.15,539.3,37.83,Early_Blight
26.3,83.52,53.76,37.81,45.11,35.4,8.26,327.5,57.2,Bacterial_Leaf_Spot
29.75,40.07,61.45,42.12,28.02,27.97,6.69,978.3,52.23,Healthy
36.35,72.75,48.4,32.74,48.97,20.26,8.11,831.4,54.6,Early_Blight
25.0,90.66,34.85,46.65,40.84,18.57,7.59,394.7,56.18,Bacterial_Leaf_Spot
30.6,86.56,56.85,44.29,40.62,20.09,4.76,443.6,45.06,Root_Rot
28.03,87.58,16.92,48.26,49.51,23.93,7.4,898.3,43.63,Bacterial_Leaf_Spot
17.55,33.26,56.23,38.65,38.42,48.41,8.16,979.8,61.01,Healthy
31.85,82.0,63.44,36.29,17.29,39.49,7.49,854.9,56.23,Bacterial_Leaf_Spot
31.91,72.61,57.68,18.51,44.39,15.71,5.18,665.3,40.86,Root_Rot
37.16,76.03,55.22,9.33,28.06,13.8,4.87,376.2,28.33,Root_Rot
41.61,69.32,57.56,26.58,28.91,41.32,5.27,369.3,44.24,Root_Rot
34.95,89.13,53.41,38.21,48.58,46.61,5.2,523.9,48.42,Root_Rot
32.41,59.61,25.2,37.51,14.67,28.43,7.24,609.6,37.77,Healthy
32.02,47.02,59.63,37.66,43.92,33.08,5.18,778.3,47.85,Root_Rot
25.7,91.53,58.02,45.52,27.62,47.26,7.8,197.0,47.17,Powdery_Mildew
36.52,91.25,58.37,21.67,42.67,36.33,5.56,549.5,46.54,Root_Rot
26.42,75.94,8.12,32.78,26.54,14.15,5.64,190.3,26.47,Root_Rot
11.83,45.07,21.76,15.2,19.98,27.35,6.15,449.0,25.21,Healthy
29.76,86.03,51.37,46.64,27.8,12.98,7.64,529.3,51.39,Bacterial_Leaf_Spot
32.13,87.48,37.14,17.36,18.11,14.9,5.88,903.6,41.05,Early_Blight
34.41,30.19,59.75,29.77,44.9,44.49,5.07,277.5,38.93,Root_Rot
18.3,55.26,20.64,29.13,35.69,20.19,5.91,346.9,29.28,Healthy
23.61,50.33,55.89,17.26,32.48,45.63,5.77,607.9,45.58,Root_Rot
23.63,95.75,9.31,42.84,20.83,30.67,7.64,225.3,37.44,Powdery_Mildew
19.29,34.8,61.59,30.49,29.69,40.33,5.48,621.3,43.11,Root_Rot
27.15,89.69,34.29,19.05,41.33,27.27,6.36,718.6,40.38,Early_Blight
21.85,82.43,56.5,47.0,33.27,48.17,6.23,271.7,50.52,Powdery_Mildew
25.45,87.5,57.95,47.67,27.24,37.64,7.58,745.5,57.08,Bacterial_Leaf_Spot
24.75,90.02,60.35,44.78,33.56,44.24,7.61,291.6,58.91,Powdery_Mildew
24.23,87.06,46.8,46.87,47.87,49.7,7.31,340.7,52.82,Powdery_Mildew
29.67,88.03,39.9,44.04,33.19,36.66,8.03,905.1,50.56,Bacterial_Leaf_Spot
20.19,83.18,35.07,16.25,22.89,26.64,5.58,210.5,25.56,Powdery_Mildew
20.5,83.11,34.2,45.28,19.82,23.82,6.04,255.7,38.7,Powdery_Mildew
19.68,90.03,50.46,30.65,43.06,14.2,6.66,550.0,45.86,Rust
21.35,87.79,18.93,16.52,47.6,20.11,6.89,490.3,49.03,Healthy
36.91,87.65,39.38,11.72,44.03,17.21,7.9,365.8,47.32,Rust
23.6,90.73,39.17,21.16,13.35,19.48,6.67,279.7,31.0,Powdery_Mildew
30.82,64.97,28.02,22.33,28.6,41.71,5.06,559.7,42.16,Early_Blight
20.84,90.08,40.98,46.01,15.35,27.4,6.88,258.7,43.25,Powdery_Mildew
19.43,92.28,60.96,14.55,45.35,35.07,6.58,456.4,55.15,Rust
21.3,94.07,27.2,34.59,50.97,21.08,7.31,261.4,46.71,Powdery_Mildew
27.72,33.19,26.42,33.63,42.32,13.41,5.61,204.6,29.44,Healthy
27.89,47.32,52.28,18.02,12.66,41.91,7.99,667.3,43.5,Healthy
28.2,60.26,29.05,42.19,23.87,11.03,6.94,749.9,33.59,Healthy
38.68,37.26,27.48,10.14,16.1,28.87,7.56,363.3,33.69,Healthy
28.43,24.88,60.32,31.85,20.59,34.52,4.94,782.9,38.13,Root_Rot
35.08,58.11,25.34,33.31,21.18,16.59,6.1,485.2,34.26,Healthy
25.73,44.85,59.12,46.02,49.67,25.19,5.11,510.5,40.87,Root_Rot
29.75,84.71,14.08,48.19,9.66,21.12,7.78,652.5,41.69,Bacterial_Leaf_Spot
24.75,90.04,52.2,47.94,17.81,27.66,7.7,221.3,55.86,Powdery_Mildew
24.9,92.54,39.85,18.36,11.11,19.24,6.22,275.2,28.86,Powdery_Mildew
28.53,83.43,19.54,49.09,12.51,39.52,7.44,646.0,43.37,Bacterial_Leaf_Spot
23.75,47.19,33.68,10.46,16.73,24.33,6.96,519.6,41.01,Healthy
15.86,80.37,9.79,21.81,40.51,21.36,7.98,310.8,39.87,Healthy
40.16,76.82,49.16,35.08,37.55,42.26,5.58,362.2,41.34,Healthy
35.29,84.48,53.14,49.23,37.96,31.4,4.87,840.9,50.75,Root_Rot
23.96,89.24,13.68,29.08,12.84,24.57,5.62,298.0,28.95,Powdery_Mildew
34.8,87.44,52.08,37.92,47.48,45.86,5.13,510.9,48.64,Root_Rot
22.74,82.86,24.78,44.85,25.57,21.21,5.97,249.8,24.14,Powdery_Mildew
29.7,71.48,52.84,14.94,33.27,33.52,5.15,266.9,49.31,Root_Rot
21.85,83.05,44.48,41.17,36.24,38.64,7.74,289.3,50.16,Powdery_Mildew
26.6,77.05,36.09,21.48,36.72,47.4,6.34,985.0,39.25,Early_Blight
31.4,86.3,58.09,46.19,12.88,47.52,7.58,829.2,59.38,Bacterial_Leaf_Spot
36.47,27.8,44.73,30.54,46.69,10.78,5.41,744.2,38.77,Healthy
33.77,69.76,58.52,27.08,22.37,13.72,6.82,731.8,46.93,Early_Blight
41.12,55.52,46.37,46.53,16.79,41.37,6.47,598.4,45.34,Healthy
27.49,88.22,16.4,24.34,47.5,42.57,6.42,244.5,47.86,Early_Blight
25.28,92.0,52.85,10.33,19.22,14.61,5.82,698.7,36.99,Early_Blight
21.94,92.48,13.18,36.13,28.38,21.89,7.29,255.7,40.39,Powdery_Mildew
17.76,31.46,23.49,36.94,34.52,16.49,7.21,547.9,34.07,Healthy
40.33,54.74,64.41,48.56,31.89,41.97,7.73,523.0,45.06,Healthy
16.18,91.54,17.31,12.35,35.37,33.19,6.88,406.3,33.41,Healthy
21.22,89.63,42.39,43.33,30.71,31.31,6.26,258.7,40.87,Powdery_Mildew
25.45,89.01,46.56,33.25,10.59,46.94,6.48,300.3,39.58,Powdery_Mildew
41.0,76.73,23.32,28.76,39.14,33.55,4.88,291.2,32.52,Early_Blight
33.66,43.7,48.97,46.97,46.77,22.56,5.77,579.4,40.05,Healthy
37.27,78.58,36.86,40.08,46.92,14.58,6.0,736.9,50.9,Healthy
27.75,50.43,38.06,35.85,15.21,40.71,8.11,365.6,43.35,Healthy
20.97,91.64,47.47,19.38,41.95,42.02,8.04,278.0,47.36,Powdery_Mildew
32.33,87.72,12.27,47.88,45.39,18.33,7.33,916.3,48.78,Bacterial_Leaf_Spot
21.44,86.76,63.32,31.94,23.67,47.05,6.89,893.0,52.47,Rust
37.52,41.14,48.1,21.59,40.47,29.39,7.2,321.8,39.96,Healthy
30.99,72.71,58.11,24.63,18.59,15.35,5.13,444.7,39.82,Root_Rot
27.88,35.68,40.51,19.66,30.31,44.16,6.65,436.1,33.74,Healthy
38.51,33.97,12.91,24.04,25.66,9.57,7.97,524.2,39.47,Healthy
41.09,28.67,50.33,25.68,42.2,14.41,5.59,524.7,37.34,Root_Rot
34.68,37.32,60.04,47.06,30.58,33.52,4.9,623.6,43.42,Root_Rot
26.32,85.86,51.47,47.57,24.2,35.87,7.74,521.0,52.3,Bacterial_Leaf_Spot
23.07,63.82,55.81,35.62,39.16,43.96,7.86,934.6,55.32,Healthy
18.57,85.49,39.93,13.28,33.33,27.91,5.24,759.3,45.71,Healthy
13.33,80.5,51.19,45.81,46.3,46.17,6.89,285.7,47.74,Rust
39.42,77.74,62.23,19.66,38.81,21.03,7.27,815.1,51.32,Early_Blight
21.63,42.92,58.57,44.73,44.78,15.16,5.01,310.7,40.85,Root_Rot
27.9,69.65,60.58,42.45,43.6,48.78,5.26,723.4,51.04,Root_Rot
32.99,83.65,53.71,45.92,14.85,45.68,7.33,789.6,46.31,Bacterial_Leaf_Spot
23.21,49.51,51.2,43.19,36.1,14.06,6.09,922.5,45.78,Healthy
37.01,80.25,62.32,45.92,29.77,32.82,7.96,1000.5,55.62,Bacterial_Leaf_Spot
14.78,69.92,60.51,36.07,25.1,21.18,7.43,872.4,51.39,Healthy
22.67,82.74,55.55,49.78,30.57,47.18,6.76,255.3,48.37,Powdery_Mildew
29.95,93.4,24.81,25.55,43.67,23.8,6.82,726.9,40.04,Early_Blight
31.74,54.7,62.36,27.15,11.26,19.64,6.41,707.4,44.64,Healthy
36.78,64.48,16.29,30.45,24.57,48.03,6.21,805.8,42.3,Healthy
31.27,68.49,57.36,26.97,20.2,41.19,5.38,468.2,31.17,Root_Rot
22.99,80.22,15.81,26.6,33.96,21.16,8.14,254.7,42.13,Powdery_Mildew
25.0,86.79,33.1,19.79,34.21,21.07,7.8,266.0,45.48,Powdery_Mildew
23.81,95.77,59.8,45.29,40.77,36.65,7.2,568.4,51.06,Rust
20.4,39.6,58.56,28.63,23.73,44.39,5.81,393.5,39.45,Healthy
37.47,76.36,30.35,22.59,41.21,39.44,6.69,697.6,42.12,Early_Blight
24.04,64.96,53.64,20.03,32.1,19.02,6.41,261.2,32.43,Early_Blight
36.47,42.99,61.11,42.41,13.52,44.59,5.11,486.8,38.97,Root_Rot
25.13,88.73,12.31,33.31,36.17,45.97,7.97,348.9,35.3,Powdery_Mildew
31.76,86.53,48.09,11.45,43.09,19.16,6.42,231.8,34.23,Early_Blight
36.13,81.28,61.44,27.53,15.32,39.51,5.15,444.9,47.85,Root_Rot
23.97,81.44,38.01,47.21,38.8,46.51,7.8,316.2,55.04,Powdery_Mildew
31.38,88.84,38.97,45.68,23.29,22.56,7.84,339.0,49.89,Bacterial_Leaf_Spot
19.1,83.3,61.71,30.87,49.62,12.8,6.03,512.4,46.48,Rust
29.77,86.31,36.89,48.51,37.65,48.83,7.8,327.8,51.58,Bacterial_Leaf_Spot
25.97,86.92,14.24,46.73,24.16,25.79,7.87,265.7,38.33,Bacterial_Leaf_Spot
20.73,88.03,48.75,48.73,12.25,24.15,7.45,495.8,45.94,Rust
15.9,61.65,12.46,38.44,46.88,28.84,6.08,366.9,38.29,Healthy
20.21,93.04,59.48,13.89,17.28,42.89,6.3,358.4,40.22,Rust
14.4,56.02,57.29,34.15,40.33,45.81,5.43,989.5,49.2,Root_Rot
39.92,80.09,12.09,30.56,34.94,38.04,7.27,869.0,43.03,Early_Blight
29.37,78.0,55.13,21.34,25.17,33.72,5.27,780.9,48.35,Root_Rot
29.76,85.79,36.21,46.04,17.53,38.41,7.59,351.8,37.07,Bacterial_Leaf_Spot
27.62,63.36,46.37,42.7,21.87,32.68,6.56,948.2,46.07,Healthy
32.8,83.14,32.79,45.09,16.1,37.0,7.5,265.7,43.43,Bacterial_Leaf_Spot
23.14,89.79,30.61,21.4,9.93,24.24,5.11,200.9,30.42,Powdery_Mildew
24.04,78.21,13.06,12.26,14.7,23.66,5.81,961.1,40.24,Early_Blight
31.92,86.07,60.91,45.16,32.86,43.3,7.42,324.3,49.86,Bacterial_Leaf_Spot
33.73,72.3,53.04,14.3,24.89,22.73,5.55,696.4,37.93,Root_Rot
29.2,81.91,32.13,27.08,33.37,32.83,5.95,748.4,37.45,Early_Blight
22.85,90.73,52.58,47.46,26.54,35.89,7.25,577.3,53.09,Rust
38.13,95.18,11.11,17.94,37.08,14.09,8.05,759.0,35.71,Early_Blight
23.93,70.94,58.98,15.83,29.3,35.65,7.7,950.5,50.14,Powdery_Mildew
17.11,64.84,39.25,23.14,41.63,36.35,6.57,806.2,42.12,Healthy
31.66,82.48,45.26,37.42,43.95,34.15,7.41,428.6,46.14,Bacterial_Leaf_Spot
28.01,88.07,33.03,48.61,24.98,19.43,7.76,824.5,43.17,Bacterial_Leaf_Spot
24.84,78.07,29.5,30.5,38.17,50.14,5.17,237.5,40.5,Early_Blight
33.46,81.31,40.13,40.87,24.78,22.02,5.9,603.2,38.53,Healthy
18.49,91.1,56.02,19.21,21.58,14.18,6.94,534.6,38.84,Rust
37.94,36.59,19.22,47.75,26.51,46.13,7.17,956.6,40.65,Healthy
21.46,92.45,51.09,38.72,26.3,23.37,6.25,843.5,45.86,Rust
29.1,56.59,36.21,11.87,34.79,13.85,5.68,518.8,31.81,Healthy
28.07,55.94,52.32,47.29,15.49,19.46,5.78,642.5,41.4,Root_Rot
38.18,35.69,46.29,28.61,30.37,45.49,8.15,748.3,53.19,Healthy
21.02,90.61,45.22,41.98,13.23,33.66,6.89,207.3,40.88,Powdery_Mildew
35.57,81.84,19.27,43.04,48.92,26.11,7.43,397.8,40.67,Bacterial_Leaf_Spot
26.28,55.1,63.03,20.65,31.44,32.01,5.55,512.2,44.33,Root_Rot
22.53,92.56,45.03,27.4,26.58,39.72,7.4,286.3,44.74,Powdery_Mildew
21.04,87.96,55.63,45.77,45.12,33.73,7.68,846.5,57.17,Rust
29.28,86.02,52.34,46.98,25.42,35.69,7.86,590.7,51.17,Bacterial_Leaf_Spot
35.7,81.61,50.11,40.69,13.33,45.24,7.29,810.0,50.11,Bacterial_Leaf_Spot
33.01,86.53,40.13,49.67,26.19,18.91,7.39,932.1,50.45,Bacterial_Leaf_Spot
39.28,53.31,16.12,29.97,15.5,14.76,6.96,879.0,33.83,Healthy
37.03,39.25,53.82,31.53,43.92,40.29,5.13,527.0,41.55,Root_Rot
41.09,83.42,29.19,25.05,30.09,34.32,6.25,979.8,38.56,Early_Blight
22.1,83.55,46.43,48.9,35.5,48.82,6.03,336.3,51.38,Powdery_Mildew
23.05,28.83,62.56,37.62,34.2,10.83,6.47,728.4,45.49,Healthy
26.81,86.36,42.13,18.51,45.55,26.88,6.52,771.9,43.76,Early_Blight
41.07,82.82,56.79,26.26,30.38,39.02,6.19,816.8,50.63,Early_Blight
29.87,34.48,41.51,11.83,43.29,13.46,7.62,731.8,38.07,Healthy
17.55,45.99,10.28,30.99,33.09,47.23,6.55,925.7,44.03,Healthy
15.57,65.92,55.08,15.54,41.87,26.69,5.68,753.1,50.56,Root_Rot
24.9,39.79,41.68,40.05,42.0,45.33,7.27,779.9,52.72,Healthy
33.07,91.08,58.45,18.73,46.64,19.89,5.97,625.4,47.6,Early_Blight
32.8,65.35,40.59,30.29,46.34,11.74,6.02,508.6,45.47,Early_Blight
25.48,69.5,51.17,19.71,38.35,20.35,7.23,797.8,41.45,Early_Blight
25.9,94.63,59.23,24.36,23.58,26.8,8.2,762.3,53.59,Early_Blight
42.4,89.18,14.9,14.97,25.95,10.01,5.58,797.0,32.1,Early_Blight
39.17,43.09,51.97,39.15,39.22,42.48,5.9,889.4,57.35,Healthy
23.29,92.33,32.27,16.42,11.62,22.61,6.75,705.0,39.76,Healthy
21.82,88.7,52.76,29.77,31.76,16.37,7.67,452.9,42.9,Rust
24.43,73.48,16.46,17.92,11.71,44.32,7.18,314.4,37.87,Early_Blight
31.38,91.0,23.76,15.55,12.18,28.71,6.43,301.2,31.41,Early_Blight
15.4,70.61,22.35,22.62,17.6,30.78,8.08,792.9,41.82,Healthy
14.17,46.0,12.75,40.35,44.26,30.45,6.05,380.1,37.01,Healthy
24.24,69.79,34.03,11.12,47.3,31.64,7.63,750.5,42.26,Early_Blight
28.18,75.75,35.02,30.85,26.12,18.17,7.34,959.1,41.71,Early_Blight
31.19,35.76,49.9,41.46,23.97,11.41,7.6,874.5,45.38,Healthy
38.56,58.67,24.01,23.18,34.64,47.37,6.8,396.0,34.52,Bacterial_Leaf_Spot
21.49,32.06,13.36,44.26,19.48,31.92,6.63,897.9,39.17,Healthy
24.94,74.12,47.75,28.09,50.02,21.09,6.68,802.2,50.4,Early_Blight
21.1,91.88,39.94,13.12,23.86,21.89,5.91,277.0,37.36,Powdery_Mildew
31.86,31.08,57.25,43.0,21.41,33.41,5.52,995.8,47.57,Root_Rot
27.27,43.36,29.72,48.16,32.16,38.56,7.79,660.0,47.99,Healthy
18.94,35.44,59.81,30.1,29.58,40.26,5.39,629.7,42.88,Root_Rot
22.39,69.06,49.43,17.38,13.06,46.38,7.09,700.7,42.07,Healthy
33.82,92.08,54.02,17.06,22.76,25.68,4.98,294.9,35.24,Root_Rot
40.97,81.41,44.24,23.02,40.27,29.29,5.83,770.5,43.01,Early_Blight
22.73,58.52,54.84,23.59,26.44,14.38,5.44,832.2,44.5,Root_Rot
18.43,76.17,14.21,27.33,39.16,28.0,6.67,764.5,39.38,Healthy
20.8,82.18,54.46,47.82,32.77,46.57,6.15,300.3,45.03,Powdery_Mildew
16.82,84.08,56.2,29.52,13.22,12.23,7.42,304.5,41.07,Rust
23.94,90.23,44.91,26.58,18.28,42.61,6.21,478.0,48.5,Healthy
21.51,66.74,15.2,16.03,48.05,48.24,8.16,557.6,43.61,Early_Blight
24.56,83.72,16.02,43.92,13.93,41.44,7.66,331.2,43.2,Powdery_Mildew
29.91,52.87,51.35,20.16,35.41,13.33,7.96,585.8,41.76,Powdery_Mildew
30.23,94.47,61.0,36.86,38.34,28.27,8.23,235.2,57.13,Bacterial_Leaf_Spot
40.5,63.96,61.32,28.2,33.27,40.67,5.33,356.4,39.63,Root_Rot
34.37,85.47,64.31,11.54,31.27,39.17,4.87,485.0,37.41,Root_Rot
22.53,84.76,31.63,29.73,40.05,17.52,6.43,410.8,43.44,Healthy
26.48,43.63,59.97,31.73,34.84,22.27,6.02,910.7,53.49,Healthy
33.85,80.13,21.56,24.15,45.83,29.11,5.45,909.5,41.06,Early_Blight
15.34,86.16,64.58,15.09,36.24,25.77,7.23,713.6,48.17,Rust
20.89,82.49,32.55,29.56,23.98,40.33,7.27,278.9,36.68,Powdery_Mildew
31.79,33.35,53.28,29.64,41.13,39.17,5.58,339.5,39.81,Root_Rot
17.39,47.41,54.59,39.16,27.56,14.33,5.13,279.4,32.92,Root_Rot
22.1,84.17,44.46,29.42,37.45,37.34,5.99,304.2,45.69,Powdery_Mildew
34.46,87.4,28.96,28.25,30.41,47.52,5.21,467.5,37.71,Early_Blight
29.21,77.37,65.48,17.73,32.84,16.54,5.61,911.1,45.08,Root_Rot
33.37,81.91,34.36,21.12,23.16,44.19,7.68,741.7,40.85,Early_Blight
39.9,28.1,41.48,13.65,41.61,47.49,6.71,616.6,50.12,Healthy
12.77,95.92,39.63,37.27,17.51,22.75,8.01,316.4,50.53,Healthy
19.51,48.29,62.68,43.48,35.38,41.57,5.05,341.5,41.35,Root_Rot
22.67,84.8,49.87,26.04,38.01,36.39,6.01,325.1,44.25,Powdery_Mildew
25.7,59.24,61.87,22.38,50.33,20.13,4.94,985.1,48.4,Root_Rot
19.15,54.29,54.62,28.46,28.76,43.64,6.03,533.6,46.57,Healthy
36.92,86.57,32.2,40.28,21.35,14.48,6.03,247.0,35.04,Healthy
19.27,79.12,14.01,30.75,27.02,27.22,5.31,723.8,37.07,Healthy
27.89,89.61,35.74,46.31,38.03,20.38,7.69,437.1,50.36,Bacterial_Leaf_Spot
25.42,88.41,43.93,37.85,49.65,19.09,7.98,247.8,46.47,Bacterial_Leaf_Spot
22.61,88.72,23.89,10.41,36.36,32.19,6.01,282.9,28.15,Powdery_Mildew
25.45,85.45,52.86,48.73,21.67,31.95,7.84,424.7,49.7,Bacterial_Leaf_Spot
27.01,60.02,37.62,32.33,10.78,15.9,7.2,312.8,38.15,Healthy
20.65,91.5,60.46,44.38,27.07,16.31,5.88,951.8,48.7,Rust
25.49,95.6,47.35,37.46,38.58,32.53,5.01,278.6,40.66,Powdery_Mildew
24.05,81.11,18.84,35.19,24.42,25.87,5.33,216.8,34.23,Powdery_Mildew
23.04,91.65,42.07,40.88,16.63,29.86,7.93,311.4,46.32,Powdery_Mildew
16.34,33.24,49.25,47.31,32.91,30.86,5.51,680.4,43.48,Root_Rot
26.13,88.64,57.18,45.83,12.87,16.96,7.98,679.3,59.82,Bacterial_Leaf_Spot
26.83,77.52,21.3,30.24,34.65,9.54,5.63,869.0,34.37,Early_Blight
27.67,56.5,60.84,15.92,39.8,37.77,6.56,864.6,53.61,Healthy
22.83,82.96,50.94,13.61,21.43,28.36,5.78,267.8,35.97,Powdery_Mildew
38.39,80.74,9.49,25.35,21.1,40.44,5.99,881.5,35.22,Early_Blight
17.0,59.46,58.68,49.75,40.63,17.34,5.77,726.9,45.6,Early_Blight
38.26,73.41,50.24,23.95,15.65,20.19,5.17,973.7,41.82,Root_Rot
22.36,80.72,39.72,27.41,36.44,31.01,7.74,240.9,54.41,Root_Rot
20.9,81.75,33.89,28.25,24.54,40.21,7.28,279.4,47.47,Powdery_Mildew
25.63,91.01,56.83,48.96,17.84,27.94,7.74,209.9,51.88,Powdery_Mildew
37.03,64.88,59.81,47.76,20.33,28.84,4.85,424.5,43.31,Root_Rot
20.72,53.6,17.55,31.59,32.04,28.79,8.02,854.7,39.57,Healthy
12.24,44.8,52.99,48.43,23.85,40.52,7.99,695.9,56.59,Healthy
31.3,86.33,27.7,31.76,45.28,13.94,6.8,653.6,36.85,Early_Blight
33.94,82.07,60.06,14.82,50.03,38.23,5.65,361.1,39.36,Root_Rot
15.91,79.81,64.77,42.71,47.31,29.97,5.15,596.4,50.83,Root_Rot
37.24,70.44,10.77,25.47,35.28,41.84,7.37,581.0,41.9,Early_Blight
16.87,82.88,37.14,11.02,48.3,21.49,7.16,484.7,40.83,Healthy
38.92,93.76,37.3,39.88,37.28,23.2,7.83,873.7,53.02,Bacterial_Leaf_Spot
30.32,94.62,56.43,13.97,48.96,47.53,6.78,937.9,55.61,Early_Blight
37.95,47.81,56.47,30.69,19.81,34.3,6.36,693.7,43.2,Healthy
27.47,90.82,16.22,30.6,40.35,15.56,7.31,986.1,34.53,Early_Blight
21.22,88.22,18.88,16.88,47.42,20.47,6.83,481.0,49.03,Healthy
20.3,80.58,51.28,33.74,31.96,13.63,7.97,280.6,42.7,Powdery_Mildew
20.95,87.7,58.83,49.02,15.56,37.18,6.97,679.3,45.6,Rust
31.44,55.25,54.14,12.92,23.59,14.2,4.93,825.7,37.31,Root_Rot
23.34,29.23,22.7,43.14,10.05,34.26,5.3,873.1,36.89,Healthy
20.37,93.11,44.51,42.04,14.74,30.6,6.89,233.2,44.12,Powdery_Mildew
23.82,36.4,41.7,44.35,21.85,40.43,5.74,914.1,48.9,Root_Rot
24.17,89.9,48.21,28.11,40.13,33.28,5.53,293.6,37.93,Powdery_Mildew
20.9,84.65,23.9,35.58,37.11,24.19,7.05,197.8,36.29,Powdery_Mildew
16.25,40.48,48.75,43.43,10.79,22.33,6.41,810.2,44.63,Healthy
29.61,57.9,56.31,17.27,35.91,49.35,7.24,567.4,48.17,Healthy
36.9,30.88,31.35,48.12,16.89,17.29,6.42,563.3,34.41,Healthy
31.98,86.54,11.87,50.09,19.35,31.74,7.63,446.0,41.27,Bacterial_Leaf_Spot
13.05,30.39,59.32,20.41,44.8,24.52,5.66,662.7,40.05,Root_Rot
12.23,47.63,21.33,15.98,18.23,26.42,6.14,434.7,27.55,Healthy
22.96,80.79,52.07,23.71,17.74,15.49,6.99,448.8,43.52,Rust
14.84,48.07,53.04,37.53,32.85,19.43,4.87,741.9,48.48,Root_Rot
32.43,82.8,20.29,47.34,45.79,36.12,7.77,667.3,48.5,Bacterial_Leaf_Spot
36.4,71.62,27.48,17.03,17.41,47.35,7.48,560.3,36.38,Early_Blight
34.0,42.94,32.35,37.18,38.73,42.48,7.31,787.1,42.86,Healthy
12.94,38.45,43.95,18.94,15.78,35.32,5.9,582.6,38.64,Healthy
21.89,87.84,55.92,20.62,43.83,29.13,7.06,759.1,46.96,Rust
37.59,28.97,39.98,49.12,29.86,31.26,5.02,309.6,35.91,Healthy
32.05,71.57,53.96,14.19,37.11,34.2,4.89,327.2,47.59,Root_Rot
21.63,83.47,54.64,13.81,27.72,33.48,6.18,248.1,40.47,Powdery_Mildew
25.1,60.28,13.75,39.57,12.73,31.44,6.64,765.5,37.52,Healthy
22.05,88.27,53.47,40.28,39.65,20.65,8.0,402.0,47.97,Rust
30.09,79.65,52.6,48.79,50.15,49.5,5.13,664.0,56.31,Root_Rot
36.17,30.28,14.02,16.49,10.49,40.82,7.41,865.3,36.1,Healthy
27.48,93.53,13.18,37.75,22.04,15.16,8.02,365.2,34.12,Bacterial_Leaf_Spot
27.84,90.28,30.46,46.62,31.49,16.75,7.72,298.4,42.9,Bacterial_Leaf_Spot
27.56,56.88,25.7,37.27,26.17,25.05,5.87,845.4,33.24,Healthy
19.14,81.22,21.68,15.52,25.69,27.16,5.91,761.5,32.92,Healthy
25.49,56.65,31.62,34.32,49.33,32.59,6.75,247.0,34.06,Healthy
38.6,52.75,39.71,42.22,30.98,37.29,5.53,991.6,40.22,Healthy
41.71,79.77,63.53,30.54,24.47,48.46,5.36,451.6,44.89,Root_Rot
33.42,85.49,30.74,45.96,13.93,34.04,7.57,234.4,40.99,Bacterial_Leaf_Spot
20.04,87.3,53.51,46.4,45.39,45.81,7.9,942.1,58.36,Rust
28.6,66.29,31.52,30.22,31.27,22.74,6.73,358.3,38.42,Early_Blight
39.0,73.18,61.54,26.86,11.71,50.22,6.7,335.6,42.11,Early_Blight
23.41,85.71,12.62,32.67,12.32,32.41,6.95,219.5,39.82,Rust
41.8,61.8,42.32,20.12,49.3,19.39,5.46,266.0,37.9,Healthy
32.65,69.32,54.86,13.78,22.04,22.55,5.36,767.8,33.26,Root_Rot
21.25,79.64,59.52,36.51,22.63,32.66,5.38,407.2,46.77,Root_Rot
14.43,62.7,58.28,46.78,24.12,10.21,5.42,979.7,45.77,Root_Rot
16.12,45.46,52.76,16.89,9.71,9.01,7.72,260.9,37.33,Healthy
21.96,91.62,35.21,23.86,24.55,12.73,6.65,276.4,39.93,Powdery_Mildew
27.62,87.44,56.86,46.91,28.56,45.79,5.55,719.3,44.48,Root_Rot
33.76,91.78,57.28,33.24,12.33,23.04,5.16,589.1,41.11,Root_Rot
31.82,82.27,32.31,45.29,17.13,37.13,7.71,301.7,45.4,Bacterial_Leaf_Spot
23.28,82.33,37.5,47.04,36.55,34.17,7.64,311.9,50.2,Powdery_Mildew
40.33,76.89,63.76,17.02,12.23,13.31,5.07,362.2,37.32,Root_Rot
36.77,42.71,36.75,42.65,26.97,34.34,8.12,1032.3,50.77,Healthy
40.11,83.33,49.79,30.76,48.57,39.9,5.41,506.0,39.82,Early_Blight
14.27,77.06,29.32,38.45,20.92,39.02,7.89,351.1,48.9,Healthy
27.51,80.1,12.19,45.37,50.12,39.19,7.54,970.4,46.07,Bacterial_Leaf_Spot
16.17,69.93,60.46,34.65,28.27,36.98,7.25,353.9,42.02,Healthy
35.91,32.21,38.9,40.27,46.23,13.74,6.46,683.5,41.12,Healthy
36.19,54.0,16.55,15.75,47.73,34.67,6.54,787.5,31.46,Healthy
20.16,81.11,57.54,10.91,28.33,46.19,6.82,210.4,40.64,Powdery_Mildew
36.28,68.31,60.75,14.09,22.46,41.94,5.17,892.4,41.35,Root_Rot
39.68,92.11,23.48,23.49,32.05,38.47,6.47,651.6,47.51,Early_Blight
28.36,90.73,48.16,45.87,33.58,32.24,7.56,334.3,48.95,Bacterial_Leaf_Spot
32.19,57.73,25.96,36.8,14.81,28.03,7.43,620.8,39.14,Healthy
13.77,65.52,9.38,22.81,12.15,14.1,7.97,578.9,36.27,Healthy
32.46,35.57,17.3,42.13,36.34,36.63,5.4,506.2,43.2,Healthy
33.21,81.36,37.99,42.55,23.99,21.53,5.9,597.9,39.33,Healthy
30.33,54.2,55.93,19.2,40.98,17.18,5.55,266.0,28.08,Root_Rot
31.45,74.73,51.41,41.15,28.74,12.99,5.7,696.6,37.42,Root_Rot
16.07,80.63,52.04,14.78,23.95,42.92,7.95,886.6,49.11,Rust
15.46,44.47,61.33,17.74,22.58,21.15,6.75,387.4,41.94,Healthy
21.33,28.83,22.61,33.9,31.72,16.31,7.09,587.3,35.75,Healthy
33.6,83.05,42.53,41.85,15.53,40.23,6.86,395.0,43.69,Healthy
25.53,89.71,59.08,13.36,19.23,48.55,5.7,952.0,48.9,Root_Rot
41.52,68.79,22.6,14.66,36.59,14.8,5.47,848.2,28.12,Early_Blight
21.06,25.09,52.57,41.35,12.91,20.1,5.3,924.2,39.34,Root_Rot
23.56,82.54,48.08,17.23,47.45,40.07,6.39,346.6,53.74,Powdery_Mildew
15.15,32.32,49.76,49.29,49.21,24.5,6.57,727.5,53.26,Healthy
39.22,47.63,61.18,46.39,49.33,32.5,5.42,766.6,52.25,Root_Rot
17.07,27.19,56.98,45.65,22.63,31.82,8.04,956.9,57.56,Healthy
25.2,85.12,20.53,47.58,14.36,28.55,7.82,340.6,43.83,Powdery_Mildew
36.14,69.11,32.59,14.89,26.15,25.67,7.24,656.6,41.82,Healthy
39.02,47.06,52.14,29.78,10.51,15.91,5.11,598.9,38.05,Root_Rot
39.55,76.45,37.17,16.38,36.24,28.66,5.65,780.9,45.58,Early_Blight
18.74,90.14,52.52,45.73,12.98,29.0,5.97,813.3,43.63,Early_Blight
21.0,88.99,36.16,37.01,15.37,36.11,6.34,247.7,35.34,Powdery_Mildew
35.06,62.71,21.75,44.76,35.92,35.5,5.82,822.0,37.58,Healthy
31.1,33.67,34.68,41.71,28.16,44.53,5.17,285.5,39.57,Healthy
16.23,87.86,52.99,30.13,29.35,36.35,5.37,347.7,48.56,Root_Rot
28.21,83.94,32.82,19.69,14.82,44.24,6.75,413.5,46.68,Early_Blight
21.34,89.16,46.0,44.17,45.32,33.04,8.18,736.3,59.6,Healthy
37.99,77.28,33.64,14.44,25.67,43.01,5.74,959.7,35.8,Early_Blight
16.59,92.28,32.92,26.32,44.47,18.76,5.97,356.6,42.58,Healthy
23.92,88.42,49.97,22.66,12.61,15.98,6.22,921.0,46.19,Rust
24.54,86.86,60.37,50.87,36.44,23.89,7.5,788.6,50.61,Healthy
25.11,85.98,56.25,36.41,15.89,46.55,7.18,380.5,38.25,Healthy
35.53,48.86,48.85,29.02,38.91,33.64,7.23,204.7,49.17,Healthy
41.99,91.45,43.01,37.67,14.93,43.71,8.14,590.4,42.29,Bacterial_Leaf_Spot
25.53,92.89,60.11,40.0,17.54,23.5,7.68,336.2,48.24,Powdery_Mildew
21.18,90.11,34.83,17.61,28.95,14.59,5.51,270.4,25.42,Powdery_Mildew
27.58,87.25,60.94,29.84,47.86,27.88,5.67,480.7,49.21,Root_Rot
31.16,81.94,24.3,46.83,29.79,15.56,7.7,302.3,42.15,Healthy
40.16,88.53,27.0,10.31,11.68,21.24,6.86,889.8,37.25,Early_Blight
21.04,88.52,47.01,25.23,25.01,39.8,7.64,330.8,48.08,Powdery_Mildew
13.85,87.69,9.73,42.05,22.81,48.88,8.22,383.5,43.73,Healthy
26.51,88.53,43.33,33.12,20.61,31.71,5.85,685.7,48.93,Early_Blight
35.16,82.58,46.87,29.06,12.45,21.85,6.42,933.2,47.39,Early_Blight
19.22,96.61,43.42,32.35,24.8,22.12,6.82,670.0,50.83,Healthy
39.1,54.86,15.74,39.71,26.26,24.5,6.47,848.9,38.0,Healthy
19.28,44.7,50.68,16.82,48.04,27.93,4.95,844.6,40.18,Root_Rot
24.22,87.33,47.39,47.73,49.57,48.33,7.33,340.0,51.03,Powdery_Mildew
27.85,87.62,54.75,19.61,37.14,50.61,4.76,386.3,37.85,Root_Rot
35.68,85.5,46.22,12.04,12.98,36.17,7.06,892.7,39.74,Early_Blight
25.13,88.62,45.91,27.92,25.22,39.64,7.45,258.0,43.73,Powdery_Mildew
25.57,87.25,11.79,47.02,26.44,25.81,7.77,248.0,38.09,Powdery_Mildew
19.34,27.5,26.35,25.69,18.86,39.33,5.41,423.5,34.96,Healthy
35.88,71.14,31.31,19.56,27.1,19.59,7.21,618.5,40.96,Early_Blight
22.68,82.81,22.71,20.7,31.5,27.74,5.98,301.0,35.35,Powdery_Mildew
33.91,43.92,37.87,39.4,48.11,39.79,7.09,310.7,45.89,Healthy
25.55,88.36,59.57,44.62,31.2,44.08,7.57,276.1,56.62,Powdery_Mildew
16.06,76.2,57.7,26.33,43.35,32.96,5.1,724.2,37.52,Root_Rot
18.55,92.63,54.93,18.48,22.77,13.7,6.91,556.9,46.84,Rust
24.23,34.41,56.6,20.78,23.48,40.88,5.44,844.3,46.43,Root_Rot
21.95,81.12,51.68,45.24,35.23,47.37,6.24,276.7,46.08,Powdery_Mildew
17.62,79.65,55.97,22.4,35.7,20.84,5.57,647.7,37.63,Root_Rot
15.02,92.32,48.75,22.83,48.54,23.28,5.59,751.4,40.65,Rust
20.5,90.64,51.21,34.07,40.95,14.77,6.82,552.9,50.46,Rust
22.23,49.65,45.61,47.99,48.2,28.08,5.67,234.4,39.92,Healthy
22.1,88.22,53.91,31.66,13.01,48.18,6.15,718.7,47.96,Rust
27.7,91.01,40.5,48.41,44.33,24.5,7.38,872.8,45.01,Bacterial_Leaf_Spot
41.13,57.12,21.46,34.45,33.22,43.03,4.89,851.0,29.48,Healthy
15.56,45.02,54.02,17.06,9.12,9.08,7.67,273.7,37.33,Healthy
20.41,90.34,21.14,31.55,47.79,20.26,7.66,262.2,40.26,Powdery_Mildew
35.96,74.28,21.86,23.77,41.99,13.48,4.98,715.3,34.76,Early_Blight
38.85,85.92,16.88,29.52,11.43,25.11,5.07,660.5,27.01,Early_Blight
34.51,82.29,57.33,26.07,44.02,19.47,5.06,419.8,41.22,Root_Rot
38.35,95.29,9.21,34.25,21.73,16.52,5.55,691.1,39.97,Early_Blight
24.81,75.88,53.83,21.99,11.78,36.29,5.53,687.4,38.04,Root_Rot
20.44,89.18,26.04,48.0,43.95,33.93,8.06,324.1,46.48,Powdery_Mildew
30.78,94.77,17.06,15.89,38.21,39.86,5.35,374.8,38.96,Early_Blight
25.33,81.18,25.56,47.03,34.36,17.36,7.8,493.8,48.32,Bacterial_Leaf_Spot
30.04,84.3,31.34,47.47,36.73,33.58,7.7,232.2,45.94,Bacterial_Leaf_Spot
31.71,47.96,8.64,47.32,50.08,47.83,6.52,927.6,47.58,Healthy
22.26,90.57,54.51,33.99,43.83,12.23,5.79,476.6,37.64,Root_Rot
27.6,80.9,20.02,25.76,22.36,13.62,7.63,951.5,41.75,Early_Blight
25.71,42.49,27.74,11.01,29.31,34.05,6.19,473.2,29.66,Healthy
40.78,93.05,36.1,24.93,40.47,27.27,5.77,776.6,39.77,Early_Blight
19.48,87.11,38.57,30.11,25.79,31.55,4.98,847.6,39.07,Healthy
14.12,53.9,22.71,13.8,18.02,27.88,6.14,557.6,33.48,Healthy
19.02,88.88,51.52,14.89,33.85,14.6,6.45,719.9,47.0,Rust
19.66,91.3,48.52,42.23,30.0,18.96,6.29,754.7,42.33,Rust
20.97,81.78,40.23,49.16,46.04,23.1,4.96,248.6,38.64,Powdery_Mildew
25.42,78.24,27.78,17.89,34.85,29.01,7.3,675.1,49.12,Early_Blight
29.1,51.39,61.94,38.03,22.6,19.5,4.93,830.8,41.27,Root_Rot
19.72,76.02,47.83,13.66,40.5,28.59,7.81,258.1,43.7,Healthy
33.36,55.12,60.88,20.46,45.74,21.85,5.56,759.3,41.03,Root_Rot
30.65,62.0,15.58,30.26,18.27,43.52,6.74,681.9,37.41,Healthy
39.1,48.75,40.72,29.23,33.58,32.35,5.09,736.5,41.58,Healthy
26.83,89.28,46.66,37.64,47.75,16.08,6.6,1026.2,50.08,Healthy
31.92,89.64,14.65,23.13,29.49,30.75,6.72,984.3,44.29,Early_Blight
27.24,70.94,9.96,23.62,24.75,43.78,8.17,283.0,42.69,Early_Blight
32.97,26.71,31.29,23.98,43.06,44.24,4.98,380.8,35.28,Healthy
25.48,88.35,37.49,21.18,11.06,43.6,5.31,979.9,38.43,Early_Blight
18.96,89.62,56.76,16.66,30.99,11.19,6.23,818.5,46.45,Rust
31.59,41.97,45.56,20.66,21.2,36.72,7.41,381.0,44.63,Healthy
42.41,86.17,54.67,15.04,12.15,38.49,7.39,325.6,50.37,Early_Blight
37.22,37.68,9.76,41.66,48.85,12.12,7.91,681.0,43.79,Healthy
20.56,54.91,26.22,20.75,39.22,25.89,6.31,407.9,43.76,Healthy
19.79,90.3,57.29,16.34,18.23,16.22,6.69,556.4,48.73,Rust
34.9,78.17,47.66,16.69,14.18,15.02,5.81,725.9,36.88,Early_Blight
22.48,95.81,63.6,37.6,31.35,29.35,7.55,662.4,54.26,Rust
30.01,81.09,25.37,44.72,21.65,13.01,7.45,450.7,34.33,Bacterial_Leaf_Spot
16.09,88.23,59.89,27.43,49.68,45.76,6.32,230.7,48.29,Rust
25.7,87.69,45.76,37.82,49.07,19.14,7.87,275.0,49.17,Powdery_Mildew
24.58,90.86,20.06,21.0,24.58,30.19,7.14,664.9,33.71,Early_Blight
30.87,50.09,32.5,27.86,34.06,10.28,6.72,409.8,30.23,Healthy
21.18,83.56,59.9,45.33,19.37,20.27,6.76,595.9,45.7,Rust
26.52,81.69,30.51,45.89,33.9,15.16,7.87,442.7,45.0,Bacterial_Leaf_Spot
23.51,84.41,14.42,15.3,12.9,44.79,6.91,255.3,32.38,Powdery_Mildew
12.3,80.56,23.66,14.9,31.66,38.7,6.2,947.5,34.02,Healthy
27.89,41.97,28.39,30.46,21.97,19.71,5.35,519.8,27.29,Healthy
20.72,89.71,55.63,44.18,37.32,44.41,7.79,207.6,51.89,Powdery_Mildew
38.18,74.71,28.38,24.54,18.33,32.65,5.26,310.3,35.01,Early_Blight
31.89,66.68,20.54,15.84,17.24,38.4,7.08,717.0,39.63,Early_Blight
27.53,84.21,45.05,20.34,46.94,49.23,7.09,283.5,46.7,Early_Blight
20.79,91.66,59.43,45.16,32.7,36.81,5.41,367.0,51.16,Root_Rot
25.12,86.02,10.01,38.12,29.66,45.03,6.18,727.4,45.35,Root_Rot
22.67,69.12,59.1,13.98,39.4,28.36,7.83,952.3,55.47,Healthy
32.65,84.42,33.83,46.35,41.34,37.87,7.74,254.6,52.91,Bacterial_Leaf_Spot
37.67,80.48,29.12,39.28,39.16,11.37,8.13,472.8,49.96,Bacterial_Leaf_Spot
34.92,80.62,33.38,46.7,19.61,13.95,7.46,803.7,48.69,Bacterial_Leaf_Spot
22.0,89.19,43.77,15.0,32.94,15.71,7.11,317.8,48.25,Powdery_Mildew
37.92,39.08,52.58,31.07,45.92,41.41,5.08,513.9,44.59,Root_Rot
12.21,78.91,13.09,25.52,24.97,47.52,5.88,846.3,37.2,Healthy
20.01,69.97,25.82,30.1,16.11,39.0,8.18,707.1,43.03,Healthy
30.92,66.13,42.65,28.64,48.73,16.92,6.03,651.3,47.98,Early_Blight
12.76,80.85,59.55,29.29,32.74,48.31,7.6,870.7,52.77,Rust
24.6,71.89,61.01,33.57,13.95,45.58,6.13,489.9,41.42,Early_Blight
17.16,36.61,52.96,40.18,41.87,42.49,4.96,551.2,36.38,Root_Rot
23.34,89.64,52.7,22.26,12.29,16.87,6.22,868.5,42.59,Rust
36.6,50.04,57.83,18.77,35.84,45.5,5.46,946.0,48.03,Root_Rot
40.11,66.11,12.74,14.52,24.6,44.87,6.38,228.2,25.68,Early_Blight
30.93,90.51,41.98,47.34,17.85,43.87,7.79,704.8,46.44,Bacterial_Leaf_Spot
22.46,87.0,12.71,26.03,37.62,24.21,4.7,322.2,32.52,Powdery_Mildew
30.45,85.33,47.12,32.65,29.69,16.33,7.19,291.8,39.11,Early_Blight
36.58,75.13,23.77,29.45,24.14,16.67,7.25,540.7,32.36,Early_Blight
19.2,84.67,64.78,37.57,12.04,15.84,6.75,367.5,41.78,Rust
33.76,88.05,61.47,23.09,16.84,21.68,7.73,867.9,47.99,Powdery_Mildew
25.68,87.58,7.86,22.97,14.12,26.43,5.46,338.6,30.6,Powdery_Mildew
32.12,82.42,12.51,21.54,19.69,45.94,6.06,524.9,32.04,Early_Blight
18.97,92.6,56.08,12.56,31.84,37.86,5.96,415.2,48.09,Rust
21.13,90.31,35.29,28.89,13.4,48.91,6.36,228.7,39.39,Powdery_Mildew
32.75,72.66,34.18,15.71,22.67,42.07,6.16,701.6,32.66,Early_Blight
12.8,93.84,36.23,12.79,34.21,16.13,4.76,1002.6,36.85,Healthy
19.82,69.3,28.97,15.68,15.21,42.56,5.64,466.3,36.99,Healthy
20.43,44.44,58.9,12.05,40.65,37.72,5.24,412.3,39.51,Root_Rot
20.43,85.8,39.33,30.34,22.66,12.69,6.17,309.4,40.77,Powdery_Mildew
14.44,54.43,61.67,33.45,41.92,14.57,5.62,255.5,43.03,Root_Rot
19.55,86.99,61.13,30.96,39.74,14.93,5.74,823.4,52.36,Root_Rot
34.39,81.85,59.11,46.86,31.98,31.07,7.73,324.0,51.27,Bacterial_Leaf_Spot
41.24,33.29,35.72,15.79,38.12,46.96,6.3,611.1,40.45,Healthy
33.14,94.48,18.22,18.41,19.31,39.26,5.44,457.3,31.64,Early_Blight
28.27,41.22,28.88,31.1,22.75,20.96,5.28,489.7,35.43,Healthy
34.57,84.02,15.08,22.57,21.44,33.6,5.03,850.6,40.13,Early_Blight
30.43,91.76,38.98,50.59,38.47,46.95,7.36,310.0,51.63,Bacterial_Leaf_Spot
32.94,79.47,38.94,42.02,28.33,20.93,6.06,592.2,39.44,Healthy
24.27,74.19,17.74,42.93,12.3,40.72,5.69,468.6,38.26,Healthy
39.66,27.68,19.96,45.2,42.16,20.08,5.44,678.0,35.25,Healthy
31.63,40.66,62.61,10.75,17.81,20.86,4.96,419.8,38.27,Root_Rot
21.02,93.53,57.91,17.67,17.95,19.0,7.01,532.7,41.0,Rust
38.95,53.42,60.56,45.14,49.35,36.35,5.16,620.1,44.64,Root_Rot
27.8,81.28,18.92,47.21,36.77,45.92,7.38,745.8,41.65,Bacterial_Leaf_Spot
18.73,64.19,61.7,27.5,30.99,11.88,5.48,754.0,38.48,Root_Rot
30.97,66.88,46.17,20.95,31.51,46.27,6.3,802.4,49.38,Early_Blight
13.58,92.21,60.95,45.97,32.65,27.53,6.13,351.5,47.49,Root_Rot
32.18,93.63,37.0,23.55,26.33,34.18,5.31,876.9,34.43,Early_Blight
41.18,43.8,53.7,16.25,17.62,47.62,7.56,519.6,45.56,Healthy
22.22,87.43,46.24,22.04,38.65,36.76,6.07,330.0,39.46,Powdery_Mildew
40.43,65.23,26.54,31.2,37.36,14.56,7.96,322.8,43.53,Rust
25.82,91.33,54.02,47.74,35.78,25.58,7.78,786.2,50.08,Bacterial_Leaf_Spot
41.12,95.24,39.01,25.01,24.84,29.21,7.51,991.0,41.94,Early_Blight
20.81,32.06,34.2,34.94,26.33,17.57,4.88,760.7,29.04,Healthy
19.71,91.49,50.64,22.81,34.32,38.68,6.72,819.6,51.03,Rust
35.88,49.09,21.16,39.9,23.65,47.66,7.83,197.9,40.27,Healthy
33.49,54.63,61.08,21.2,45.59,21.91,5.59,734.1,47.59,Root_Rot
25.28,77.73,39.25,15.94,24.19,33.62,4.92,593.8,32.6,Early_Blight
27.71,39.3,48.11,39.48,12.84,34.61,6.27,385.1,39.06,Healthy
20.13,91.51,56.99,45.29,41.68,17.07,7.88,682.4,55.14,Rust
26.19,79.18,56.57,25.4,38.56,43.35,5.5,378.3,50.12,Root_Rot
32.55,75.18,17.11,21.6,31.87,23.51,7.51,968.6,45.71,Early_Blight
26.05,92.05,57.74,46.57,26.79,46.6,7.79,217.7,56.65,Bacterial_Leaf_Spot
14.8,38.54,17.67,23.06,23.88,19.59,7.22,775.7,34.76,Healthy
18.01,84.93,53.43,35.94,17.25,30.38,7.49,758.1,47.69,Rust
25.76,84.3,30.36,22.71,40.05,37.88,6.73,284.4,39.34,Powdery_Mildew
40.11,69.15,51.87,43.1,14.07,48.94,5.43,760.2,45.05,Root_Rot
41.27,64.3,56.93,29.4,36.78,49.67,7.54,738.9,54.66,Healthy
21.44,90.21,38.45,30.85,13.6,46.46,6.3,216.5,43.7,Powdery_Mildew
22.68,83.38,51.16,27.32,34.86,14.1,4.81,281.6,35.49,Root_Rot
40.69,74.83,50.66,18.96,24.79,15.27,5.93,588.5,45.82,Early_Blight
12.19,91.04,49.91,21.59,28.56,39.85,5.29,524.8,42.57,Rust
38.87,67.61,19.87,46.72,21.68,32.1,5.5,810.4,36.42,Healthy
30.35,91.75,20.0,30.79,10.91,43.21,7.9,627.7,35.16,Early_Blight
20.95,70.94,40.23,26.19,10.34,29.04,6.51,924.2,44.51,Healthy
39.63,40.3,53.31,18.99,20.36,26.11,8.1,909.8,49.24,Healthy
20.79,44.64,59.08,45.21,44.67,16.29,4.93,287.7,34.02,Root_Rot
21.2,39.97,44.37,33.01,25.48,30.32,5.55,976.1,41.67,Healthy
19.62,92.8,37.38,46.73,26.88,26.05,5.54,844.7,38.27,Healthy
16.45,31.91,14.42,37.55,18.75,17.37,5.19,941.6,29.92,Healthy
33.25,86.58,11.23,41.04,15.6,48.82,7.98,967.9,50.39,Bacterial_Leaf_Spot
19.01,38.27,30.91,34.09,35.55,46.59,6.04,663.3,40.99,Healthy
12.89,84.98,54.59,29.73,12.25,12.11,7.51,545.3,42.02,Rust
38.31,93.04,18.36,14.31,35.52,35.69,6.59,262.9,37.54,Early_Blight
25.09,91.65,50.71,49.45,21.28,33.22,7.82,206.3,52.4,Powdery_Mildew
27.21,88.46,55.62,24.07,46.66,24.29,5.01,679.8,43.48,Root_Rot
28.57,88.05,29.48,18.27,19.73,17.33,5.08,455.5,28.94,Early_Blight
40.75,74.01,43.91,23.91,46.87,17.27,5.74,233.3,40.91,Early_Blight
16.06,88.45,55.13,18.94,10.36,41.53,6.22,268.3,42.93,Rust
16.99,59.14,19.34,28.6,41.04,22.17,5.37,352.1,31.64,Healthy
14.45,95.31,60.11,18.26,17.44,32.61,4.9,314.6,41.42,Root_Rot
39.96,58.51,64.31,45.64,27.94,39.64,5.09,954.2,47.88,Root_Rot
12.01,90.52,49.94,14.19,37.88,12.47,7.96,809.8,46.92,Rust
40.98,71.33,36.08,11.8,16.69,42.62,5.44,287.2,40.01,Early_Blight
38.34,70.93,30.92,17.06,45.25,14.94,7.59,400.8,38.64,Early_Blight
23.41,81.82,10.05,29.0,41.47,44.24,6.09,267.2,36.36,Powdery_Mildew
36.77,33.92,57.76,18.71,30.66,33.29,5.64,737.4,42.37,Root_Rot
32.86,80.3,22.3,17.25,36.19,21.48,7.04,258.4,37.35,Early_Blight
31.34,59.79,61.65,44.9,42.65,36.74,5.32,385.7,49.65,Root_Rot
31.36,36.27,62.42,36.65,27.79,17.47,5.31,618.7,35.21,Root_Rot
32.83,78.19,45.13,40.32,28.73,33.48,7.72,670.9,49.48,Bacterial_Leaf_Spot
25.17,50.62,46.13,38.25,38.87,23.93,7.87,227.6,48.38,Healthy
17.58,85.32,63.0,27.71,36.4,37.77,6.05,620.1,42.54,Rust
24.52,88.24,53.65,20.35,16.25,17.35,7.29,365.8,39.81,Early_Blight
22.14,61.3,55.61,25.29,26.4,12.33,5.57,806.6,41.95,Powdery_Mildew
25.93,85.27,20.21,46.36,13.66,31.16,7.92,337.7,39.0,Bacterial_Leaf_Spot
38.79,81.53,7.12,21.06,25.13,29.84,4.98,215.3,22.27,Early_Blight
40.0,72.26,63.66,25.57,12.53,50.51,6.71,312.9,50.89,Early_Blight
31.63,34.65,53.68,42.62,32.33,37.99,4.77,945.8,44.87,Root_Rot
41.33,53.84,58.57,51.2,25.57,38.69,7.42,343.5,56.18,Healthy
37.5,70.11,11.23,15.22,46.98,35.28,7.72,947.8,44.63,Early_Blight
21.91,83.43,43.39,46.76,37.21,34.95,7.9,333.9,51.47,Powdery_Mildew
26.98,30.09,38.21,27.78,43.51,16.04,5.81,219.3,33.32,Healthy
14.66,40.66,24.67,16.76,41.17,50.72,7.7,286.3,39.37,Healthy
15.23,89.28,64.36,24.67,20.09,49.87,6.71,292.6,46.71,Rust
30.27,89.84,42.69,48.64,41.91,25.29,7.52,886.4,53.23,Bacterial_Leaf_Spot
35.14,74.58,11.38,28.55,29.53,9.62,4.81,470.4,31.28,Early_Blight
22.63,84.82,49.98,27.24,38.7,36.65,6.05,323.1,52.01,Powdery_Mildew
12.99,87.75,54.32,29.86,33.06,35.14,7.38,845.6,48.07,Rust
26.44,90.62,17.32,47.43,42.36,39.92,7.7,736.0,56.0,Bacterial_Leaf_Spot
20.96,87.08,38.51,30.68,22.7,13.82,6.19,311.3,30.85,Powdery_Mildew
41.46,66.51,47.3,20.55,49.41,44.91,5.87,982.9,40.83,Early_Blight
17.5,47.81,35.4,26.67,44.61,27.65,6.41,412.9,32.14,Healthy
14.14,84.27,9.07,25.18,35.39,33.4,6.22,320.3,37.35,Healthy
31.3,35.18,30.14,42.7,43.58,49.83,6.96,720.0,47.16,Healthy
25.85,88.26,60.15,44.9,32.29,43.92,7.46,283.1,53.64,Powdery_Mildew
30.93,62.02,11.78,37.8,11.46,26.17,6.47,705.5,41.92,Healthy
24.29,83.73,17.82,32.12,46.71,43.96,5.9,209.2,39.16,Powdery_Mildew
26.36,27.82,43.93,23.66,42.11,16.76,5.96,224.6,33.77,Healthy
21.2,91.02,51.14,12.03,26.34,20.9,7.32,719.2,43.97,Rust
16.98,35.15,59.4,41.66,31.67,48.64,5.23,702.7,43.91,Root_Rot
37.19,68.99,37.06,29.98,23.23,14.24,5.01,987.4,33.16,Early_Blight
33.06,86.25,38.23,17.7,17.96,16.14,5.72,949.6,41.4,Healthy
15.82,38.89,56.51,37.99,39.08,48.21,5.44,342.4,45.29,Root_Rot
21.42,83.78,38.77,35.72,35.63,40.81,5.99,283.9,38.97,Powdery_Mildew
20.88,82.1,34.06,28.0,24.15,39.75,7.26,281.0,49.97,Powdery_Mildew
30.55,44.51,50.29,33.31,10.86,38.53,7.83,276.5,45.6,Healthy
21.45,87.31,46.21,32.2,20.7,26.06,6.36,858.3,47.44,Healthy
23.91,81.8,54.3,20.07,11.5,11.64,7.31,428.3,41.88,Rust
20.43,58.56,64.05,31.45,11.43,25.79,5.55,470.0,36.71,Root_Rot
28.69,59.42,28.25,22.56,26.02,22.48,6.73,753.4,38.34,Healthy
20.62,88.46,54.98,25.58,19.84,12.68,7.57,936.5,48.3,Rust
26.23,88.52,49.04,15.13,12.53,14.13,5.38,297.7,32.83,Early_Blight
18.06,83.86,58.1,32.79,14.12,41.43,6.06,652.8,50.85,Rust
29.19,89.24,29.38,48.36,28.38,13.55,7.53,465.7,41.36,Bacterial_Leaf_Spot
30.67,92.71,40.15,48.33,43.29,26.39,7.5,868.1,55.94,Bacterial_Leaf_Spot
33.43,31.33,45.8,45.6,22.94,19.46,6.85,440.8,40.42,Healthy
28.12,59.71,40.34,15.45,24.25,48.5,6.82,250.9,35.54,Healthy
32.64,83.49,60.09,30.89,17.37,40.58,8.07,698.6,54.33,Healthy
39.36,87.45,53.94,35.37,31.34,37.14,5.29,931.4,51.68,Root_Rot
17.71,77.49,24.24,13.83,33.83,16.29,5.05,666.1,33.55,Healthy
24.04,68.39,31.78,9.31,30.41,45.0,5.12,958.4,38.55,Early_Blight
31.17,55.65,55.24,24.64,42.56,27.17,4.9,433.8,42.13,Bacterial_Leaf_Spot
34.81,83.17,49.29,23.6,43.45,19.89,7.99,370.8,47.27,Root_Rot
24.57,87.38,59.7,49.6,36.72,22.94,7.53,789.2,58.85,Healthy
28.02,87.58,11.21,47.05,30.0,25.56,7.81,540.4,41.82,Bacterial_Leaf_Spot
23.0,93.45,20.2,23.9,45.82,30.48,5.4,336.9,33.54,Powdery_Mildew
37.58,26.89,37.13,47.51,26.39,14.82,6.1,714.2,40.57,Healthy
26.72,86.34,58.78,49.47,34.76,45.71,7.69,556.0,51.1,Bacterial_Leaf_Spot
26.74,86.26,39.38,17.28,48.99,21.55,7.9,831.4,50.49,Early_Blight
20.8,86.37,19.09,47.18,27.73,19.96,7.57,284.8,33.47,Powdery_Mildew
14.25,71.91,54.39,33.41,28.1,40.89,4.91,390.3,40.06,Root_Rot
18.39,40.7,52.36,37.05,15.95,16.72,5.21,678.8,32.87,Root_Rot
34.98,83.25,35.27,22.16,42.32,31.45,8.05,840.4,50.14,Early_Blight
30.44,86.96,40.31,46.19,24.7,23.94,7.67,351.4,41.05,Bacterial_Leaf_Spot
28.73,93.96,54.51,17.6,30.59,12.79,5.2,432.7,28.83,Root_Rot
21.83,94.94,57.07,36.92,48.84,21.1,8.09,626.7,57.45,Rust
19.54,86.34,56.15,26.75,50.64,13.18,6.12,947.9,48.99,Rust
22.01,92.44,51.16,18.35,41.23,43.49,8.0,288.5,51.2,Powdery_Mildew
19.66,86.52,63.09,29.16,45.41,47.26,7.29,354.9,52.65,Rust
38.51,81.48,32.67,30.39,36.15,24.31,8.25,533.4,49.09,Early_Blight
24.92,87.02,44.9,47.72,44.53,22.54,7.6,247.7,51.02,Powdery_Mildew
21.07,90.49,54.7,23.79,25.79,32.66,5.86,957.2,40.53,Rust
33.29,76.92,58.25,30.25,29.55,22.61,6.32,546.6,48.86,Early_Blight
42.06,72.13,40.88,32.72,48.67,37.8,4.88,786.9,41.67,Early_Blight
24.62,77.18,58.32,23.25,43.89,29.11,5.5,892.7,50.14,Root_Rot
15.45,81.6,34.47,24.43,45.96,38.12,5.94,797.0,37.53,Healthy
24.35,53.95,23.93,13.0,12.91,31.13,4.74,699.9,31.74,Healthy
23.2,93.22,56.83,47.06,35.89,38.55,6.65,542.8,46.49,Rust
27.62,88.56,34.67,46.27,33.45,37.76,7.39,863.8,47.97,Bacterial_Leaf_Spot
20.25,91.55,52.46,25.65,28.71,14.7,7.14,516.7,53.21,Rust
21.89,89.89,62.71,22.5,29.21,18.26,5.95,249.3,41.48,Powdery_Mildew
41.13,87.43,17.08,13.24,27.16,42.65,5.44,417.4,34.32,Early_Blight
38.83,82.77,8.22,20.73,25.36,29.34,4.97,240.8,28.11,Healthy
33.5,32.18,51.06,26.19,13.69,49.03,8.01,854.9,47.17,Healthy
31.77,92.32,43.98,30.16,20.41,18.02,5.54,462.7,43.91,Early_Blight
20.7,89.13,37.55,27.48,22.47,12.42,6.42,302.5,39.22,Powdery_Mildew
18.49,93.12,16.68,34.53,17.72,27.25,6.63,312.1,33.09,Healthy
18.93,91.11,50.71,30.33,16.86,30.35,7.49,967.8,44.38,Rust
19.07,42.56,58.45,34.28,17.56,35.75,5.02,208.7,39.9,Root_Rot
37.72,85.2,63.19,11.24,21.89,46.68,6.59,722.5,52.67,Early_Blight
26.85,85.38,36.65,23.74,31.95,31.5,5.45,515.9,37.57,Early_Blight
21.99,84.85,19.29,21.7,41.34,24.78,4.91,331.5,35.66,Powdery_Mildew
23.18,85.85,38.27,36.99,30.28,43.0,5.84,297.4,43.96,Rust
29.91,71.27,40.67,31.09,26.41,14.56,5.46,586.7,39.82,Early_Blight
20.84,82.61,19.57,46.52,25.63,15.91,7.37,254.9,38.84,Powdery_Mildew
21.42,88.43,50.81,32.75,46.9,19.24,7.08,998.7,46.13,Rust
19.53,88.5,58.8,47.37,30.15,19.13,6.27,840.7,58.83,Rust
19.45,85.66,18.7,17.49,48.25,20.9,6.88,519.4,29.59,Healthy
36.29,66.99,21.07,27.41,10.76,13.82,6.08,400.0,25.23,Early_Blight
23.64,80.76,46.39,46.18,47.75,16.46,8.02,286.1,51.91,Powdery_Mildew
34.74,39.92,16.82,49.8,10.09,34.63,7.84,743.3,43.07,Healthy
31.57,78.37,28.13,18.67,11.82,10.26,6.95,291.8,32.74,Early_Blight
13.64,50.39,11.86,29.21,33.97,46.96,5.84,967.4,41.02,Healthy
22.6,85.27,17.52,34.39,11.99,31.21,7.34,217.2,42.26,Powdery_Mildew
41.33,72.76,32.2,25.3,36.57,11.71,6.51,453.9,45.05,Early_Blight
22.93,90.81,55.54,38.29,27.76,29.33,7.47,689.8,42.91,Rust
28.33,30.59,58.53,39.41,45.63,49.27,6.11,253.8,47.33,Healthy
14.83,81.44,64.82,31.01,35.66,38.24,5.97,660.8,49.27,Rust
17.05,29.2,41.5,15.1,37.16,41.71,6.32,770.0,40.73,Healthy
21.96,30.01,30.59,12.58,19.18,26.3,4.96,562.5,30.24,Healthy
26.81,84.94,34.96,40.84,16.31,14.83,8.07,921.1,47.05,Bacterial_Leaf_Spot
23.39,91.93,27.81,41.05,29.25,29.06,7.27,292.5,36.07,Powdery_Mildew
19.87,46.91,21.98,49.76,39.13,43.02,6.82,671.7,41.69,Healthy
22.24,89.43,19.9,22.93,43.14,28.59,5.1,336.2,34.05,Healthy
26.81,89.56,59.56,40.58,38.06,28.83,7.91,368.2,48.64,Bacterial_Leaf_Spot
22.3,89.56,19.76,38.33,12.39,23.12,5.39,308.6,34.13,Powdery_Mildew
22.15,91.57,35.45,23.05,25.15,13.32,6.67,274.4,27.22,Powdery_Mildew
21.85,62.49,26.88,9.46,48.15,16.85,6.97,477.8,40.41,Healthy
36.97,87.08,27.01,30.43,31.14,25.92,5.06,717.5,31.88,Early_Blight
19.77,93.91,35.2,23.43,20.41,22.9,5.92,1008.5,36.08,Healthy
32.89,75.78,52.97,13.25,11.84,38.55,7.23,805.0,48.17,Early_Blight
20.66,28.14,36.15,16.17,29.57,28.24,5.39,752.7,32.07,Healthy
29.93,74.74,55.4,15.64,35.05,36.96,5.98,924.1,46.62,Early_Blight
37.97,53.98,58.14,27.29,36.46,21.6,6.39,294.8,37.76,Healthy
18.53,56.01,58.63,14.66,12.84,40.22,7.55,262.3,44.9,Healthy
22.98,87.42,34.13,27.76,35.63,24.15,6.84,309.5,33.16,Powdery_Mildew
25.25,60.0,59.19,45.84,46.14,26.45,5.35,634.8,45.22,Root_Rot
21.61,88.46,24.83,12.38,33.1,34.4,6.42,330.8,32.33,Powdery_Mildew
36.89,75.72,22.8,24.7,18.89,34.47,5.42,949.9,45.2,Early_Blight
25.62,87.57,35.46,45.34,38.82,18.9,7.46,396.8,45.21,Bacterial_Leaf_Spot
25.51,83.24,22.61,47.51,36.19,19.06,7.3,583.8,44.03,Bacterial_Leaf_Spot
30.58,80.78,61.62,29.85,17.81,30.87,6.3,317.9,37.75,Early_Blight
36.74,53.33,53.84,41.77,21.28,50.06,6.68,630.5,51.21,Healthy
21.51,89.48,25.85,45.21,43.68,12.57,6.38,231.0,40.05,Powdery_Mildew
16.44,80.89,51.65,15.64,23.88,41.73,8.02,879.0,46.48,Rust
27.45,84.77,16.54,45.97,25.76,35.24,7.32,427.0,45.94,Bacterial_Leaf_Spot
21.36,34.33,60.27,49.73,28.78,17.16,5.65,864.9,47.75,Root_Rot
13.73,82.27,57.05,12.3,30.33,18.66,7.67,243.4,33.72,Rust
32.7,84.66,14.04,42.87,25.06,45.58,5.77,882.6,43.92,Rust
19.71,50.63,45.53,37.13,22.77,12.76,5.21,471.8,32.81,Healthy
36.73,95.21,11.29,47.22,27.9,33.58,5.71,746.6,36.61,Healthy
24.62,87.97,60.08,45.7,16.75,42.4,7.18,751.2,61.14,Healthy
39.59,64.28,57.63,48.89,32.12,41.93,5.67,448.2,46.72,Root_Rot
19.14,34.54,47.41,45.39,11.39,15.8,6.88,720.3,44.43,Healthy
21.06,82.83,42.67,21.98,41.31,34.21,7.58,265.8,44.03,Powdery_Mildew
25.54,81.21,44.29,24.12,48.25,44.25,6.27,364.0,45.93,Early_Blight
22.86,83.94,50.91,13.06,19.65,26.06,5.66,285.4,42.86,Root_Rot
18.35,86.49,50.56,24.64,21.97,19.55,7.89,598.5,46.5,Rust
19.53,80.75,60.04,47.13,45.27,25.51,5.38,461.7,45.6,Root_Rot
36.04,83.21,31.01,40.29,21.42,15.45,6.03,238.5,31.42,Healthy
23.64,77.93,52.53,17.28,16.15,47.3,5.73,619.8,41.56,Root_Rot
22.83,92.86,57.27,17.85,23.71,38.04,6.78,869.2,55.25,Early_Blight
39.78,78.21,29.89,26.88,21.53,32.69,5.96,938.3,38.93,Early_Blight
28.03,92.62,25.9,26.57,50.24,20.14,8.02,743.5,46.62,Early_Blight
25.09,85.06,36.91,11.85,26.65,47.41,5.29,651.9,44.25,Early_Blight
22.35,93.47,34.68,26.82,34.84,20.7,6.65,222.3,41.57,Powdery_Mildew
13.02,58.43,13.28,25.49,32.04,33.49,6.01,551.1,40.89,Healthy
32.06,81.55,40.91,50.33,25.7,31.99,7.9,841.3,54.21,Bacterial_Leaf_Spot
28.83,85.94,50.88,49.16,10.24,11.53,7.66,458.5,43.74,Bacterial_Leaf_Spot
27.13,85.32,60.17,45.89,40.38,26.79,7.84,400.3,52.31,Bacterial_Leaf_Spot
20.16,91.12,58.85,17.87,30.67,14.25,6.85,534.3,54.85,Rust
22.47,69.22,26.34,18.74,38.12,20.21,6.15,581.8,31.22,Healthy
34.4,87.71,49.01,39.05,24.0,13.32,7.34,870.3,52.69,Bacterial_Leaf_Spot
20.42,84.32,56.68,35.95,42.56,28.14,7.42,854.5,55.88,Rust
21.02,88.08,45.36,24.17,25.59,39.94,7.53,299.7,41.9,Powdery_Mildew
33.85,81.86,16.99,47.58,48.79,21.01,7.48,856.0,50.96,Bacterial_Leaf_Spot
34.65,48.74,51.2,31.39,38.37,36.99,7.34,206.0,45.72,Healthy
40.88,45.9,57.76,15.75,26.04,42.41,7.97,892.8,48.07,Healthy
27.57,39.18,50.46,15.81,15.43,44.5,8.09,878.2,49.13,Healthy
24.95,83.55,29.36,21.56,35.38,21.69,7.87,261.2,48.11,Powdery_Mildew
22.02,86.43,47.09,33.79,22.24,27.61,6.19,863.3,47.39,Healthy
15.93,45.18,62.35,17.07,22.39,21.3,6.76,381.8,38.35,Healthy
21.73,73.1,24.82,47.07,31.58,13.98,6.93,887.9,35.19,Healthy
23.78,91.12,52.39,23.74,46.51,28.59,6.38,236.8,50.3,Powdery_Mildew
22.81,84.18,11.88,47.25,14.01,28.7,5.76,205.8,30.4,Powdery_Mildew
40.19,30.49,50.27,38.94,46.95,46.17,4.9,312.0,46.77,Root_Rot
28.7,87.3,49.45,16.28,39.09,38.69,5.0,442.9,41.79,Root_Rot
27.73,55.14,9.47,33.23,47.55,50.68,7.12,852.8,42.75,Root_Rot
35.48,47.76,27.34,44.92,9.62,34.65,6.98,791.5,40.99,Healthy
14.51,83.05,54.13,9.88,47.11,40.78,7.25,638.0,49.53,Rust
25.4,88.85,63.28,42.55,22.76,34.54,5.51,726.3,49.29,Root_Rot
31.01,52.57,27.2,40.09,24.33,47.36,6.94,813.3,45.17,Healthy
13.97,28.45,12.96,34.44,32.25,10.14,5.75,282.9,32.4,Healthy
36.33,74.95,20.45,24.33,19.37,35.76,5.39,932.2,26.03,Early_Blight
19.8,86.87,29.82,44.7,44.04,20.17,7.54,886.5,49.59,Healthy
20.02,92.61,57.71,17.83,43.84,37.77,6.18,433.9,45.37,Rust
36.07,47.99,47.86,39.38,25.24,40.91,5.28,321.3,38.37,Healthy
21.62,91.77,41.03,14.97,15.29,18.77,6.29,243.6,32.42,Root_Rot
28.83,90.24,18.12,48.57,16.28,23.71,7.52,414.6,51.45,Bacterial_Leaf_Spot
28.7,80.14,61.65,45.62,20.36,18.58,7.81,567.2,51.13,Bacterial_Leaf_Spot
40.28,87.72,55.79,37.54,36.58,41.47,5.1,948.5,42.7,Root_Rot
31.78,54.28,50.4,11.36,46.19,50.23,5.33,193.0,36.55,Root_Rot
19.95,92.51,58.2,14.77,15.6,42.97,6.23,342.2,42.63,Rust
39.64,89.86,55.43,41.98,19.02,22.61,5.17,403.5,44.45,Root_Rot
33.87,91.0,58.25,41.11,34.98,26.69,7.37,646.4,50.02,Bacterial_Leaf_Spot
29.32,78.4,61.6,21.35,13.46,13.94,6.9,828.2,42.61,Early_Blight
40.5,55.24,60.54,17.08,28.64,37.99,8.03,983.2,53.66,Healthy
40.97,40.28,32.96,38.16,40.06,37.62,7.37,781.5,46.02,Healthy
40.56,80.63,63.43,34.49,42.89,37.53,4.99,814.9,44.38,Root_Rot
32.71,90.4,62.13,14.04,49.52,36.25,5.63,386.8,45.13,Root_Rot
21.45,81.4,34.92,45.66,19.6,24.43,5.99,284.3,42.95,Powdery_Mildew
29.75,64.83,15.53,39.11,22.51,39.85,7.11,762.8,39.6,Healthy
31.29,50.83,31.26,29.05,33.2,11.55,6.67,408.7,40.59,Healthy
21.69,83.19,43.42,41.14,42.34,42.75,7.47,307.3,50.7,Powdery_Mildew
39.59,82.62,30.39,30.67,36.41,25.18,8.18,521.0,46.17,Early_Blight
31.91,83.77,59.34,48.96,44.8,34.02,7.56,355.3,56.56,Bacterial_Leaf_Spot
32.35,77.27,22.39,23.56,15.11,31.67,8.18,988.9,40.08,Early_Blight
25.74,86.93,56.08,48.47,35.57,47.56,7.71,510.9,53.62,Bacterial_Leaf_Spot
17.6,79.45,33.89,47.09,16.43,32.06,5.69,265.9,33.91,Healthy
28.8,79.69,46.35,25.41,11.56,26.19,6.36,765.6,38.6,Early_Blight
33.48,75.9,53.28,25.79,47.64,32.26,5.9,269.5,41.66,Early_Blight
22.72,83.18,55.44,27.28,24.76,13.68,7.4,301.0,43.95,Powdery_Mildew
25.1,66.24,53.54,23.13,23.24,39.3,5.49,670.8,43.55,Root_Rot
20.81,84.43,62.19,38.01,23.5,31.85,5.56,554.2,41.49,Root_Rot
24.27,85.84,37.4,44.22,21.67,27.7,7.8,296.0,47.5,Powdery_Mildew
36.99,42.38,36.34,43.05,26.13,34.32,8.06,1009.8,48.75,Healthy
25.68,87.52,60.7,49.3,25.67,49.28,7.74,514.7,62.09,Bacterial_Leaf_Spot
35.47,72.02,35.56,22.8,25.91,49.48,8.17,655.8,52.26,Early_Blight
30.4,82.25,63.35,29.65,25.82,49.53,5.15,178.4,45.08,Root_Rot
20.01,89.49,54.49,39.49,33.32,45.05,7.74,705.0,52.72,Rust
36.98,25.69,33.03,19.42,48.73,13.31,5.01,443.2,29.03,Healthy
31.51,67.88,45.61,19.19,12.43,22.73,4.98,808.1,44.98,Early_Blight
31.49,49.89,27.41,39.5,23.57,9.82,7.87,953.4,44.19,Healthy
26.97,89.03,38.69,45.41,46.13,18.82,7.68,384.3,46.44,Bacterial_Leaf_Spot
25.79,90.18,19.59,49.65,11.98,39.53,7.96,346.2,43.57,Powdery_Mildew
31.03,51.52,60.25,43.98,12.64,45.99,5.01,521.2,39.58,Root_Rot
33.68,85.83,37.35,12.71,16.31,36.41,5.14,430.1,38.57,Early_Blight
20.48,89.11,53.73,23.12,26.68,39.56,6.13,656.9,41.32,Rust
37.05,78.13,11.93,19.43,39.9,11.99,5.03,661.4,28.44,Early_Blight
19.68,35.29,53.32,15.67,23.75,42.13,4.84,326.4,36.26,Root_Rot
35.11,72.47,62.4,20.16,43.26,10.19,6.42,951.5,50.16,Early_Blight
17.35,33.24,18.8,41.36,48.58,46.34,4.88,505.6,28.16,Healthy
28.36,83.1,18.57,47.38,13.18,12.23,7.89,982.8,44.52,Bacterial_Leaf_Spot
29.52,76.94,56.05,39.95,31.65,14.06,5.48,585.9,38.1,Root_Rot
14.4,90.05,12.29,42.57,48.44,14.12,7.78,982.9,50.97,Healthy
29.99,85.27,14.25,47.67,11.15,21.32,7.73,644.3,38.44,Bacterial_Leaf_Spot
23.9,62.95,37.14,19.52,48.27,48.18,7.72,492.5,50.2,Healthy
30.74,85.59,49.96,49.85,13.0,15.91,7.32,651.2,44.23,Bacterial_Leaf_Spot
22.63,38.41,10.41,51.45,42.04,16.35,7.77,828.2,42.88,Healthy
30.52,90.09,52.64,21.79,47.35,31.42,7.97,725.4,44.21,Early_Blight
33.72,66.97,59.66,29.32,24.95,43.27,5.31,500.2,45.82,Root_Rot
28.04,89.74,8.97,22.09,44.45,26.35,6.29,255.2,34.93,Early_Blight
20.91,84.39,58.53,40.22,39.08,47.0,6.13,644.4,49.96,Rust
13.09,81.99,36.25,43.22,45.05,26.22,5.97,524.7,46.66,Healthy
20.33,93.2,19.83,41.18,23.55,45.36,6.24,287.1,39.68,Rust
13.72,78.51,9.63,13.34,36.92,46.0,7.41,673.0,43.37,Healthy
19.22,91.95,17.61,34.38,34.33,45.48,6.5,450.2,38.04,Healthy
28.92,65.02,43.34,11.45,50.66,41.45,5.19,225.9,42.46,Early_Blight
25.13,75.39,63.02,14.81,32.23,17.45,8.09,856.3,51.43,Early_Blight
38.86,62.18,53.75,32.99,32.32,22.69,5.49,843.0,44.77,Root_Rot
27.37,88.77,56.3,28.9,16.56,44.9,6.12,334.8,45.3,Early_Blight
36.31,87.36,24.94,38.76,13.88,46.99,7.99,446.5,53.86,Bacterial_Leaf_Spot
37.11,66.01,59.45,13.34,32.69,27.03,8.26,913.5,45.67,Early_Blight
13.58,28.38,53.17,17.32,44.87,23.56,5.2,293.6,34.29,Root_Rot
32.98,72.74,25.73,36.85,43.59,14.18,7.02,853.4,42.95,Healthy
15.14,66.16,62.71,49.99,47.44,48.9,4.96,645.5,51.07,Root_Rot
34.15,46.84,60.7,18.65,36.18,13.48,6.16,263.5,33.19,Healthy
35.13,71.2,44.38,20.95,12.94,46.64,6.14,574.7,33.07,Early_Blight
26.4,33.73,56.11,21.83,29.03,43.24,5.59,782.0,46.32,Root_Rot
36.02,47.32,11.43,44.85,11.77,27.78,6.74,332.0,32.96,Healthy
16.49,29.88,21.22,15.0,19.28,46.13,6.72,423.1,36.81,Healthy
28.03,74.95,27.78,20.83,18.93,30.93,7.65,900.7,40.22,Early_Blight
20.56,83.93,61.77,32.75,19.55,16.03,6.84,419.9,51.76,Rust
39.06,71.05,29.33,28.8,31.78,30.25,6.32,914.0,43.09,Early_Blight
19.75,85.08,56.55,31.2,18.06,24.65,7.56,708.4,50.71,Rust
34.92,86.73,41.82,44.58,50.44,47.3,7.96,935.2,58.29,Bacterial_Leaf_Spot
16.08,68.93,60.09,13.3,18.94,16.85,5.6,483.2,35.46,Root_Rot
32.68,79.9,13.59,19.51,36.14,42.21,5.81,298.0,29.87,Early_Blight
17.09,52.0,55.77,47.77,27.65,13.41,5.08,233.8,32.58,Root_Rot
36.34,92.68,55.7,13.6,41.44,45.95,5.36,938.0,55.57,Root_Rot
24.97,48.58,51.84,36.69,36.32,19.69,6.12,502.9,37.8,Healthy
31.23,79.14,53.98,31.1,29.05,35.7,5.13,791.4,37.59,Root_Rot
27.99,90.2,38.24,46.91,11.28,44.77,7.67,667.8,51.52,Bacterial_Leaf_Spot
13.19,91.92,43.03,38.61,18.7,23.73,7.76,295.6,46.05,Healthy
22.05,94.09,60.76,31.27,24.36,18.55,5.63,484.6,47.7,Root_Rot
38.15,72.55,45.1,18.24,18.97,17.56,7.17,627.2,39.33,Early_Blight
38.6,92.55,11.79,18.91,37.94,11.88,7.95,801.3,41.03,Early_Blight
18.7,88.26,55.61,47.17,31.88,19.25,6.16,825.3,46.66,Rust
26.62,87.97,48.75,21.95,13.53,14.45,5.04,635.0,40.98,Early_Blight
26.27,92.55,18.61,29.45,42.69,14.92,8.1,634.0,46.51,Early_Blight
27.29,89.9,65.59,14.15,43.97,32.49,5.49,912.1,45.99,Root_Rot
27.73,50.53,28.18,23.1,21.75,45.02,8.15,494.3,43.96,Healthy
27.08,50.73,48.22,34.55,38.96,27.15,7.6,206.6,49.47,Healthy
23.75,63.28,55.38,30.34,43.6,48.22,5.46,953.9,47.99,Root_Rot
21.16,45.49,50.76,30.36,43.39,16.12,6.81,815.4,43.83,Healthy
25.16,82.95,31.04,46.69,14.04,49.07,7.71,324.6,48.71,Powdery_Mildew
36.6,69.56,55.4,42.02,41.45,45.52,5.63,900.7,50.25,Root_Rot
30.23,91.25,46.58,47.5,21.79,39.18,7.89,644.9,48.64,Bacterial_Leaf_Spot
35.71,83.12,49.49,33.19,37.06,17.23,4.82,210.1,43.05,Early_Blight
28.91,88.35,37.0,27.19,37.08,21.16,7.0,415.6,37.13,Early_Blight
29.51,91.31,31.32,47.29,17.3,19.59,7.56,465.4,38.95,Bacterial_Leaf_Spot
22.38,89.16,62.34,13.52,26.23,15.65,7.76,331.4,45.46,Powdery_Mildew
35.05,73.94,20.04,19.65,16.3,14.12,5.48,278.5,25.72,Early_Blight
26.52,84.55,48.43,47.76,42.55,19.98,8.02,418.8,57.03,Bacterial_Leaf_Spot
15.61,94.69,28.86,31.43,23.32,16.27,7.76,313.9,33.11,Healthy
26.89,85.85,16.74,48.74,49.45,23.6,7.6,888.9,48.07,Bacterial_Leaf_Spot
14.0,80.87,53.2,30.52,39.46,18.27,5.52,735.4,42.22,Root_Rot
38.38,79.86,40.8,38.73,10.27,44.21,7.48,675.9,44.63,Bacterial_Leaf_Spot
21.11,87.39,63.65,14.68,12.78,33.74,7.16,662.7,47.27,Rust
25.81,80.25,30.53,47.87,24.99,19.57,7.82,473.1,45.39,Bacterial_Leaf_Spot
22.76,83.39,47.59,46.92,21.96,20.3,7.93,268.3,46.99,Powdery_Mildew
14.29,68.89,60.53,36.81,24.83,19.16,7.48,844.6,51.59,Healthy
38.97,73.11,41.46,31.32,20.59,20.84,7.43,312.4,45.15,Early_Blight
39.37,56.33,36.81,21.05,25.25,24.19,7.64,541.3,45.11,Healthy
31.05,76.24,48.32,28.48,36.26,23.18,6.46,304.8,42.91,Early_Blight
33.17,74.74,15.54,12.64,33.72,13.84,6.74,775.9,27.54,Early_Blight
25.52,82.6,39.64,50.37,39.34,47.97,7.85,337.5,51.33,Powdery_Mildew
23.61,29.73,10.23,16.72,36.84,25.43,7.69,359.2,38.37,Healthy
12.21,57.69,49.22,18.82,29.56,11.07,5.12,858.2,28.38,Healthy
21.69,90.37,46.49,42.42,13.52,34.48,6.89,224.8,41.87,Powdery_Mildew
19.74,45.45,18.69,41.63,23.08,13.81,8.03,221.9,43.54,Healthy
20.31,68.16,41.6,13.67,47.55,27.77,6.1,882.2,36.7,Healthy
36.83,91.5,15.17,22.24,13.26,17.63,7.48,199.2,31.5,Early_Blight
34.78,94.66,48.99,11.35,48.08,49.06,5.5,456.0,50.62,Early_Blight
33.15,71.23,52.33,20.71,35.48,42.43,8.12,286.1,49.23,Early_Blight
15.05,80.3,62.24,27.65,10.79,9.62,4.81,834.9,39.4,Root_Rot
22.83,85.49,47.33,14.93,19.29,25.95,5.47,297.2,29.57,Powdery_Mildew
12.6,87.52,54.95,36.69,43.33,34.82,5.98,439.7,53.15,Rust
19.92,92.26,18.87,31.49,47.79,19.94,7.86,260.7,43.16,Healthy
35.33,59.27,53.42,43.3,30.17,24.3,6.97,842.7,51.18,Healthy
19.12,58.88,54.95,42.82,12.12,32.64,5.75,960.3,42.0,Root_Rot
28.47,78.44,35.44,29.77,17.84,36.05,5.46,979.1,48.84,Early_Blight
23.63,82.82,26.41,32.81,17.59,36.14,5.8,359.5,40.68,Healthy
33.08,33.6,14.93,40.16,12.17,38.81,5.41,825.0,33.81,Healthy
15.04,28.29,33.25,38.43,24.83,36.65,4.89,835.3,35.8,Healthy
42.19,28.77,26.92,18.62,18.93,43.45,5.35,349.0,31.31,Healthy
35.96,84.41,62.18,13.97,31.44,38.89,6.34,845.2,44.46,Early_Blight
23.72,89.78,54.72,42.82,25.11,14.47,6.31,889.0,48.09,Rust
23.95,90.32,58.79,46.25,31.8,45.1,7.9,204.7,51.9,Powdery_Mildew
34.99,76.22,19.45,10.97,35.86,37.87,7.93,741.3,42.03,Early_Blight
36.02,26.68,30.97,20.76,46.91,30.39,6.73,286.2,43.81,Healthy
23.19,87.47,59.62,31.15,16.92,17.82,6.09,422.1,44.76,Rust
23.41,94.19,58.49,16.06,46.52,24.14,7.72,402.3,45.06,Rust
23.7,42.09,54.7,24.85,20.25,14.96,5.52,375.3,31.08,Root_Rot
33.27,75.41,34.49,33.47,25.67,44.78,5.92,453.2,42.12,Root_Rot
41.28,68.75,31.67,30.01,44.84,17.07,5.04,508.7,27.88,Early_Blight
20.62,89.05,60.04,35.81,13.23,37.77,6.49,972.7,51.32,Rust
22.2,83.0,48.6,45.8,22.72,40.6,5.98,637.3,40.55,Rust
32.02,72.71,56.85,24.87,47.32,13.56,7.54,504.9,49.6,Early_Blight
17.92,33.23,36.74,11.92,11.33,46.03,6.31,795.4,34.95,Healthy
13.79,83.66,56.0,25.3,39.85,33.06,7.46,967.3,48.53,Rust
35.85,40.79,58.44,46.93,28.07,35.61,7.9,777.9,54.64,Healthy
36.82,66.23,36.26,10.94,18.02,43.48,5.08,334.7,29.84,Early_Blight
15.53,70.13,12.45,28.81,24.03,38.63,5.33,687.0,31.07,Healthy
27.7,92.42,24.95,24.57,17.38,14.77,7.83,395.0,39.07,Early_Blight
19.89,90.46,62.44,22.11,16.99,39.59,6.82,743.1,53.66,Rust
28.92,76.13,60.04,17.52,24.33,43.7,7.9,995.6,53.84,Early_Blight
20.82,90.63,58.16,16.17,14.5,22.43,7.46,590.7,47.36,Rust
28.4,91.84,25.46,19.84,12.67,33.56,6.63,387.4,35.48,Early_Blight
36.07,89.09,52.81,20.47,14.79,45.94,7.11,241.4,46.16,Early_Blight
36.2,82.73,63.55,18.03,46.29,43.62,8.16,289.7,53.84,Early_Blight
28.86,51.59,17.72,26.63,15.78,35.44,7.38,223.7,40.35,Healthy
16.84,71.67,35.51,12.15,46.27,22.58,7.78,488.2,41.62,Healthy
33.11,74.2,49.6,33.72,39.22,46.79,6.03,715.9,45.89,Early_Blight
22.83,92.51,60.17,26.35,17.37,40.57,7.97,634.3,56.39,Rust
25.61,83.36,40.44,47.92,48.93,17.21,7.82,321.2,51.95,Powdery_Mildew
18.17,51.5,14.7,48.21,43.77,43.82,6.93,771.4,43.1,Healthy
17.55,60.77,61.31,13.19,46.77,13.23,4.96,487.5,42.2,Root_Rot
30.78,84.99,59.57,47.21,26.88,36.88,7.51,758.6,54.01,Bacterial_Leaf_Spot
21.08,91.79,56.42,34.8,37.5,17.4,5.72,321.0,44.84,Root_Rot
26.48,93.91,47.29,32.94,39.91,31.86,5.09,255.6,37.32,Early_Blight
33.15,30.86,7.93,25.32,29.14,33.66,7.91,698.7,39.76,Healthy
16.21,43.31,48.46,40.23,31.73,49.24,6.09,424.7,49.51,Healthy
15.59,79.25,15.9,14.56,35.49,22.99,7.54,434.7,43.05,Healthy
31.48,81.54,20.71,35.87,24.79,39.36,7.6,974.5,49.97,Bacterial_Leaf_Spot
25.68,85.58,35.57,21.92,35.68,46.22,7.24,864.5,41.94,Early_Blight
12.37,71.86,23.12,37.15,19.24,14.09,5.61,685.3,29.26,Healthy
41.28,50.75,54.31,23.0,25.52,31.56,5.03,614.9,36.28,Root_Rot
17.26,80.59,12.44,10.68,32.2,14.99,4.94,273.1,23.36,Healthy
36.71,74.72,32.4,47.57,22.61,16.17,7.7,900.5,47.9,Healthy
24.83,88.32,20.62,40.21,47.56,18.97,6.45,238.0,36.35,Powdery_Mildew
26.97,85.72,31.69,48.74,45.36,47.15,7.56,915.8,51.68,Bacterial_Leaf_Spot
17.54,92.46,9.7,45.0,24.64,33.88,8.14,450.2,50.69,Healthy
14.2,52.64,54.29,16.46,45.94,38.9,5.59,225.5,42.04,Root_Rot
31.14,82.96,57.82,46.49,24.8,39.26,7.76,950.2,62.18,Bacterial_Leaf_Spot
32.62,67.34,60.19,27.61,25.23,41.47,5.35,515.7,39.55,Root_Rot
23.05,89.33,15.12,32.62,12.37,24.29,5.57,295.0,35.04,Powdery_Mildew
16.16,88.3,8.79,45.02,24.5,32.92,8.33,465.0,39.22,Healthy
24.41,84.48,25.42,45.8,45.16,18.99,5.7,215.4,33.45,Powdery_Mildew
21.35,89.18,16.61,11.28,41.58,16.01,4.94,416.8,33.17,Healthy
23.75,88.22,30.31,30.42,40.3,20.08,7.99,316.8,45.07,Powdery_Mildew
33.01,81.45,62.45,46.5,47.41,45.8,7.72,514.0,63.65,Bacterial_Leaf_Spot
30.98,78.19,33.0,30.52,29.16,24.15,5.81,487.1,32.22,Early_Blight
12.62,42.44,12.72,13.78,32.12,19.55,5.95,513.9,33.81,Healthy
21.22,26.45,14.39,29.64,34.82,18.13,6.52,738.0,34.83,Healthy
26.24,56.61,22.31,32.82,35.57,11.55,5.19,968.8,29.14,Healthy
37.56,82.17,34.53,19.62,15.97,35.1,7.07,608.4,39.66,Early_Blight
27.31,83.6,55.34,45.37,30.02,21.14,7.42,307.8,50.8,Bacterial_Leaf_Spot
40.4,38.98,40.93,13.3,40.65,41.42,6.21,597.1,37.72,Healthy
27.26,91.25,51.12,16.12,26.75,16.34,6.81,465.4,39.48,Early_Blight
36.71,93.72,55.12,17.41,16.66,35.87,5.0,386.4,36.92,Root_Rot
21.5,64.36,51.77,35.86,27.82,47.88,6.97,907.0,56.59,Healthy
20.03,86.42,11.09,14.25,33.62,35.45,5.3,220.0,30.18,Powdery_Mildew
27.05,70.08,34.33,17.8,14.32,45.58,7.19,306.3,34.09,Early_Blight
27.79,82.03,62.53,46.32,34.82,19.31,7.46,252.6,51.24,Bacterial_Leaf_Spot
24.05,82.38,33.61,48.04,46.34,31.81,7.43,300.5,45.26,Powdery_Mildew
16.87,43.59,15.75,17.67,17.56,48.48,6.73,984.6,40.31,Healthy
34.94,84.18,61.04,12.51,45.55,13.89,7.64,359.8,43.2,Early_Blight
25.35,91.02,8.4,46.76,49.5,22.52,7.63,355.2,46.11,Bacterial_Leaf_Spot
23.4,80.77,41.32,30.68,43.02,44.86,7.11,329.7,44.88,Healthy
27.12,44.77,21.34,45.13,22.92,29.99,5.33,591.4,32.39,Healthy
18.0,88.7,48.57,13.41,45.33,33.9,6.74,453.7,52.55,Rust
22.4,86.23,17.6,36.99,17.37,23.71,5.56,232.1,28.33,Powdery_Mildew
23.0,93.59,63.03,45.62,14.76,27.87,6.55,484.1,45.11,Rust
34.51,38.0,56.0,25.94,12.38,43.42,5.38,955.5,43.29,Root_Rot
30.39,87.32,26.3,47.36,31.14,12.51,8.0,344.3,48.33,Bacterial_Leaf_Spot
12.97,52.36,58.07,16.43,28.0,18.79,5.16,796.6,39.37,Root_Rot
19.14,67.97,27.66,15.84,14.31,43.57,5.66,489.9,29.28,Healthy
32.89,26.82,32.93,23.91,45.25,47.11,5.07,360.2,39.35,Healthy
25.77,78.57,21.0,21.74,15.42,16.85,7.15,964.9,37.87,Early_Blight
35.66,70.9,54.27,33.19,33.91,47.43,5.41,772.1,47.2,Root_Rot
25.97,91.79,45.47,22.09,23.91,35.26,7.02,732.0,45.42,Early_Blight
16.97,93.04,54.57,13.64,28.22,33.82,6.26,311.8,38.15,Rust
16.93,51.98,63.38,24.81,28.5,27.53,5.01,714.5,47.58,Rust
19.4,89.96,53.6,14.67,31.65,11.92,6.54,829.0,42.66,Rust
28.61,87.53,38.84,28.11,37.05,20.15,7.11,433.0,44.86,Early_Blight
15.35,43.58,13.17,16.05,15.33,22.39,7.95,799.3,33.32,Healthy
23.91,87.03,49.51,11.93,26.16,21.43,7.45,332.9,44.14,Powdery_Mildew
37.36,55.2,60.0,18.63,27.5,17.61,5.56,684.9,35.69,Root_Rot
20.06,71.62,62.65,40.51,41.76,28.97,5.57,702.5,42.21,Root_Rot
15.01,65.9,14.97,31.37,13.22,37.78,7.46,249.9,37.15,Healthy
13.76,87.5,62.91,42.23,23.91,39.08,7.72,679.7,51.61,Rust
32.83,45.52,59.66,42.02,48.08,41.19,5.47,316.1,45.9,Root_Rot
32.81,45.6,59.79,42.52,47.91,42.25,5.52,328.7,41.24,Root_Rot
26.22,46.54,50.41,14.48,8.86,40.33,5.12,971.6,41.82,Powdery_Mildew
29.99,70.3,35.73,26.06,38.45,42.7,7.58,910.4,56.77,Early_Blight
22.13,57.0,49.76,30.54,26.17,40.1,7.63,777.7,49.24,Healthy
38.6,71.73,30.44,26.71,13.15,25.41,7.76,766.3,43.1,Early_Blight
29.57,75.88,43.68,18.13,17.24,50.49,5.74,524.7,42.49,Early_Blight
16.88,41.95,21.06,23.09,47.07,22.81,6.27,572.2,34.17,Healthy
29.08,84.67,34.06,18.83,14.39,43.2,6.75,454.4,31.32,Early_Blight
21.63,93.03,47.89,39.43,21.76,30.91,6.23,271.6,39.02,Powdery_Mildew
21.1,81.81,59.41,45.4,18.69,21.3,6.81,620.2,57.82,Rust
24.13,93.48,34.83,17.61,30.56,14.21,6.99,278.3,34.18,Healthy
14.39,40.18,19.37,22.64,25.57,21.56,7.19,797.9,28.94,Healthy
32.49,57.85,53.23,16.61,44.33,18.59,5.62,251.2,38.37,Root_Rot
26.71,81.13,8.49,26.38,38.63,48.72,6.25,533.3,48.03,Early_Blight
27.22,69.36,55.28,20.76,48.31,14.47,8.14,909.2,48.82,Early_Blight
19.77,91.86,45.01,21.18,29.33,21.76,5.3,962.4,39.19,Healthy
30.61,67.77,55.92,27.79,30.04,42.87,5.55,699.4,44.5,Root_Rot
17.27,70.59,63.71,32.06,25.38,26.32,7.34,686.6,59.03,Healthy
15.14,63.53,10.35,10.73,19.04,29.38,5.01,244.1,21.11,Healthy
15.15,64.6,41.38,17.39,43.99,24.09,7.27,563.8,42.29,Healthy
21.62,84.84,20.14,45.31,24.01,14.1,7.44,245.2,38.88,Powdery_Mildew
22.93,83.98,26.16,36.73,17.8,37.31,5.96,347.8,37.21,Powdery_Mildew
22.97,82.15,41.87,48.99,16.64,31.16,5.3,351.0,39.3,Powdery_Mildew
23.87,88.82,20.13,39.83,47.49,18.49,6.52,253.6,33.87,Powdery_Mildew
30.57,83.59,20.18,15.7,39.91,36.1,7.28,340.6,30.69,Early_Blight
37.89,80.98,41.81,12.58,39.38,19.0,7.45,919.7,43.39,Early_Blight
16.83,90.08,11.34,31.74,26.84,46.58,5.58,254.3,38.88,Healthy
12.24,35.64,35.96,44.53,32.03,31.0,6.89,883.4,41.29,Healthy
27.0,50.1,17.14,21.93,23.24,24.24,7.76,678.1,38.75,Healthy
35.87,70.05,64.16,23.8,15.34,49.15,7.3,400.9,53.23,Early_Blight
18.44,93.97,46.47,17.78,29.68,35.11,7.0,669.8,53.35,Healthy
17.81,92.37,57.56,16.89,23.69,16.41,6.5,892.0,45.87,Rust
35.17,73.69,46.27,23.09,9.96,37.03,7.36,527.9,45.25,Early_Blight
38.83,31.57,43.46,33.01,20.88,16.0,7.17,920.9,37.45,Healthy
21.31,83.72,61.9,19.27,28.13,24.66,6.37,265.1,41.99,Powdery_Mildew
22.38,81.05,37.59,46.0,17.09,29.58,5.48,321.8,36.98,Powdery_Mildew
20.5,87.34,63.58,24.95,12.6,14.33,5.91,507.6,40.5,Rust
25.75,87.65,19.99,48.09,16.86,23.63,7.81,317.3,40.81,Powdery_Mildew
32.3,70.95,60.39,10.88,13.28,31.87,6.28,858.3,42.95,Early_Blight
23.55,81.27,12.67,34.52,47.15,44.92,6.31,224.3,46.2,Powdery_Mildew
35.69,50.03,37.68,34.3,41.69,39.99,5.81,239.5,32.12,Healthy
18.57,36.85,34.34,12.84,32.3,19.29,6.22,354.2,40.19,Powdery_Mildew
34.96,31.44,43.79,27.85,17.03,46.15,6.33,891.2,48.53,Healthy
22.92,91.75,35.77,48.5,23.9,13.83,7.47,330.7,47.47,Powdery_Mildew
33.94,44.39,40.38,30.0,45.67,20.34,7.57,841.6,51.86,Healthy
40.92,74.28,40.76,45.18,37.39,35.98,6.33,369.7,39.15,Healthy
22.0,93.5,9.04,47.2,42.99,18.16,7.44,315.7,38.79,Powdery_Mildew
24.31,69.91,14.9,8.45,19.39,30.02,7.03,628.4,40.14,Early_Blight
39.32,84.71,51.93,14.36,22.16,22.3,5.68,894.7,41.15,Root_Rot
21.68,86.46,39.0,36.69,35.59,34.48,7.48,295.9,44.26,Powdery_Mildew
34.23,73.15,59.12,27.51,46.55,20.2,5.02,427.9,43.25,Root_Rot
32.1,69.18,30.62,27.76,23.52,17.99,5.49,598.1,35.19,Early_Blight
20.2,92.83,55.5,46.35,44.83,14.81,7.66,682.4,58.4,Rust
22.18,87.81,49.24,28.91,42.78,22.32,7.44,251.2,50.27,Powdery_Mildew
18.56,59.55,58.4,48.59,47.2,12.24,5.97,803.7,47.7,Healthy
15.76,88.7,63.39,24.28,20.45,16.1,8.21,831.2,45.93,Rust
36.37,46.09,35.01,29.59,24.12,17.74,7.83,755.3,46.52,Healthy
35.41,48.91,54.61,46.56,40.05,16.38,6.6,933.0,55.6,Healthy
24.8,88.48,23.52,29.88,46.47,41.6,5.56,223.6,39.02,Powdery_Mildew
25.09,58.22,55.51,31.85,45.75,12.35,4.87,581.8,46.94,Root_Rot
27.82,39.56,34.85,42.75,43.24,49.9,6.84,796.4,48.75,Root_Rot
22.55,85.26,59.44,35.21,35.18,40.9,5.79,393.5,49.99,Root_Rot
12.99,61.89,10.45,15.71,35.26,22.44,8.16,219.0,33.53,Healthy
18.61,89.52,61.13,49.37,22.52,43.58,7.85,961.7,58.8,Rust
14.39,90.22,50.29,21.72,19.16,48.67,5.16,755.2,45.22,Root_Rot
33.76,46.22,16.26,24.19,44.66,40.78,7.64,369.9,38.9,Healthy
31.04,73.43,52.19,42.49,27.54,12.22,5.87,692.2,44.52,Healthy
30.99,59.26,57.88,18.42,35.55,48.23,7.2,562.2,51.92,Healthy
29.82,84.88,20.61,48.72,35.83,43.3,7.44,364.8,43.23,Bacterial_Leaf_Spot
27.67,48.17,49.46,18.36,13.11,41.69,8.09,671.2,49.13,Healthy
35.69,76.46,41.25,31.24,21.46,19.0,5.24,817.5,39.12,Early_Blight
19.83,42.21,23.05,15.1,30.24,38.79,6.74,850.0,41.2,Healthy
20.97,91.37,61.71,27.15,21.58,45.38,6.96,522.9,43.5,Rust
29.24,25.63,29.53,13.96,45.51,21.52,6.48,579.6,31.42,Healthy
17.97,87.78,59.46,18.98,21.72,46.22,7.2,841.8,49.29,Rust
17.39,36.98,33.69,14.56,32.23,20.3,6.23,333.5,32.35,Bacterial_Leaf_Spot
23.29,89.78,33.39,21.98,11.02,26.59,5.15,249.5,30.93,Powdery_Mildew
17.42,66.01,38.25,23.77,39.69,36.39,6.59,828.0,47.49,Healthy
16.98,38.36,32.08,12.88,28.76,34.31,6.12,926.7,34.61,Healthy
25.19,94.2,63.39,12.14,44.23,46.94,7.65,346.7,57.61,Powdery_Mildew
23.99,92.75,31.19,42.12,30.05,27.12,7.22,317.9,38.38,Powdery_Mildew
39.43,66.04,21.41,30.26,26.96,34.11,8.22,837.0,42.85,Early_Blight
40.3,26.24,18.9,31.91,40.53,16.98,6.04,814.9,32.99,Healthy
41.18,51.74,60.27,20.7,33.03,37.77,5.69,468.0,47.77,Root_Rot
21.57,66.69,64.73,23.3,33.9,14.08,4.84,741.5,39.13,Root_Rot
21.23,94.05,40.12,30.77,13.54,48.98,6.35,216.7,47.11,Powdery_Mildew
40.21,50.66,58.42,12.79,44.14,26.47,6.54,503.8,38.33,Healthy
26.08,62.33,53.14,42.89,17.69,40.16,5.51,367.5,40.31,Root_Rot
41.95,31.45,53.74,43.44,17.5,45.67,8.04,241.8,46.66,Healthy
41.4,89.88,37.6,21.56,42.04,34.91,7.13,932.6,45.49,Early_Blight
25.05,88.85,16.21,11.6,47.05,43.31,5.29,209.8,28.45,Powdery_Mildew
19.82,39.21,31.1,30.88,12.41,39.29,7.99,970.1,41.75,Healthy
35.34,77.07,7.47,30.38,33.64,23.04,7.21,561.9,36.39,Early_Blight
29.44,84.01,55.62,37.32,18.57,45.48,7.26,532.5,52.21,Bacterial_Leaf_Spot
16.11,80.02,14.08,15.82,35.11,22.95,7.55,462.0,32.66,Healthy
21.31,88.87,47.43,24.73,25.53,38.03,7.65,326.0,49.48,Powdery_Mildew
19.13,31.58,57.99,41.4,36.54,34.81,5.53,931.6,49.48,Root_Rot
24.09,85.5,16.99,45.61,26.77,16.45,7.34,244.8,37.45,Powdery_Mildew
35.09,76.05,48.63,25.04,15.89,16.73,7.83,930.0,62.75,Early_Blight
30.62,55.32,48.02,35.9,19.07,34.42,6.23,978.8,48.78,Healthy
32.87,79.07,11.82,28.71,38.46,38.7,5.32,908.6,32.57,Early_Blight
14.56,90.34,48.15,10.1,35.26,20.09,6.27,966.4,46.37,Early_Blight
29.82,90.04,44.4,31.64,40.47,30.77,7.77,350.2,55.09,Early_Blight
17.45,47.46,59.55,12.46,45.78,42.67,5.38,522.8,48.66,Root_Rot
23.4,83.5,14.07,24.38,13.1,38.39,6.99,251.8,32.43,Powdery_Mildew
24.82,77.51,60.22,40.27,43.14,31.03,5.58,799.8,47.19,Root_Rot
23.46,83.09,36.21,28.29,37.71,28.11,7.73,264.6,48.18,Powdery_Mildew
35.51,31.61,36.35,23.62,42.84,30.85,6.69,281.6,41.5,Healthy
15.98,93.27,17.19,23.83,21.09,46.81,7.87,239.8,34.31,Healthy
21.29,49.59,58.06,30.89,22.41,21.25,5.12,298.3,38.61,Healthy
22.14,88.34,19.85,36.92,12.37,22.07,5.57,252.8,18.28,Powdery_Mildew
40.01,88.41,40.06,29.83,34.46,28.75,5.38,470.7,43.7,Early_Blight
38.04,25.29,12.0,24.51,12.25,47.74,7.55,931.6,39.44,Healthy
23.82,91.15,39.0,14.52,33.83,14.2,7.09,301.9,35.9,Powdery_Mildew
33.29,35.93,63.84,18.02,16.8,28.66,5.15,404.4,37.38,Root_Rot
20.21,82.99,62.93,44.06,19.59,25.87,5.74,424.7,41.75,Root_Rot
33.0,55.6,46.19,35.74,29.14,18.61,5.22,851.9,39.74,Healthy
27.44,71.95,63.7,29.65,29.78,38.18,5.07,662.1,43.0,Root_Rot
27.53,26.17,29.5,37.88,49.99,35.45,5.86,796.1,46.93,Healthy
27.42,75.72,52.55,11.34,38.95,39.27,5.96,428.2,38.63,Early_Blight
13.56,87.14,41.4,27.42,24.18,12.56,6.33,420.8,38.81,Root_Rot
37.09,43.34,26.24,35.2,29.87,13.68,6.67,357.0,30.45,Healthy
33.82,94.28,50.2,23.51,47.25,11.25,5.29,542.0,40.0,Root_Rot
31.9,87.81,37.66,50.14,37.93,47.69,7.49,340.2,48.07,Bacterial_Leaf_Spot
31.9,80.2,41.09,39.42,45.39,41.83,6.36,331.3,46.08,Healthy
22.95,29.03,19.44,46.29,14.76,40.03,6.87,342.2,32.32,Rust
35.12,90.71,33.69,34.6,45.55,28.15,7.39,810.8,52.06,Early_Blight
21.33,90.72,39.62,27.55,23.41,45.84,6.54,240.3,32.48,Powdery_Mildew
33.33,80.48,55.58,25.0,10.63,21.0,6.93,377.0,43.45,Early_Blight
25.95,80.85,50.24,34.32,38.29,32.81,5.77,667.4,43.47,Early_Blight
19.3,90.21,56.47,26.78,49.66,20.78,8.06,274.8,50.39,Rust
37.45,29.31,61.83,11.09,31.56,17.83,7.68,424.0,45.21,Healthy
25.97,67.18,29.62,30.47,19.94,28.29,6.03,490.2,38.6,Early_Blight
29.88,86.74,11.22,21.02,47.93,39.54,6.33,861.7,43.4,Early_Blight
16.21,80.85,13.63,12.21,31.95,15.01,4.9,257.3,24.94,Healthy
19.85,69.8,40.02,20.48,38.3,36.3,5.82,713.3,45.49,Healthy
22.47,93.88,60.37,42.58,47.77,13.75,7.76,460.3,55.23,Rust
38.36,54.42,46.97,46.07,15.68,39.9,5.33,752.4,40.9,Healthy
20.85,26.73,54.93,27.01,12.61,22.89,4.92,554.1,35.43,Root_Rot
17.59,25.99,42.01,28.01,20.59,17.69,5.08,627.0,32.58,Healthy
18.57,92.68,9.17,43.67,42.64,49.5,5.94,288.2,41.82,Healthy
26.65,94.58,61.92,45.09,17.09,34.51,6.92,730.7,44.93,Healthy
32.1,30.72,55.48,47.23,45.81,22.45,4.97,509.8,41.03,Root_Rot
28.26,42.67,53.49,22.0,33.75,33.51,5.67,771.7,48.35,Root_Rot
23.99,87.15,52.16,13.87,12.77,14.38,7.1,753.9,49.09,Rust
39.95,66.95,13.41,29.13,38.81,45.0,6.76,458.2,42.85,Early_Blight
14.75,63.68,8.21,21.63,11.67,14.55,8.06,584.8,40.71,Rust
26.33,65.24,39.31,15.87,39.09,42.94,7.95,236.4,47.58,Healthy
22.04,91.07,55.65,36.8,13.24,36.35,6.11,924.3,38.98,Rust
33.87,83.8,31.72,39.92,29.71,37.79,7.81,806.2,40.65,Bacterial_Leaf_Spot
32.49,71.48,30.75,18.39,13.47,26.69,5.14,676.3,29.55,Early_Blight
22.42,82.9,44.27,39.38,37.96,38.76,7.57,295.6,46.05,Powdery_Mildew
18.47,84.98,63.14,29.1,40.23,16.49,5.63,844.4,46.8,Root_Rot
35.54,72.96,37.11,14.82,26.8,17.72,7.32,485.4,45.59,Early_Blight
39.72,87.29,57.21,22.49,22.6,46.07,6.32,666.1,48.07,Early_Blight
32.38,27.42,23.95,37.25,45.46,35.95,6.46,242.3,35.51,Healthy
34.12,37.91,26.18,31.87,23.23,15.09,5.04,845.1,32.84,Healthy
32.22,29.07,31.0,24.13,44.17,47.46,5.08,342.9,38.2,Healthy
36.16,82.45,60.63,32.44,47.75,28.37,5.41,718.1,47.11,Root_Rot
31.6,95.05,43.24,31.21,48.97,42.5,5.61,551.8,44.14,Early_Blight
23.12,85.19,16.29,33.55,11.35,31.1,7.53,226.8,38.24,Powdery_Mildew
23.1,56.22,50.15,28.97,46.87,46.76,4.91,225.9,40.26,Root_Rot
27.65,82.31,24.0,48.75,18.21,47.01,7.88,963.4,47.27,Bacterial_Leaf_Spot
39.31,26.39,25.74,28.43,41.09,18.27,5.14,671.5,39.31,Healthy
20.4,87.45,43.9,27.18,26.83,41.36,7.22,266.8,44.68,Powdery_Mildew
20.41,83.19,45.09,20.87,42.64,35.54,7.68,255.5,40.49,Powdery_Mildew
27.59,53.19,27.63,12.17,22.15,27.66,7.73,557.2,43.76,Healthy
29.72,54.99,61.09,34.55,31.67,34.15,4.95,787.1,45.63,Root_Rot
18.74,61.3,37.83,25.93,17.75,14.43,6.1,836.0,39.02,Healthy
29.94,86.87,38.99,49.58,36.39,47.28,7.69,311.0,52.61,Bacterial_Leaf_Spot
29.97,89.45,42.58,48.83,41.77,24.79,7.52,872.2,55.64,Bacterial_Leaf_Spot
33.16,61.24,51.18,16.95,40.63,31.77,5.37,910.0,41.19,Root_Rot
31.01,63.52,15.26,43.8,20.79,21.14,8.0,502.7,30.89,Healthy
21.65,86.17,47.7,22.59,42.76,33.12,7.13,264.8,47.05,Powdery_Mildew
26.77,74.96,37.57,12.55,22.12,46.71,7.21,362.7,35.95,Early_Blight
31.38,90.18,53.83,46.14,45.29,45.7,7.58,846.2,59.92,Bacterial_Leaf_Spot
25.32,86.53,30.96,26.28,37.1,21.28,7.99,302.1,43.03,Powdery_Mildew
13.08,79.92,33.26,22.29,36.11,32.66,6.29,650.7,36.48,Healthy
18.27,70.92,51.74,33.1,13.38,19.84,5.32,809.9,38.1,Root_Rot
26.99,84.23,38.06,47.7,23.71,24.45,7.55,410.6,43.27,Bacterial_Leaf_Spot
38.75,54.23,52.28,11.65,13.51,22.79,5.67,664.7,39.75,Root_Rot
26.6,88.13,12.34,46.41,32.42,23.88,7.64,525.1,42.47,Bacterial_Leaf_Spot
33.23,53.95,21.54,46.71,14.51,22.93,5.06,362.0,32.83,Healthy
36.65,81.24,63.58,24.45,36.08,20.18,7.73,334.0,51.05,Early_Blight
17.98,39.63,37.42,37.57,23.36,10.3,5.66,498.7,37.72,Healthy
23.89,69.06,14.4,10.06,19.67,29.24,7.0,599.0,39.27,Early_Blight
15.34,26.34,52.57,30.37,36.24,39.5,4.84,616.0,39.6,Root_Rot
30.24,63.3,16.61,44.19,20.66,21.47,7.88,516.3,34.0,Healthy
22.28,90.93,58.2,45.11,36.18,43.97,7.77,229.8,51.55,Powdery_Mildew
38.51,36.28,28.69,11.73,17.01,28.78,7.63,355.2,27.87,Healthy
41.27,61.37,30.53,21.49,22.73,43.43,6.31,916.8,44.83,Healthy
28.95,89.85,54.22,30.71,36.85,46.82,6.39,475.4,55.72,Early_Blight
18.33,86.4,33.38,30.53,45.41,14.46,5.17,483.0,39.99,Healthy
20.11,95.84,51.63,31.14,27.7,42.76,7.47,760.6,56.68,Rust
30.85,82.75,12.68,46.59,24.88,39.6,7.61,577.3,46.58,Rust
20.26,42.67,17.44,38.34,42.79,34.35,7.53,517.1,43.18,Healthy
27.72,39.83,17.95,40.86,34.57,21.08,4.92,301.2,33.8,Healthy
27.18,68.59,51.51,17.81,25.11,23.58,8.24,666.7,54.79,Early_Blight
25.96,87.01,58.48,46.95,15.26,17.1,7.93,694.9,53.42,Bacterial_Leaf_Spot
23.92,33.91,45.61,32.2,22.15,35.13,6.31,536.2,39.0,Healthy
19.49,91.38,57.43,20.77,23.84,15.92,6.99,257.8,39.27,Rust
25.9,87.37,21.0,17.78,34.2,37.24,5.66,314.5,39.86,Powdery_Mildew
12.85,71.05,25.07,36.38,18.83,13.79,5.55,664.2,37.58,Healthy
37.35,84.56,27.58,17.83,25.12,23.13,6.58,722.9,40.88,Early_Blight
30.28,90.78,12.66,46.8,35.32,29.86,7.87,812.7,37.98,Bacterial_Leaf_Spot
33.95,60.31,58.45,47.28,30.72,17.85,6.83,591.9,48.96,Healthy
32.55,84.5,50.21,11.17,45.29,16.39,6.22,261.7,35.18,Early_Blight
25.34,86.25,28.07,32.36,47.87,41.78,5.7,234.9,45.22,Powdery_Mildew
21.57,81.39,50.57,32.48,31.48,11.81,7.94,295.5,48.14,Powdery_Mildew
21.7,90.79,13.76,37.85,26.31,19.47,7.32,253.5,43.02,Powdery_Mildew
40.54,48.49,55.61,14.54,26.07,42.64,7.94,921.6,50.4,Healthy
16.65,56.43,30.13,28.0,39.74,47.33,7.97,630.8,51.66,Healthy
33.53,70.37,54.56,15.34,24.58,21.84,7.9,764.1,45.94,Early_Blight
41.22,89.09,55.5,17.15,15.27,35.87,6.91,572.2,42.21,Early_Blight
23.61,89.43,57.33,44.8,33.88,43.84,7.73,262.0,54.38,Powdery_Mildew
21.64,52.42,57.8,46.62,26.77,17.53,5.63,701.3,48.79,Root_Rot
22.64,94.11,31.09,29.17,49.51,29.04,7.21,299.7,43.09,Powdery_Mildew
40.74,84.76,54.59,46.72,39.2,33.37,5.22,615.3,51.69,Root_Rot
24.22,86.06,55.17,19.39,47.25,15.75,5.62,531.7,47.03,Root_Rot
15.62,53.19,53.3,21.77,17.96,16.84,5.37,866.1,40.63,Root_Rot
36.22,41.7,18.45,37.45,17.98,46.26,6.75,665.3,45.22,Healthy
35.31,68.61,45.93,32.33,21.16,42.3,5.58,887.9,40.73,Early_Blight
35.02,67.32,50.19,11.2,49.77,47.76,6.8,981.0,49.17,Early_Blight
29.21,83.59,58.96,35.41,41.54,42.25,5.15,910.9,46.61,Root_Rot
31.35,86.75,35.9,48.03,25.98,19.36,7.53,856.4,49.12,Bacterial_Leaf_Spot
24.55,83.26,20.85,45.96,13.71,39.45,7.76,336.5,42.98,Powdery_Mildew
32.41,88.25,23.51,45.74,20.58,33.26,7.63,577.1,43.59,Bacterial_Leaf_Spot
22.07,65.77,59.0,40.18,31.4,23.74,4.99,811.6,42.53,Root_Rot
36.18,87.74,23.54,32.37,31.04,33.45,4.94,299.2,27.79,Early_Blight
25.76,40.97,32.94,15.63,30.0,22.59,4.92,548.8,34.48,Healthy
37.95,74.96,56.27,10.93,28.06,13.97,4.81,375.7,31.8,Root_Rot
14.03,84.14,49.37,15.48,31.7,47.01,7.51,471.8,49.02,Rust
22.63,82.14,48.09,46.85,21.62,39.44,5.98,631.3,47.9,Rust
25.28,94.1,22.4,35.88,28.43,47.57,7.64,284.8,42.0,Powdery_Mildew
17.66,29.13,56.11,13.71,38.77,46.61,5.85,274.3,37.84,Healthy
21.37,82.93,27.98,30.97,23.34,37.71,7.46,292.1,48.47,Powdery_Mildew
36.22,37.17,23.89,44.45,23.47,13.37,5.29,901.3,33.44,Healthy
34.44,35.95,53.28,43.25,21.79,44.75,7.38,271.2,38.5,Healthy
18.66,80.19,40.06,22.17,44.56,49.25,5.14,507.5,47.9,Healthy
20.52,87.54,64.71,18.28,12.47,33.53,7.37,657.4,49.52,Rust
19.93,93.86,51.75,25.51,27.88,14.19,7.14,526.0,55.65,Rust
23.74,86.65,47.57,46.42,47.93,47.44,7.46,345.5,46.94,Powdery_Mildew
18.97,87.35,59.28,19.53,28.36,48.65,6.87,549.3,49.32,Rust
40.99,81.74,31.19,31.21,9.99,37.48,6.68,754.3,37.9,Early_Blight
36.71,48.57,52.1,13.74,32.2,31.15,4.9,210.2,39.07,Root_Rot
18.29,29.91,58.75,12.52,39.5,47.38,5.81,289.4,43.77,Healthy
30.12,74.35,50.77,29.04,21.7,41.2,7.58,420.5,47.43,Early_Blight
34.1,31.71,56.94,43.01,21.0,19.86,5.17,765.4,41.39,Root_Rot
25.14,84.04,36.62,48.29,27.75,30.54,7.61,980.5,41.03,Bacterial_Leaf_Spot
31.07,78.95,13.29,43.42,46.86,39.06,7.52,365.4,40.86,Bacterial_Leaf_Spot
29.18,86.52,16.08,47.22,35.72,28.29,7.88,787.0,47.36,Bacterial_Leaf_Spot
22.87,92.76,42.09,23.35,17.96,40.47,7.57,251.8,35.59,Powdery_Mildew
34.36,75.94,24.28,36.86,42.73,15.76,7.02,871.5,46.08,Healthy
38.34,90.08,25.92,25.58,47.21,49.3,6.27,989.1,45.93,Early_Blight
32.95,75.98,61.04,32.27,42.46,20.51,5.98,915.3,45.16,Early_Blight
31.6,77.04,26.39,18.29,35.14,36.25,4.78,352.0,32.86,Early_Blight
22.3,83.84,49.77,13.32,18.33,26.4,5.61,280.4,37.99,Powdery_Mildew
12.31,90.55,22.72,19.86,16.14,38.86,7.23,765.9,34.67,Healthy
36.41,80.22,56.49,28.36,44.4,33.18,5.27,583.2,46.16,Root_Rot
21.4,86.11,56.63,14.11,12.9,39.68,6.58,829.1,52.67,Rust
23.58,90.23,54.0,41.12,47.25,16.8,7.92,561.3,48.48,Rust
23.17,81.37,60.88,40.44,38.66,38.27,6.48,257.2,54.26,Powdery_Mildew
14.68,63.78,21.27,11.26,20.16,28.77,6.25,681.8,34.74,Healthy
15.37,92.71,50.11,43.77,21.25,24.13,5.8,779.0,45.8,Rust
36.1,60.52,54.07,20.92,10.37,33.42,6.9,602.3,40.52,Healthy
24.3,89.2,34.1,47.17,33.04,23.84,7.32,350.3,48.27,Healthy
20.22,87.93,64.66,32.55,44.92,34.39,5.41,557.2,50.96,Root_Rot
26.23,81.63,17.63,28.38,21.29,47.85,7.99,574.6,47.24,Early_Blight
28.19,96.82,57.06,12.22,31.9,30.31,8.09,259.0,50.78,Early_Blight
12.0,51.45,57.47,25.43,28.68,17.24,6.13,743.7,38.08,Healthy
22.65,87.74,21.77,14.56,39.82,29.79,5.22,265.8,28.07,Powdery_Mildew
24.06,85.98,31.79,41.01,15.61,44.59,4.97,332.9,36.37,Powdery_Mildew
27.26,76.78,9.1,33.97,38.96,11.39,4.83,613.8,27.5,Early_Blight
30.08,68.31,22.29,48.69,12.68,38.8,6.93,670.9,41.42,Rust
15.8,92.37,54.48,16.91,15.27,28.04,6.77,613.9,41.48,Rust
29.4,88.9,62.69,18.87,38.4,19.26,5.39,517.7,48.95,Root_Rot
32.56,74.28,45.7,31.15,15.06,32.73,5.51,916.7,42.19,Early_Blight
21.37,85.66,40.54,24.13,16.09,22.51,7.25,302.9,37.59,Powdery_Mildew
40.09,82.9,37.78,38.81,11.42,40.88,7.33,833.0,46.67,Bacterial_Leaf_Spot
20.27,64.74,16.34,24.47,33.37,16.62,5.97,805.0,34.25,Healthy
33.54,66.12,42.34,27.98,37.99,11.42,5.04,987.0,38.1,Early_Blight
33.84,83.59,24.51,31.03,29.27,15.08,5.93,454.7,39.51,Early_Blight
15.1,57.93,9.29,13.69,30.23,30.34,7.19,524.6,44.56,Healthy
15.91,42.09,55.72,23.58,23.44,48.88,6.84,407.7,44.28,Healthy
38.1,59.09,53.05,40.27,15.89,14.05,5.35,864.1,39.39,Root_Rot
36.72,32.45,40.51,30.5,13.5,14.38,6.47,878.4,27.01,Healthy
22.78,52.88,53.18,16.41,24.31,48.17,6.57,274.8,37.27,Healthy
31.41,84.15,16.55,46.94,24.25,46.51,7.86,918.9,45.22,Bacterial_Leaf_Spot
25.52,79.58,53.74,31.36,48.22,23.93,7.57,452.3,56.37,Early_Blight
34.38,59.3,55.07,44.1,47.25,33.28,5.35,579.7,47.98,Root_Rot
22.61,69.24,34.52,48.44,39.87,36.34,5.59,554.4,32.95,Healthy
40.49,92.67,62.54,21.68,50.12,13.89,6.5,386.2,52.65,Early_Blight
17.84,86.72,61.85,23.63,45.48,49.16,6.56,320.6,50.17,Rust
18.19,69.23,49.15,25.77,28.46,16.39,5.7,235.5,35.0,Healthy
34.12,86.77,41.74,45.72,41.81,20.9,7.4,416.3,44.41,Bacterial_Leaf_Spot
33.51,56.2,34.85,15.93,24.5,20.73,7.27,857.5,35.3,Healthy
28.91,90.17,18.0,23.86,40.76,49.26,5.69,549.0,38.18,Early_Blight
33.71,40.9,62.56,37.16,39.54,17.89,7.63,763.0,56.1,Healthy
19.54,34.09,51.11,24.41,28.82,15.76,5.5,771.9,45.81,Root_Rot
36.96,77.25,45.76,31.67,25.57,33.48,6.79,611.6,39.23,Early_Blight
26.24,83.57,43.03,49.36,24.01,12.29,8.06,549.5,51.54,Bacterial_Leaf_Spot
29.13,62.63,64.21,22.53,26.73,21.68,6.72,674.6,44.86,Healthy
15.44,40.48,52.3,29.28,27.45,21.92,4.88,719.7,33.97,Root_Rot
25.46,87.85,23.36,46.33,15.55,22.92,7.91,344.5,40.08,Powdery_Mildew
36.25,76.33,52.36,27.01,38.56,30.71,7.53,856.4,51.86,Early_Blight
40.43,29.59,55.69,21.01,26.41,13.64,5.57,440.0,30.66,Root_Rot
18.55,86.57,62.56,26.29,36.4,37.57,6.11,588.5,55.6,Rust
27.82,56.67,36.03,11.66,34.53,14.41,5.69,516.8,35.27,Healthy
21.03,66.58,56.05,30.2,50.18,40.42,5.34,533.9,39.92,Root_Rot
30.8,83.21,58.63,47.31,47.09,30.84,7.72,848.2,54.89,Bacterial_Leaf_Spot
24.39,62.96,55.69,29.72,43.5,48.98,5.47,951.3,41.73,Root_Rot
14.25,27.67,59.87,20.62,24.14,47.03,5.15,747.6,43.37,Root_Rot
25.77,77.76,14.02,44.27,28.02,22.59,7.77,961.7,47.32,Bacterial_Leaf_Spot
24.19,88.43,60.33,27.44,20.37,13.39,7.76,277.3,53.38,Powdery_Mildew
24.26,41.71,30.53,47.44,15.98,41.1,5.84,690.9,31.29,Healthy
32.43,93.6,56.27,34.18,15.6,48.38,6.7,629.7,45.64,Early_Blight
31.39,71.92,12.73,20.53,19.74,12.05,5.09,772.5,28.02,Early_Blight
23.56,85.17,13.02,19.54,33.77,42.97,5.8,315.2,37.82,Powdery_Mildew
20.42,89.68,54.98,39.83,13.79,47.94,6.75,583.7,46.43,Rust
34.2,85.66,33.64,24.58,9.77,18.78,7.55,697.0,37.77,Early_Blight
32.74,44.63,48.06,21.5,21.79,35.6,7.45,380.6,39.39,Healthy
22.62,91.62,24.67,16.55,25.99,45.08,7.75,342.5,42.34,Powdery_Mildew
30.9,84.56,25.09,34.48,42.44,19.86,7.63,653.7,41.23,Early_Blight
23.69,95.49,11.37,18.19,24.28,30.52,5.53,555.7,33.82,Healthy
33.52,53.36,10.1,45.7,15.85,28.77,4.96,288.3,27.16,Healthy
26.57,86.67,42.97,18.72,44.69,27.49,6.57,799.9,50.11,Early_Blight
36.17,93.15,50.13,16.99,37.05,19.9,5.19,927.6,41.12,Root_Rot
39.04,80.07,54.64,30.3,36.76,24.99,4.94,651.4,45.26,Root_Rot
30.07,83.11,9.63,47.49,11.59,27.36,7.83,411.2,34.92,Bacterial_Leaf_Spot
27.69,32.25,25.22,33.66,43.28,13.61,5.59,219.1,30.94,Healthy
39.39,32.81,30.74,27.34,49.43,37.35,7.83,502.8,55.17,Healthy
33.5,83.51,46.34,20.3,17.76,27.67,7.59,731.3,43.54,Early_Blight
24.96,89.01,61.08,46.57,12.32,49.1,7.91,743.1,57.98,Early_Blight
31.79,25.2,45.86,17.84,9.57,19.29,8.11,390.9,38.99,Healthy
21.1,85.3,17.63,42.66,15.96,37.45,7.55,390.0,37.2,Healthy
36.11,82.0,10.33,43.08,20.51,29.67,7.58,637.0,40.23,Bacterial_Leaf_Spot
33.86,91.04,15.96,46.38,35.45,46.87,7.57,856.8,45.87,Bacterial_Leaf_Spot
24.3,90.73,27.09,24.75,43.11,49.5,6.61,317.4,40.32,Powdery_Mildew
31.57,93.22,37.9,45.37,30.2,31.75,7.34,727.5,54.17,Bacterial_Leaf_Spot
18.03,87.71,61.09,11.03,25.19,45.77,7.35,384.6,50.58,Rust
21.4,94.31,55.65,20.63,25.34,21.94,6.55,607.9,41.97,Rust
31.26,83.66,33.51,30.16,32.45,30.95,7.52,293.3,41.86,Early_Blight
32.92,90.93,9.78,12.84,46.95,46.74,6.94,287.6,40.98,Early_Blight
39.25,87.38,17.29,31.14,43.35,26.9,5.19,593.9,34.28,Early_Blight
27.85,66.18,24.0,19.79,22.2,20.24,6.82,320.6,30.83,Early_Blight
23.48,73.32,12.84,37.76,34.37,9.89,5.16,806.6,33.93,Healthy
27.09,41.41,22.14,11.54,43.92,36.14,6.02,929.5,39.99,Healthy
20.65,29.58,18.68,47.62,32.31,40.31,8.05,556.9,49.4,Healthy
20.69,92.14,50.49,40.64,27.82,21.26,6.26,806.5,45.65,Rust
33.59,57.33,57.04,46.93,31.6,16.38,6.86,617.6,49.84,Healthy
16.36,90.03,61.37,27.65,22.07,28.52,5.98,991.4,48.04,Rust
28.31,66.17,11.56,12.92,34.11,16.02,5.0,777.3,35.1,Rust
27.93,85.59,23.74,46.17,36.56,33.04,7.42,524.3,46.57,Bacterial_Leaf_Spot
36.03,89.13,13.68,34.24,32.07,18.78,7.16,560.9,38.67,Early_Blight
21.73,88.74,57.3,27.02,18.57,13.63,7.42,911.7,52.85,Rust
36.73,57.15,60.84,20.57,14.5,24.62,8.15,728.3,48.62,Healthy
22.27,90.57,45.03,24.5,21.45,39.45,7.63,282.4,47.65,Powdery_Mildew
29.34,87.19,59.77,47.78,46.57,13.12,7.67,645.5,56.29,Bacterial_Leaf_Spot
28.15,61.15,37.55,33.54,9.78,16.06,7.2,341.9,35.65,Healthy
17.41,29.13,38.86,15.59,38.05,43.55,6.51,774.0,39.61,Healthy
16.6,78.89,60.57,25.0,22.48,22.61,5.46,545.4,31.37,Root_Rot
13.94,84.52,42.38,42.04,43.1,18.29,6.38,281.8,37.59,Healthy
31.62,84.68,24.95,47.91,30.5,13.88,7.82,360.0,38.77,Bacterial_Leaf_Spot
34.36,45.63,55.52,31.84,33.18,12.56,5.24,774.9,40.74,Root_Rot
32.27,84.53,15.87,29.47,12.78,33.12,5.93,508.7,34.51,Early_Blight
21.65,88.37,55.01,15.46,37.82,33.45,5.65,1022.9,47.88,Root_Rot
30.6,57.7,59.65,48.71,49.35,13.17,5.68,947.0,48.56,Root_Rot
29.38,57.62,57.71,26.69,31.01,14.13,5.49,691.4,40.04,Root_Rot
31.04,31.6,57.24,31.03,46.28,35.31,5.39,867.9,44.08,Root_Rot
34.37,56.19,34.23,30.43,28.01,40.26,5.5,657.1,35.97,Healthy
20.1,77.79,50.42,13.81,39.9,29.53,7.7,239.0,37.15,Healthy
33.46,82.36,39.47,43.07,26.31,20.87,6.0,584.2,39.88,Healthy
24.01,82.57,39.69,48.56,50.06,17.03,8.01,310.0,45.27,Powdery_Mildew
34.51,81.77,17.81,11.97,31.91,42.6,5.83,274.1,38.04,Early_Blight
35.31,32.53,30.75,46.61,20.37,16.81,6.34,562.1,34.15,Healthy
37.92,45.23,40.45,28.69,23.08,29.24,6.07,872.9,46.73,Healthy
21.92,90.68,63.13,24.33,24.4,18.46,6.52,577.6,48.88,Rust
22.72,87.32,20.2,31.45,28.19,33.42,5.48,386.0,35.63,Healthy
22.01,61.03,57.11,31.14,18.9,18.0,4.94,794.9,37.04,Root_Rot
25.58,83.51,29.33,22.85,35.36,22.21,8.15,248.8,47.51,Powdery_Mildew
33.3,65.25,53.31,30.77,22.29,34.91,6.71,565.8,50.38,Healthy
32.71,50.84,59.29,12.68,17.46,29.96,5.21,392.8,37.87,Root_Rot
32.1,84.03,48.43,15.52,41.45,35.5,5.21,284.1,40.31,Early_Blight
13.1,41.31,14.04,12.87,39.92,24.35,7.25,809.2,34.56,Healthy
28.72,60.74,31.09,22.68,25.37,22.41,6.68,768.7,33.09,Healthy
15.65,42.48,10.4,24.16,42.81,44.16,5.64,499.2,31.61,Healthy
21.54,92.75,40.48,45.49,15.32,25.64,6.74,284.3,42.79,Powdery_Mildew
26.92,56.79,22.75,27.86,43.35,44.47,6.48,448.0,42.57,Healthy
24.77,85.16,24.49,45.9,13.82,43.22,7.73,334.7,37.52,Powdery_Mildew
22.86,83.47,16.32,47.45,30.43,17.36,7.36,267.1,48.39,Powdery_Mildew
24.11,68.43,44.75,16.28,25.93,15.02,7.97,411.3,43.41,Early_Blight
27.09,82.03,62.87,47.1,12.84,15.9,7.9,727.8,54.11,Bacterial_Leaf_Spot
34.92,71.28,40.4,29.4,22.92,42.85,6.9,338.1,38.13,Early_Blight
18.52,42.49,14.15,33.46,23.48,45.8,5.49,727.0,36.57,Healthy
38.82,79.98,45.22,23.98,47.24,14.44,5.56,662.1,40.75,Early_Blight
23.65,82.16,9.11,26.07,38.49,43.89,5.85,266.5,31.81,Bacterial_Leaf_Spot
39.84,40.75,28.09,47.08,12.79,15.29,6.42,353.4,29.08,Healthy
37.58,51.58,57.92,32.66,41.79,15.47,5.51,791.0,48.62,Root_Rot
27.88,77.47,27.0,14.45,43.97,39.11,7.6,951.8,45.06,Early_Blight
22.22,94.1,27.63,34.81,50.15,21.76,7.26,248.3,45.35,Bacterial_Leaf_Spot
18.68,73.68,14.29,28.57,16.06,20.86,6.49,494.6,29.84,Healthy
25.71,91.38,24.78,32.95,43.53,13.24,7.35,967.0,49.4,Early_Blight
23.15,90.8,59.13,15.53,46.88,24.22,7.54,422.9,49.23,Rust
33.31,66.48,8.67,15.1,36.17,48.51,7.52,973.8,39.71,Early_Blight
32.97,83.2,45.54,19.3,20.07,44.51,7.81,429.7,44.04,Early_Blight
13.24,88.35,59.34,18.84,11.42,47.84,6.54,450.3,37.68,Rust
38.93,93.01,42.77,28.52,28.06,13.05,8.01,703.1,46.08,Early_Blight
32.68,77.64,14.89,26.87,19.37,22.68,5.25,409.5,25.73,Early_Blight
23.18,79.41,56.72,45.3,45.53,18.35,5.13,783.5,40.58,Root_Rot
22.42,81.73,42.48,44.98,41.63,45.96,7.43,328.0,48.71,Powdery_Mildew
17.19,79.86,63.76,41.04,45.94,46.81,5.17,595.1,49.19,Root_Rot
33.26,49.27,32.04,31.19,29.23,44.73,5.29,684.1,38.09,Healthy
37.14,89.21,52.24,12.68,25.53,18.99,7.48,864.6,49.31,Early_Blight
16.93,88.73,63.57,29.05,28.98,21.92,5.67,376.3,49.53,Root_Rot
22.41,82.9,54.3,45.1,35.47,46.84,6.17,270.2,53.62,Powdery_Mildew
29.78,87.66,57.05,32.96,40.17,41.55,5.05,925.7,53.17,Root_Rot
11.75,84.37,60.32,21.03,27.28,38.11,5.01,699.4,37.64,Root_Rot
32.59,42.48,40.76,33.79,25.13,39.69,5.1,345.2,30.23,Healthy
34.38,79.27,58.99,44.4,19.42,46.52,7.63,858.0,57.14,Bacterial_Leaf_Spot
41.15,66.57,37.78,11.45,36.8,39.72,6.3,871.5,43.2,Early_Blight
33.37,70.36,56.5,14.59,23.31,21.28,8.01,782.3,50.14,Early_Blight
21.6,82.12,38.85,47.5,32.87,41.91,8.07,344.9,47.2,Powdery_Mildew
30.47,76.24,45.47,11.61,48.19,20.5,7.35,411.3,43.89,Early_Blight
41.0,38.66,52.54,17.6,16.76,30.82,6.66,639.8,43.86,Healthy
34.06,49.64,40.93,41.36,40.54,27.97,6.47,904.2,56.94,Healthy
40.4,79.57,10.31,30.02,22.83,42.3,5.81,320.5,34.12,Early_Blight
26.02,73.62,21.51,18.56,14.09,33.14,5.44,898.9,37.35,Early_Blight
27.85,37.0,46.29,38.42,14.6,34.37,6.34,387.2,40.14,Healthy
16.55,38.08,14.28,23.81,35.63,22.8,7.27,791.2,38.38,Healthy
15.59,61.46,54.31,29.71,10.01,36.63,5.3,241.9,38.37,Root_Rot
13.65,69.35,44.44,49.86,30.13,30.71,6.93,897.6,54.99,Rust
38.15,83.93,32.2,21.44,25.17,49.28,6.44,443.6,38.78,Early_Blight
26.53,77.52,37.77,20.79,36.13,46.74,6.45,974.5,38.28,Early_Blight
14.69,80.19,53.47,42.49,46.86,19.06,5.09,589.7,41.06,Root_Rot
35.85,95.52,28.35,19.25,22.95,28.27,5.62,492.2,32.91,Early_Blight
42.29,88.44,48.07,24.0,23.21,48.96,8.13,983.7,58.95,Root_Rot
27.68,30.79,25.88,35.33,42.77,14.04,5.62,237.3,30.44,Healthy
23.19,88.91,60.44,42.4,31.91,43.3,7.22,573.8,59.49,Rust
32.18,38.27,52.61,43.07,18.82,12.36,7.47,838.9,44.4,Healthy
38.7,79.22,34.88,30.96,48.94,50.54,4.92,572.4,40.76,Early_Blight
20.34,90.03,60.68,48.72,47.46,41.69,7.73,925.0,57.86,Rust
31.15,68.14,35.33,9.85,27.06,23.03,7.94,534.2,46.09,Early_Blight
25.17,82.72,26.64,42.16,40.98,17.7,5.38,253.7,34.07,Powdery_Mildew
22.92,74.43,55.66,32.99,12.29,40.39,5.5,220.0,40.25,Root_Rot
20.88,84.71,18.38,47.22,26.75,18.25,7.44,272.7,38.1,Powdery_Mildew
28.42,36.21,58.46,30.32,46.69,15.27,5.45,524.6,41.97,Root_Rot
29.62,67.81,56.54,11.09,15.59,14.54,8.23,725.9,41.71,Early_Blight
21.55,91.01,40.43,14.61,24.49,21.44,5.28,290.6,30.4,Powdery_Mildew
29.77,83.33,41.71,45.15,25.97,12.26,7.48,849.5,54.2,Bacterial_Leaf_Spot
32.99,83.94,21.91,46.99,44.73,35.86,7.7,650.8,46.4,Powdery_Mildew
24.3,87.01,45.14,48.72,45.53,22.68,7.58,237.5,46.72,Powdery_Mildew
34.3,78.82,42.49,45.28,25.92,33.01,6.36,679.7,47.44,Healthy
36.85,78.97,50.8,21.09,9.98,14.07,8.01,809.2,41.4,Early_Blight
34.76,89.07,41.53,22.43,27.74,36.88,5.72,535.2,41.22,Early_Blight
30.74,38.59,9.91,44.97,32.58,16.1,7.4,872.2,46.25,Healthy
13.65,44.0,62.85,18.15,42.2,12.78,5.35,689.3,43.47,Root_Rot
30.44,79.39,37.7,22.62,11.12,32.14,5.62,624.8,34.77,Early_Blight
21.62,91.86,54.74,34.19,37.98,16.75,5.87,340.4,43.67,Powdery_Mildew
20.67,92.35,55.8,46.7,44.3,13.96,7.6,699.5,48.35,Rust
15.19,49.58,60.17,14.65,49.68,47.5,5.59,596.6,52.59,Root_Rot
26.41,86.62,19.33,47.62,11.85,21.98,7.91,462.4,36.2,Bacterial_Leaf_Spot
31.09,81.69,64.74,46.1,23.11,14.31,7.39,879.8,53.13,Bacterial_Leaf_Spot
22.25,86.1,51.26,31.73,40.04,17.8,7.48,278.6,48.23,Powdery_Mildew
34.08,52.16,64.35,21.15,36.9,17.99,4.86,261.2,42.26,Root_Rot
13.73,86.69,62.28,18.2,29.89,36.67,4.99,827.8,42.09,Root_Rot
21.69,65.23,21.89,13.54,28.9,23.44,7.04,929.7,43.25,Healthy
38.16,88.23,57.38,19.58,25.29,46.19,5.7,662.0,51.64,Root_Rot
20.39,84.79,41.72,26.72,24.23,43.11,7.08,237.7,40.19,Powdery_Mildew
23.78,84.65,42.81,12.63,34.38,14.05,6.92,274.8,33.31,Powdery_Mildew
22.32,92.06,62.62,12.0,46.9,45.98,7.5,755.1,60.28,Rust
41.16,73.39,53.21,15.23,25.83,10.73,8.03,979.9,52.58,Early_Blight
30.92,55.17,53.94,34.88,16.84,29.55,7.87,407.0,44.86,Healthy
34.25,87.11,61.96,23.99,17.89,21.64,7.67,864.7,57.7,Early_Blight
24.63,86.18,22.11,43.28,46.58,16.68,6.11,224.7,41.5,Powdery_Mildew
20.47,77.74,59.16,35.25,23.27,31.96,5.28,364.1,42.13,Root_Rot
33.54,74.51,54.58,46.35,25.24,19.87,5.51,741.9,45.31,Root_Rot
28.37,27.0,44.79,43.21,44.93,27.26,6.53,391.9,36.26,Healthy
22.54,30.8,28.09,17.39,32.58,13.23,7.18,524.1,36.45,Healthy
27.96,80.78,24.7,47.91,13.41,39.32,7.54,746.4,38.98,Bacterial_Leaf_Spot
22.6,82.2,36.68,28.81,35.37,31.63,7.69,262.2,55.26,Powdery_Mildew
23.66,85.38,62.63,46.32,29.08,35.04,7.39,991.9,55.8,Rust
27.41,81.93,54.33,43.35,14.89,41.15,7.79,811.1,55.07,Bacterial_Leaf_Spot
20.22,91.41,59.08,19.48,29.11,14.41,6.72,540.9,40.91,Rust
41.21,81.33,64.37,25.04,25.6,19.8,6.73,832.8,56.38,Rust
35.2,80.32,27.78,23.13,11.98,40.42,7.84,362.5,38.22,Early_Blight
23.6,26.17,48.5,31.06,19.41,30.96,4.8,757.3,41.3,Healthy
14.5,86.85,49.52,47.18,43.91,18.4,5.63,275.5,38.99,Rust
17.88,90.2,53.11,33.75,45.78,39.08,6.57,300.9,45.84,Bacterial_Leaf_Spot
13.77,87.44,59.79,36.01,37.17,31.83,6.45,489.0,43.66,Rust
11.71,30.99,62.59,36.96,19.2,20.99,5.1,776.9,47.61,Root_Rot
33.36,75.92,64.3,41.11,42.3,43.59,5.15,243.8,41.92,Root_Rot
40.49,82.66,33.13,43.8,49.59,43.54,8.01,852.6,55.67,Bacterial_Leaf_Spot
23.21,85.48,47.87,13.57,35.01,15.28,7.01,247.6,44.17,Powdery_Mildew
13.85,29.67,52.36,13.63,17.26,49.79,7.16,634.4,34.46,Healthy
21.31,93.84,44.24,44.48,14.89,28.64,6.8,249.7,44.94,Powdery_Mildew
37.27,84.06,58.83,20.35,46.05,17.84,5.43,777.7,46.5,Root_Rot
22.23,79.91,42.42,14.59,46.34,30.57,7.93,318.1,50.09,Healthy
31.71,91.47,52.16,29.72,11.99,46.83,5.83,866.9,45.67,Early_Blight
29.92,63.9,62.27,45.08,39.84,35.98,5.36,447.9,38.52,Root_Rot
20.41,88.96,52.43,14.82,20.94,22.74,7.77,692.4,44.18,Rust
15.3,93.36,51.35,35.07,48.78,10.81,6.86,567.6,42.16,Rust
34.39,71.44,17.96,12.98,30.9,24.52,8.17,731.9,46.49,Early_Blight
21.8,82.87,32.12,28.64,39.94,18.15,6.46,420.0,41.42,Healthy
23.7,67.77,59.13,45.72,36.97,33.05,5.61,647.8,52.51,Root_Rot
24.91,82.15,23.75,24.21,33.61,21.29,8.16,263.3,48.46,Powdery_Mildew
13.4,34.74,63.4,40.15,42.42,30.92,5.56,664.7,48.27,Root_Rot
20.53,87.65,60.29,31.43,48.69,13.27,6.05,808.4,52.07,Rust
31.29,72.91,50.1,14.03,23.68,30.57,6.88,458.0,36.45,Early_Blight
31.61,81.12,23.4,10.16,49.19,19.66,5.53,643.3,34.96,Early_Blight
21.32,89.28,51.88,43.82,32.55,45.18,5.68,345.7,48.77,Rust
22.15,81.56,54.4,48.02,24.36,19.41,8.06,235.8,41.78,Powdery_Mildew
37.52,75.53,62.8,19.46,12.76,14.19,5.02,376.2,39.45,Root_Rot
15.6,55.6,57.15,38.53,21.64,33.6,5.45,844.9,41.83,Root_Rot
21.42,84.48,49.61,13.95,33.38,17.67,7.01,269.6,38.76,Powdery_Mildew
35.6,89.32,8.19,16.93,25.89,32.81,8.1,782.6,46.57,Early_Blight
34.04,68.9,50.14,29.52,28.65,39.59,5.72,334.8,41.07,Root_Rot
30.5,57.54,62.69,25.56,18.27,26.78,4.93,662.4,38.75,Root_Rot
34.32,69.36,10.41,16.87,49.69,36.45,7.81,458.1,41.51,Early_Blight
30.78,66.45,29.2,21.83,28.14,43.52,5.04,567.1,34.09,Early_Blight
19.76,90.28,51.61,19.23,36.2,13.44,6.04,830.3,43.05,Rust
31.94,74.02,13.94,29.43,23.43,30.59,5.06,740.3,30.95,Early_Blight
16.63,44.52,13.68,15.23,15.35,21.93,7.8,814.7,36.06,Healthy
15.34,85.5,60.4,37.41,43.88,46.53,6.61,885.4,55.54,Rust
29.65,81.38,25.06,18.01,41.96,18.15,5.09,260.1,25.89,Early_Blight
23.5,89.87,40.67,42.69,17.74,28.61,7.92,299.9,50.65,Powdery_Mildew
28.22,84.11,28.27,27.41,28.95,36.49,5.18,392.5,35.76,Early_Blight
33.59,65.6,59.12,11.7,33.18,40.53,6.78,859.1,49.87,Early_Blight
40.36,76.55,56.99,13.39,37.25,46.19,4.89,398.7,42.07,Bacterial_Leaf_Spot
34.6,48.63,61.13,37.42,40.44,18.72,7.47,821.2,53.33,Healthy
27.77,86.09,14.25,21.62,25.5,42.41,5.53,901.6,27.85,Early_Blight
24.47,92.09,28.08,11.74,42.53,20.42,5.16,244.5,27.61,Powdery_Mildew
18.68,86.97,52.31,41.4,32.3,34.07,5.37,334.5,42.61,Root_Rot
40.55,29.34,51.52,17.91,44.67,27.52,5.63,684.1,42.39,Root_Rot
23.85,33.32,56.26,21.45,24.08,41.06,5.41,829.7,42.56,Root_Rot
39.53,77.38,34.94,14.08,37.25,34.77,4.83,803.9,29.8,Early_Blight
23.24,84.11,12.46,20.18,12.04,41.7,7.01,245.1,34.63,Powdery_Mildew
11.9,40.33,42.14,19.09,16.41,33.75,5.94,593.5,35.05,Healthy
40.85,56.47,38.95,18.02,44.92,23.02,5.83,271.3,32.29,Healthy
22.57,24.27,14.6,31.68,35.07,18.41,6.6,739.3,32.27,Healthy
39.21,81.51,49.66,20.7,35.81,19.41,7.58,319.8,43.48,Early_Blight
25.59,59.96,50.48,44.7,47.38,41.28,4.85,824.7,50.01,Root_Rot
41.61,93.67,30.35,27.09,24.94,11.05,7.12,876.8,39.83,Early_Blight
30.75,84.33,22.84,45.23,26.48,20.64,7.45,898.9,38.58,Bacterial_Leaf_Spot
25.41,87.16,12.1,19.57,16.03,25.53,5.38,338.3,32.43,Powdery_Mildew
38.11,76.88,60.91,35.37,44.97,19.89,5.21,834.4,41.38,Root_Rot
25.2,82.17,62.88,18.78,39.9,28.75,5.77,914.9,44.2,Root_Rot
21.64,86.16,15.81,16.73,30.59,26.26,5.85,288.3,27.83,Powdery_Mildew
20.96,56.48,26.1,16.77,39.14,37.55,7.97,958.7,45.08,Healthy
32.02,79.43,45.83,24.94,30.65,19.38,5.19,725.8,39.66,Early_Blight
38.77,71.61,25.63,26.11,27.12,15.82,7.29,898.6,40.9,Healthy
32.9,92.57,20.81,20.95,39.38,17.5,7.89,451.4,35.27,Early_Blight
27.82,80.04,24.91,47.87,16.93,47.86,7.94,957.5,48.67,Bacterial_Leaf_Spot
33.42,25.39,15.99,23.62,36.31,33.52,7.21,920.0,40.08,Healthy
14.29,51.93,63.12,21.22,35.2,10.82,5.53,735.3,41.44,Rust
31.49,81.59,46.5,21.69,46.55,24.21,7.89,425.7,49.67,Early_Blight
18.44,77.46,56.49,19.05,23.78,12.65,5.43,848.0,37.03,Root_Rot
22.83,58.17,55.67,24.11,25.59,13.67,5.42,857.0,40.03,Root_Rot
21.85,85.08,9.95,18.3,34.1,41.02,5.47,254.4,30.66,Powdery_Mildew
23.39,91.97,28.85,43.24,33.62,29.86,7.47,286.5,44.95,Powdery_Mildew
13.58,75.98,62.74,36.62,43.89,46.33,5.05,676.8,49.2,Root_Rot
39.66,68.45,45.94,11.92,47.96,18.22,8.26,829.9,50.02,Early_Blight
23.12,86.6,12.83,32.1,12.17,33.41,7.14,224.7,32.56,Powdery_Mildew
23.08,89.41,59.85,29.11,12.97,13.83,6.98,903.9,44.8,Rust
36.56,83.74,63.66,18.4,21.12,29.57,6.38,464.7,47.69,Early_Blight
38.71,81.14,59.88,16.48,42.41,15.6,5.25,782.8,40.05,Root_Rot
23.01,89.07,59.79,14.28,45.43,24.68,6.98,429.2,45.22,Rust
22.37,45.91,56.88,25.45,26.23,47.95,5.68,252.0,39.38,Root_Rot
38.65,77.93,56.88,42.82,21.44,13.13,5.3,461.5,34.71,Root_Rot
17.13,35.55,55.77,25.72,35.55,13.37,4.74,432.5,32.19,Root_Rot
22.94,25.68,11.54,34.8,13.29,49.07,5.27,425.1,31.45,Healthy
20.37,90.43,18.19,31.45,48.08,18.71,7.87,273.3,43.53,Powdery_Mildew
17.55,29.15,65.25,30.35,49.1,34.17,6.35,729.1,52.71,Healthy
31.39,43.46,33.64,33.38,37.46,39.73,7.71,341.1,37.94,Healthy
20.58,83.5,22.55,33.85,38.17,24.33,6.88,220.0,39.89,Powdery_Mildew
16.46,88.74,49.58,36.92,29.32,20.82,7.12,978.1,50.93,Rust
19.0,42.01,20.85,42.6,23.94,16.07,7.93,254.2,43.21,Healthy
24.78,28.13,43.51,31.75,18.33,30.0,6.28,253.8,36.83,Healthy
31.46,33.89,55.0,45.15,18.87,41.57,5.02,349.6,44.24,Root_Rot
18.86,84.34,60.44,21.96,48.45,23.07,6.42,844.0,51.27,Rust
41.27,83.3,56.96,12.54,45.87,11.27,7.62,824.8,49.39,Early_Blight
25.25,89.45,13.31,21.44,13.63,25.67,5.42,309.0,37.59,Powdery_Mildew
17.2,40.98,46.95,45.17,9.9,21.46,6.17,838.9,46.53,Healthy
21.47,92.7,56.57,36.56,48.04,20.05,8.01,642.3,53.41,Rust
24.66,85.17,12.85,46.77,31.94,20.46,7.51,235.2,38.63,Powdery_Mildew
23.19,80.32,46.79,46.76,46.56,16.06,8.08,295.1,47.58,Powdery_Mildew
27.29,78.24,32.07,10.62,32.8,46.56,6.6,573.2,42.1,Early_Blight
24.87,85.62,33.04,47.12,13.92,49.37,7.58,331.4,40.56,Powdery_Mildew
27.08,79.08,23.36,31.59,36.65,9.97,5.53,867.0,37.46,Early_Blight
41.11,84.32,62.4,38.62,39.99,36.59,4.81,918.0,51.9,Root_Rot
38.21,58.71,31.23,42.25,49.86,33.48,8.18,427.7,46.56,Healthy
28.61,88.26,31.63,48.53,25.92,19.91,7.96,836.7,45.19,Bacterial_Leaf_Spot
33.53,89.88,46.8,49.91,47.16,46.44,7.7,353.1,49.9,Bacterial_Leaf_Spot
22.33,82.62,61.89,46.92,28.6,20.95,7.57,285.9,54.24,Powdery_Mildew
18.49,86.82,58.62,19.88,29.91,47.57,6.93,558.5,57.23,Rust
24.53,88.6,43.08,46.34,33.47,41.95,5.47,327.6,42.49,Powdery_Mildew
34.16,67.76,41.16,34.66,32.76,33.94,6.07,581.6,41.93,Early_Blight
24.58,68.23,23.2,10.79,30.1,32.89,7.78,561.1,44.67,Early_Blight
24.34,88.88,31.98,32.06,32.14,22.24,5.93,230.9,36.15,Powdery_Mildew
31.87,85.11,22.74,45.65,35.4,43.28,7.52,734.2,45.15,Bacterial_Leaf_Spot
35.38,71.15,61.43,23.52,14.7,49.55,7.27,379.7,45.96,Early_Blight
24.78,48.89,59.52,40.65,48.05,12.8,5.62,279.0,38.91,Root_Rot
22.84,82.48,41.45,29.73,42.43,40.74,7.33,307.9,45.67,Powdery_Mildew
21.34,88.16,62.11,13.64,43.29,26.63,6.87,209.6,46.44,Powdery_Mildew
27.41,84.97,61.65,44.71,15.35,16.44,7.97,752.5,52.55,Bacterial_Leaf_Spot
14.64,37.5,58.28,33.22,43.18,22.07,5.25,790.7,40.56,Root_Rot
33.73,70.24,23.18,47.49,41.42,16.61,6.39,776.8,43.16,Healthy
40.45,52.04,59.3,16.86,28.1,39.39,8.15,1007.1,60.47,Healthy
23.09,93.63,20.12,22.87,45.73,30.04,5.39,329.4,35.91,Powdery_Mildew
30.19,81.06,32.65,30.59,25.29,44.13,7.08,316.6,39.1,Early_Blight
22.27,86.87,35.95,26.65,35.36,26.39,6.99,274.6,42.25,Powdery_Mildew
35.94,43.58,57.21,15.77,42.79,15.54,5.11,741.1,43.4,Root_Rot
36.83,83.6,20.33,38.34,36.88,15.7,7.07,824.3,40.39,Healthy
40.45,42.89,46.71,37.66,35.63,36.69,6.44,294.4,40.55,Healthy
24.21,88.11,20.92,45.42,14.26,24.3,7.83,310.6,39.57,Powdery_Mildew
23.01,89.48,51.55,27.32,44.62,23.76,6.96,237.5,48.38,Powdery_Mildew
21.72,82.12,40.88,43.94,42.13,45.14,7.61,323.6,42.12,Powdery_Mildew
20.07,91.05,28.1,13.68,10.16,31.0,4.91,532.2,40.2,Healthy
23.74,88.18,62.19,14.8,42.27,26.89,7.08,405.1,49.56,Rust
28.33,73.28,61.71,30.64,36.03,46.51,7.23,340.5,44.45,Early_Blight
24.36,74.05,34.61,32.99,39.53,43.84,7.31,608.4,41.12,Early_Blight
24.08,92.56,36.31,20.32,27.84,14.76,6.88,273.5,39.2,Powdery_Mildew
17.48,61.21,65.11,12.51,44.23,11.88,4.91,474.4,38.16,Root_Rot
37.08,47.15,29.8,46.36,25.7,35.95,8.18,376.4,43.39,Healthy
21.59,93.37,60.34,47.62,17.73,19.79,6.04,553.6,41.44,Rust
22.24,67.36,50.87,17.03,13.63,46.75,7.04,716.0,50.04,Healthy
26.63,90.69,24.47,32.95,43.58,12.85,7.42,978.5,41.93,Early_Blight
12.29,64.43,10.59,31.45,19.03,28.22,8.05,378.7,39.97,Healthy
18.65,89.43,60.95,29.88,21.82,28.33,5.92,996.2,46.95,Rust
21.63,85.38,42.43,26.55,25.63,41.0,7.23,231.6,41.33,Powdery_Mildew
32.4,83.97,27.12,26.6,18.42,49.04,7.44,464.6,42.96,Early_Blight
36.04,77.45,13.69,14.48,34.81,16.56,8.0,314.7,38.88,Early_Blight
35.39,53.65,35.79,17.74,24.9,21.38,7.22,811.4,34.09,Healthy
27.15,71.89,43.91,17.85,31.68,10.35,5.54,370.2,26.24,Healthy
32.94,27.13,22.26,12.01,29.77,26.66,7.48,449.5,33.88,Healthy
23.45,82.83,19.57,36.05,21.13,23.77,5.46,260.6,36.58,Powdery_Mildew
22.13,92.57,43.11,24.03,21.16,39.67,7.55,286.1,43.0,Powdery_Mildew
25.78,60.05,54.67,34.72,14.35,29.48,5.78,997.1,50.28,Root_Rot
21.62,91.0,46.09,27.81,25.6,40.09,7.55,273.3,48.91,Powdery_Mildew
17.69,88.54,64.92,18.86,48.88,26.81,6.76,333.0,48.6,Rust
35.27,31.91,40.29,47.44,23.97,13.3,5.63,764.6,37.35,Healthy
33.1,87.41,25.39,25.39,36.65,48.03,7.46,293.0,38.83,Early_Blight
25.15,47.17,55.81,15.03,10.98,24.56,5.55,648.4,30.74,Root_Rot
17.5,90.6,48.51,14.67,43.31,34.25,6.58,464.0,41.88,Rust
20.68,85.95,47.86,15.66,10.85,12.86,6.74,329.4,37.77,Early_Blight
30.44,67.44,14.25,13.5,20.98,27.17,4.82,824.3,33.22,Early_Blight
26.84,39.71,45.57,45.11,14.73,37.41,7.67,334.3,46.06,Healthy
31.04,65.35,35.17,36.69,28.05,33.96,6.18,896.6,36.31,Healthy
24.58,70.77,16.03,14.87,43.61,45.2,6.33,990.3,42.59,Early_Blight
31.55,87.77,27.16,31.64,20.29,21.31,6.59,410.0,38.47,Early_Blight
30.28,94.7,19.78,30.48,9.14,43.62,7.89,659.9,47.51,Early_Blight
19.94,86.03,64.28,17.81,18.73,42.49,6.21,402.7,43.39,Rust
37.18,43.06,63.98,17.78,32.66,13.55,5.44,542.6,43.29,Root_Rot
16.99,34.41,17.78,41.5,49.48,45.75,4.84,520.3,39.11,Healthy
40.78,84.96,65.22,30.91,46.37,43.78,6.1,708.6,52.62,Healthy
39.37,78.85,39.44,48.03,13.52,50.01,6.53,424.4,38.54,Healthy
20.95,54.1,17.61,41.65,11.53,40.37,7.44,611.7,42.44,Healthy
23.79,93.83,60.32,24.51,47.36,13.07,7.6,499.3,43.62,Rust
33.16,66.05,44.01,31.18,26.72,15.69,8.2,742.2,48.54,Early_Blight
37.38,80.87,22.85,17.51,45.44,15.31,4.83,539.1,33.99,Early_Blight
31.87,92.97,18.33,16.89,14.89,27.0,6.65,706.0,39.13,Early_Blight
30.62,92.31,21.87,19.97,32.5,19.86,6.45,343.8,36.08,Early_Blight
41.64,44.41,52.72,17.3,19.12,47.14,7.56,496.1,38.57,Healthy
18.98,86.82,49.45,45.65,42.4,20.44,6.03,778.9,44.18,Rust
29.37,66.77,47.21,25.4,22.73,22.64,6.39,897.0,45.91,Early_Blight
18.3,86.31,52.73,40.89,35.57,36.47,6.66,783.9,56.02,Rust
40.52,33.93,31.42,33.89,12.52,28.02,6.29,498.6,42.87,Healthy
28.3,68.03,34.71,9.8,41.09,41.85,4.9,467.1,34.89,Early_Blight
21.57,67.05,49.38,10.05,40.07,26.67,7.71,843.8,43.48,Healthy
30.97,80.43,58.55,11.12,21.51,12.86,6.29,747.2,41.29,Early_Blight
33.11,93.93,38.57,22.2,14.92,17.16,7.21,600.9,43.15,Early_Blight
22.42,94.99,54.17,12.21,17.71,42.93,7.79,289.8,41.82,Powdery_Mildew
17.54,90.85,53.6,36.14,12.79,29.96,7.29,243.3,43.32,Rust
21.47,93.74,57.33,37.11,47.91,18.49,8.11,644.1,44.76,Rust
30.48,69.38,65.7,40.95,43.18,44.07,5.23,259.2,52.57,Root_Rot
28.14,68.63,45.65,21.83,12.34,42.89,5.21,746.8,45.65,Early_Blight
33.38,82.69,60.52,46.8,32.12,32.2,7.73,297.9,50.07,Bacterial_Leaf_Spot
36.05,65.21,46.5,20.78,44.53,34.92,6.37,433.4,36.81,Early_Blight
11.42,80.09,51.21,36.33,30.09,23.45,5.67,645.1,51.82,Root_Rot
23.71,85.6,12.84,31.56,11.85,32.15,7.16,218.1,34.23,Powdery_Mildew
26.96,84.08,25.29,31.36,36.06,28.36,6.11,495.1,33.01,Early_Blight
13.91,36.72,37.24,28.74,39.54,40.65,4.79,974.8,40.3,Healthy
42.43,29.23,55.26,38.73,30.75,18.97,5.06,953.6,41.62,Root_Rot
13.08,77.78,56.7,27.28,18.26,34.07,7.24,325.9,39.17,Healthy
24.3,62.51,24.38,42.53,32.45,40.52,5.92,670.8,43.42,Healthy
16.62,38.15,54.56,18.86,45.85,35.0,5.13,501.7,38.96,Root_Rot
21.26,88.54,46.0,14.22,19.85,26.11,6.23,277.8,32.06,Powdery_Mildew
31.57,89.56,40.29,45.66,22.01,21.63,7.67,432.5,39.97,Bacterial_Leaf_Spot
23.02,90.45,61.56,41.37,12.14,19.84,7.23,571.3,48.73,Rust
23.88,84.94,31.73,46.88,38.61,31.55,7.5,300.4,45.72,Powdery_Mildew
19.85,91.54,56.3,27.32,40.78,34.57,6.59,723.9,47.79,Rust
36.01,45.04,53.89,13.96,32.45,12.95,5.1,287.9,33.05,Root_Rot
24.41,90.91,26.03,37.82,18.75,33.05,7.93,491.6,47.72,Healthy
12.71,58.06,53.73,26.25,20.16,36.93,5.33,833.4,47.84,Root_Rot
28.74,89.86,62.96,29.84,20.38,36.27,6.23,652.4,42.72,Early_Blight
20.85,68.0,17.17,22.04,51.3,18.51,6.57,569.4,36.18,Healthy
24.5,81.66,51.35,33.88,31.63,13.14,7.9,328.8,38.58,Powdery_Mildew
32.23,84.05,10.82,46.34,26.35,22.98,7.61,464.0,40.6,Powdery_Mildew
22.61,93.16,52.83,17.48,21.5,13.71,6.71,618.7,39.77,Rust
36.75,31.3,59.31,42.65,18.06,46.67,5.29,458.1,45.63,Root_Rot
13.67,41.91,12.96,44.24,30.95,23.07,6.62,815.6,40.07,Healthy
23.31,90.3,61.69,41.25,11.66,20.59,7.24,541.7,56.23,Rust
33.99,40.39,33.2,45.68,20.59,17.13,7.89,707.0,42.8,Healthy
16.51,81.07,58.37,27.66,26.71,16.2,5.65,266.4,34.27,Root_Rot
28.66,84.73,60.75,24.68,48.98,20.04,5.24,716.3,42.5,Root_Rot
16.65,69.87,59.89,33.58,27.81,36.5,7.33,350.6,55.09,Healthy
13.23,25.71,58.95,46.91,20.85,47.79,4.83,502.4,43.55,Root_Rot
38.45,71.05,30.75,22.94,26.12,36.81,6.56,922.8,41.65,Early_Blight
21.07,87.59,40.74,22.78,15.86,27.17,7.38,294.3,39.04,Powdery_Mildew
13.57,49.03,13.7,40.56,45.59,30.39,5.87,364.8,34.23,Healthy
26.88,49.08,53.02,27.15,33.33,27.4,5.82,939.0,41.22,Healthy
20.47,84.67,61.36,43.06,49.28,47.38,8.1,391.8,57.65,Rust
35.81,78.93,30.69,18.61,44.88,16.88,6.6,811.0,42.07,Early_Blight
21.55,81.83,40.94,24.38,38.16,32.45,7.69,260.7,44.64,Powdery_Mildew
37.27,45.44,56.85,26.3,41.5,26.16,4.83,379.2,40.69,Root_Rot
14.7,38.38,58.26,20.87,37.52,36.11,6.74,660.7,45.82,Healthy
21.76,90.39,52.23,27.29,36.14,50.62,8.0,735.2,54.51,Rust
27.18,87.23,33.58,47.07,25.47,23.69,7.82,454.0,45.35,Bacterial_Leaf_Spot
14.54,49.9,45.21,34.3,24.71,37.63,5.26,809.8,41.69,Rust
19.0,69.47,42.84,14.16,47.5,27.66,6.13,865.6,43.37,Healthy
18.48,43.39,16.02,33.89,31.04,17.25,6.38,755.1,39.71,Healthy
31.92,88.9,40.43,31.79,25.16,37.68,4.92,482.2,40.05,Early_Blight
26.69,92.14,60.68,13.38,35.48,23.3,6.3,899.6,49.79,Early_Blight
30.1,36.96,27.77,48.29,25.23,20.09,5.61,377.8,36.93,Healthy
34.84,27.31,58.13,16.72,15.65,10.18,6.35,221.9,39.4,Healthy
25.26,75.45,43.72,20.77,42.48,27.05,8.13,680.0,46.58,Early_Blight
37.18,73.71,20.89,22.21,37.12,21.92,7.25,468.8,34.51,Early_Blight
39.75,64.43,55.71,18.12,12.46,27.71,5.0,926.2,46.3,Root_Rot
35.61,61.94,10.55,24.48,41.03,36.88,5.79,244.4,34.95,Healthy
22.59,43.28,39.84,15.87,19.15,37.01,6.07,279.4,37.02,Healthy
38.06,72.49,42.8,15.28,39.92,44.28,5.21,530.1,43.32,Early_Blight
36.37,28.08,58.8,46.74,21.89,38.16,5.51,769.3,39.88,Root_Rot
30.44,67.63,58.47,9.65,16.73,13.11,8.1,725.5,38.55,Early_Blight
21.17,91.62,24.47,40.35,21.98,45.03,6.22,267.3,42.36,Powdery_Mildew
37.37,85.89,46.83,46.25,28.75,36.08,7.75,227.3,48.91,Bacterial_Leaf_Spot
13.61,55.55,34.78,11.42,43.82,13.33,5.3,414.5,33.94,Healthy
25.99,81.67,33.0,46.64,12.03,40.9,7.7,334.4,45.85,Powdery_Mildew
26.42,36.87,52.93,31.63,36.83,36.63,6.86,961.7,45.65,Healthy
35.86,86.27,30.74,41.29,22.59,14.27,6.21,266.1,39.74,Healthy
38.11,87.86,50.39,22.23,45.36,34.78,7.73,893.0,52.3,Early_Blight
23.71,85.57,58.26,34.36,29.03,35.94,5.63,746.0,45.36,Root_Rot
39.77,87.75,31.28,17.02,43.47,37.36,6.46,814.9,42.05,Early_Blight
20.38,92.58,49.52,23.77,14.2,15.02,6.94,970.9,47.27,Rust
39.58,48.0,63.58,30.94,23.55,43.0,6.26,524.2,45.6,Healthy
26.08,93.47,17.23,30.61,44.59,14.77,8.07,631.2,44.4,Early_Blight
21.4,27.23,58.0,38.02,30.8,29.05,5.18,712.9,43.71,Root_Rot
36.71,89.2,37.83,25.95,28.86,15.52,6.46,776.4,36.0,Early_Blight
18.43,84.39,55.07,12.84,26.79,49.41,7.75,458.0,47.14,Rust
13.39,29.15,14.12,34.36,37.5,37.85,6.35,394.8,36.79,Healthy
28.07,83.54,47.75,44.78,22.74,12.57,7.71,490.9,48.2,Bacterial_Leaf_Spot
33.66,90.4,27.04,33.88,28.36,48.9,6.5,350.2,44.37,Early_Blight
33.46,91.32,43.96,12.33,44.02,23.37,7.01,511.7,43.44,Early_Blight
35.87,71.33,19.73,23.23,22.84,49.66,6.92,893.6,41.57,Early_Blight
22.09,51.13,56.96,33.84,27.97,23.87,5.78,615.6,46.47,Root_Rot
20.59,89.5,17.4,31.47,44.99,20.74,7.84,271.2,39.92,Powdery_Mildew
33.06,27.13,42.13,32.82,22.18,38.28,4.89,538.9,31.58,Healthy
22.31,89.33,49.84,48.41,21.4,45.05,7.77,949.2,54.57,Rust
22.92,67.04,51.3,14.65,23.74,48.51,5.71,276.6,34.49,Root_Rot
41.92,68.78,60.65,31.07,26.64,23.24,7.31,323.4,47.15,Early_Blight
32.43,83.52,59.85,20.9,47.32,34.73,7.66,233.4,49.3,Early_Blight
22.81,93.11,61.83,22.7,21.46,25.64,7.04,725.3,52.61,Rust
22.32,65.33,25.45,10.41,47.83,16.92,6.88,462.7,34.82,Healthy
28.97,41.66,19.92,40.16,43.34,42.51,6.3,467.5,43.73,Healthy
16.91,83.97,52.84,42.03,33.81,37.21,6.63,791.7,47.57,Rust
16.71,95.92,16.23,23.64,19.13,47.96,7.95,223.1,46.81,Healthy
24.76,92.53,57.28,49.63,18.63,28.92,7.58,193.2,41.47,Powdery_Mildew
21.86,91.36,37.1,13.16,27.89,16.84,5.47,282.7,28.0,Powdery_Mildew
20.77,86.77,51.48,32.73,45.88,15.61,6.99,552.4,50.82,Rust
21.62,28.16,32.15,14.63,37.66,9.88,6.12,421.2,33.68,Healthy
41.0,83.75,42.55,27.94,11.7,43.45,7.52,961.1,42.98,Early_Blight
15.66,56.58,38.48,11.65,48.35,47.17,7.84,349.2,38.76,Healthy
31.26,70.86,25.26,11.67,24.23,11.34,6.86,363.0,35.91,Early_Blight
33.02,66.52,23.23,40.24,21.48,45.97,7.49,633.6,49.04,Healthy
20.63,90.1,55.44,18.89,23.88,38.03,6.99,851.1,49.08,Rust
37.82,78.87,32.93,15.04,24.5,43.58,5.79,959.0,39.42,Early_Blight
31.5,91.79,11.2,45.61,37.28,11.58,7.48,603.5,34.61,Bacterial_Leaf_Spot
23.71,83.72,54.82,44.75,21.38,20.22,7.76,267.2,48.91,Powdery_Mildew
20.75,58.69,27.36,19.38,39.76,26.77,6.37,406.8,27.29,Healthy
34.98,37.56,52.42,30.42,11.96,16.59,5.72,266.9,40.33,Root_Rot
41.26,86.78,64.09,50.69,19.68,45.04,7.76,179.6,50.57,Bacterial_Leaf_Spot
21.31,82.99,54.1,47.37,33.99,48.17,6.05,310.2,50.15,Powdery_Mildew
25.75,87.95,7.72,22.06,14.39,26.5,5.42,346.5,26.57,Powdery_Mildew
11.92,95.01,24.46,48.3,15.71,16.75,7.02,510.7,39.56,Healthy
28.36,82.09,53.62,39.93,28.01,25.76,4.89,624.9,44.69,Root_Rot
34.81,41.13,42.22,25.96,36.38,30.53,6.81,305.9,41.98,Healthy
13.25,75.77,51.65,19.03,32.08,28.09,5.38,262.4,37.22,Root_Rot
22.17,81.44,26.11,43.45,24.48,22.54,6.09,241.2,27.69,Powdery_Mildew
13.72,75.96,32.3,18.33,10.27,30.13,7.03,527.3,39.17,Healthy
28.35,37.66,64.58,11.48,10.34,22.62,4.95,984.5,30.93,Root_Rot
32.88,54.22,9.03,30.41,34.02,38.48,7.83,292.6,40.66,Healthy
39.73,34.8,33.27,11.45,15.05,12.47,5.39,243.7,23.32,Healthy
23.93,60.41,51.53,40.12,46.64,21.12,5.01,928.5,47.69,Root_Rot
22.67,83.05,19.09,20.72,32.11,26.5,5.78,308.4,31.88,Powdery_Mildew
18.94,66.8,63.52,41.26,29.48,38.85,5.1,229.5,44.83,Root_Rot
37.71,92.1,12.08,11.97,26.38,17.33,6.71,855.2,34.95,Early_Blight
38.84,56.6,63.96,20.42,18.96,26.9,5.15,833.1,40.4,Root_Rot
38.42,76.55,28.18,14.31,22.89,46.67,7.82,719.6,38.48,Early_Blight
17.86,47.31,60.73,30.86,17.26,13.59,5.94,274.5,42.02,Healthy
23.98,84.72,57.7,23.1,28.26,13.68,7.26,320.3,39.89,Powdery_Mildew
39.19,79.45,17.2,33.76,17.35,48.54,6.89,597.6,39.57,Early_Blight
15.04,70.59,61.04,29.61,48.52,15.57,7.28,743.7,47.46,Healthy
30.7,69.89,8.52,23.74,15.27,47.42,5.26,975.6,40.85,Early_Blight
33.38,91.99,20.69,45.53,30.54,36.38,7.82,556.7,41.64,Root_Rot
23.43,83.22,50.76,33.24,30.9,11.6,8.01,335.8,39.41,Early_Blight
21.75,88.46,64.29,22.76,28.82,17.26,6.03,268.6,41.44,Powdery_Mildew
19.26,65.03,26.98,33.1,15.75,12.14,7.3,988.3,38.64,Healthy
27.82,62.77,34.94,45.88,27.26,29.25,7.87,913.8,57.05,Healthy
40.25,76.82,8.83,30.21,49.02,17.78,7.42,286.0,37.42,Early_Blight
11.37,75.37,41.41,48.9,30.62,48.22,7.07,269.3,49.39,Healthy
17.26,89.5,52.73,23.62,48.92,24.54,5.88,853.8,45.59,Rust
19.91,89.7,58.07,45.51,28.78,16.95,6.09,921.7,57.05,Rust
15.54,62.41,63.53,31.61,31.68,34.83,7.88,225.4,51.54,Healthy
14.59,54.87,59.91,18.19,43.54,41.33,5.61,268.8,44.66,Root_Rot
20.21,75.01,57.26,21.02,24.83,12.76,5.29,844.5,34.73,Root_Rot
24.88,75.82,23.16,33.71,28.23,29.69,6.07,808.4,40.53,Early_Blight
18.22,89.86,50.78,30.42,24.52,15.04,8.02,569.7,37.75,Rust
23.34,88.69,27.17,30.33,40.93,20.03,7.96,293.8,34.27,Powdery_Mildew
20.84,91.06,54.41,36.44,19.33,30.74,7.59,941.3,45.6,Rust
23.83,61.22,53.32,33.28,26.03,20.73,6.64,243.7,44.61,Healthy
25.89,39.28,37.84,46.57,34.67,31.16,7.47,637.8,46.81,Healthy
32.75,83.47,52.01,48.38,35.94,18.21,7.77,425.6,47.34,Bacterial_Leaf_Spot
21.4,86.98,19.38,48.24,27.65,20.14,7.54,278.6,35.84,Powdery_Mildew
36.87,31.19,43.18,37.01,28.73,39.9,8.15,740.1,47.21,Healthy
20.98,89.95,54.33,40.04,18.6,30.53,8.18,887.9,54.9,Rust
24.21,89.69,54.83,29.52,35.92,47.2,6.3,978.8,55.81,Early_Blight
27.37,74.58,40.2,34.22,41.29,25.87,4.78,593.8,43.69,Early_Blight
18.95,53.96,51.51,18.09,49.78,19.91,5.06,551.1,38.59,Root_Rot
33.27,41.83,61.35,38.45,38.56,19.11,7.66,778.1,50.82,Healthy
14.97,55.9,56.6,40.2,22.35,33.68,5.39,858.3,49.89,Root_Rot
39.69,44.0,22.5,11.98,15.87,18.95,5.5,979.8,33.43,Healthy
34.3,70.71,48.03,29.7,39.19,29.12,5.34,560.9,44.92,Early_Blight
32.99,76.12,11.2,30.71,17.66,49.95,7.16,633.9,41.61,Early_Blight
26.95,88.16,14.93,36.5,18.59,14.82,8.07,360.3,38.11,Bacterial_Leaf_Spot
21.04,89.48,36.12,23.79,26.29,12.99,6.17,258.5,27.52,Powdery_Mildew
24.59,90.33,50.6,47.61,43.0,22.85,7.57,217.9,47.81,Powdery_Mildew
30.27,59.55,42.96,19.36,24.01,42.45,7.61,468.8,41.77,Healthy
22.76,50.63,58.9,34.08,27.52,26.17,5.73,626.7,43.11,Bacterial_Leaf_Spot
23.62,81.91,25.36,36.52,16.62,37.8,5.71,355.5,39.6,Healthy
33.85,64.36,39.25,28.42,36.26,31.07,5.39,549.2,42.64,Healthy
30.76,58.21,52.73,19.79,11.68,38.2,6.32,603.0,38.04,Healthy
38.95,95.2,56.46,40.56,17.17,21.49,5.11,376.9,39.13,Root_Rot
14.6,90.87,59.38,35.67,14.11,46.5,6.94,436.0,42.77,Powdery_Mildew
22.13,44.48,11.65,37.42,21.06,27.52,6.5,883.6,34.0,Healthy
35.7,30.16,47.41,30.69,45.27,10.52,5.36,758.5,41.12,Healthy
17.1,88.75,49.88,29.6,24.65,18.66,8.07,607.8,47.58,Rust
20.7,25.52,24.47,12.62,47.58,14.52,5.03,682.8,30.5,Healthy
34.07,69.79,20.35,28.09,25.64,22.7,6.01,873.7,35.6,Early_Blight
22.61,81.73,39.36,47.6,40.29,46.96,7.66,330.1,51.18,Powdery_Mildew
36.91,69.03,15.97,25.66,21.96,12.5,8.04,683.5,39.76,Early_Blight
29.56,84.16,24.27,19.31,37.13,11.38,8.12,752.9,38.36,Early_Blight
23.38,95.74,59.94,45.07,41.72,36.33,7.33,591.6,57.87,Rust
24.37,82.46,58.07,17.43,14.15,38.82,6.57,489.3,43.15,Early_Blight
22.15,37.77,19.17,36.21,15.62,14.35,7.89,455.4,34.62,Healthy
22.05,88.08,46.14,15.58,33.44,18.93,7.13,303.6,44.75,Powdery_Mildew
27.2,80.68,51.45,45.69,28.03,36.59,7.6,619.0,54.04,Powdery_Mildew
28.64,81.85,57.15,23.45,17.75,30.69,6.63,857.6,52.71,Early_Blight
36.63,35.81,41.89,10.54,24.85,39.29,6.54,773.9,43.11,Healthy
37.91,46.55,40.97,28.92,21.76,29.01,6.01,878.6,36.54,Healthy
25.98,55.69,50.37,13.68,49.21,29.43,5.45,734.8,38.68,Root_Rot
26.51,83.17,56.11,14.6,23.63,29.68,7.02,993.7,48.35,Early_Blight
16.73,66.25,23.92,40.33,14.0,44.25,5.81,491.1,33.87,Healthy
13.87,80.51,14.54,24.51,44.97,44.95,4.95,578.6,39.4,Rust
20.66,61.09,18.77,44.67,31.07,18.67,6.08,945.9,37.68,Healthy
40.44,85.76,56.59,25.84,20.41,50.0,5.55,772.3,56.83,Root_Rot
30.39,89.35,47.35,50.04,11.68,48.09,7.84,253.7,56.42,Healthy
14.28,91.34,60.36,31.86,15.86,45.43,6.61,445.4,45.36,Rust
17.67,88.09,48.44,50.52,24.6,14.55,6.73,424.7,43.83,Rust
21.12,90.85,41.19,12.14,38.64,38.91,6.26,336.0,42.56,Powdery_Mildew
28.42,81.39,19.97,47.06,35.27,45.45,7.39,726.6,43.51,Bacterial_Leaf_Spot
26.23,80.94,25.03,34.83,39.48,14.81,5.05,338.4,31.19,Early_Blight
28.99,89.94,65.96,22.09,47.0,19.57,5.49,640.1,46.04,Root_Rot
34.56,56.57,13.21,25.87,37.88,29.55,7.67,725.4,39.95,Healthy
33.78,88.22,64.96,17.73,27.15,23.5,6.43,218.1,33.62,Early_Blight
21.88,86.32,43.39,42.55,13.17,34.63,6.82,224.2,47.5,Powdery_Mildew
23.13,81.1,58.31,24.08,11.02,15.68,5.58,976.4,41.48,Early_Blight
33.73,53.06,54.36,17.23,17.77,41.56,6.15,526.0,42.66,Healthy
19.47,86.39,55.93,40.04,38.29,33.44,6.87,765.3,45.78,Rust
31.61,71.91,44.37,18.02,18.65,47.38,7.77,214.8,37.96,Early_Blight
36.47,73.64,38.24,42.56,48.18,47.8,5.86,246.9,45.31,Healthy
20.95,39.16,15.05,42.37,20.11,32.23,6.56,908.7,42.09,Healthy
21.27,86.08,39.34,24.3,16.41,24.08,7.2,308.2,34.35,Powdery_Mildew
33.65,81.97,22.87,47.53,10.17,25.44,7.8,595.6,42.96,Bacterial_Leaf_Spot
33.76,67.56,28.02,11.82,38.01,24.84,6.01,249.5,33.05,Early_Blight
23.4,91.04,55.26,25.73,18.81,47.28,5.44,267.7,44.88,Root_Rot
21.09,30.15,52.57,32.45,28.28,36.82,4.82,992.3,38.2,Root_Rot
25.43,81.65,32.42,46.03,20.57,38.09,7.48,259.3,48.24,Powdery_Mildew
31.18,65.91,8.13,23.45,47.89,10.65,7.19,728.3,36.69,Early_Blight
30.37,68.6,14.14,12.54,12.38,24.0,6.83,804.8,33.21,Early_Blight
21.71,89.67,53.11,40.95,25.58,38.83,7.83,486.0,54.67,Rust
15.34,86.82,52.28,44.75,11.07,20.22,7.96,721.7,48.2,Bacterial_Leaf_Spot
33.02,80.95,34.99,13.76,49.01,10.95,7.61,445.9,45.92,Early_Blight
39.48,70.03,27.85,26.84,13.39,40.65,7.93,994.5,44.39,Early_Blight
34.05,75.78,43.22,35.08,49.82,23.42,6.4,696.4,42.49,Early_Blight
24.64,84.56,57.04,23.47,31.53,13.83,7.45,331.8,47.47,Powdery_Mildew
23.91,73.38,36.62,12.13,39.62,31.38,6.26,513.9,41.37,Healthy
38.4,34.13,56.17,31.39,44.08,11.0,5.12,903.0,40.61,Root_Rot
23.92,86.28,47.54,11.95,30.09,16.16,7.29,312.4,36.86,Powdery_Mildew
37.19,70.36,10.75,14.69,45.03,36.65,7.75,944.4,48.21,Early_Blight
30.48,34.06,34.55,41.84,27.71,44.67,5.07,261.2,42.17,Healthy
22.51,82.96,24.96,42.86,39.44,16.33,5.45,226.5,34.93,Powdery_Mildew
16.75,66.88,22.22,22.53,18.39,30.47,8.12,747.5,41.8,Healthy
31.12,83.96,53.82,46.51,15.33,46.26,7.42,831.7,46.36,Bacterial_Leaf_Spot
23.7,28.36,46.96,43.21,20.78,44.0,6.23,391.0,43.01,Healthy
15.78,91.47,50.89,21.8,35.77,21.39,7.11,843.6,42.41,Rust
33.5,68.82,23.39,48.18,42.63,15.47,6.4,789.0,44.92,Healthy
26.39,88.88,32.03,46.41,40.35,39.8,7.79,719.1,49.48,Bacterial_Leaf_Spot
40.49,36.33,55.6,18.52,47.04,28.3,5.63,763.8,44.39,Root_Rot
35.02,70.72,24.58,36.7,45.95,14.5,7.36,743.5,46.7,Healthy
26.8,67.85,57.8,34.71,40.99,42.49,5.93,575.7,44.31,Early_Blight
35.39,70.92,23.79,32.54,17.7,43.26,5.09,700.8,40.44,Early_Blight
21.46,86.5,33.09,38.72,35.69,41.17,6.02,282.4,37.27,Powdery_Mildew
38.14,75.38,20.68,26.14,16.98,30.01,6.57,573.0,27.59,Early_Blight
33.43,66.63,63.49,33.02,43.4,31.56,6.06,517.2,48.36,Early_Blight
22.98,92.32,43.21,30.52,27.26,40.9,7.27,212.5,48.99,Powdery_Mildew
20.06,87.68,36.8,28.27,21.92,12.76,6.33,294.7,37.11,Powdery_Mildew
35.68,53.27,12.9,24.52,22.5,23.77,7.71,596.1,44.09,Healthy
32.18,66.83,23.63,41.32,21.61,46.75,7.37,622.4,45.07,Healthy
26.21,83.2,18.15,28.38,47.62,32.68,6.44,557.3,42.22,Early_Blight
21.31,90.35,42.52,15.53,19.25,26.19,6.36,267.6,39.69,Powdery_Mildew
38.21,76.54,51.19,38.02,37.56,23.61,7.46,888.4,48.21,Bacterial_Leaf_Spot
23.58,33.43,44.38,30.33,22.18,34.3,6.33,533.1,37.33,Healthy
12.72,86.39,61.63,20.17,29.16,38.03,4.92,768.7,48.18,Root_Rot
20.92,86.32,63.21,38.16,11.8,17.87,6.86,431.5,42.9,Rust
30.98,24.17,17.78,30.01,24.16,43.15,7.3,663.2,36.56,Healthy
25.42,88.61,13.13,21.41,12.96,25.82,5.53,321.8,30.09,Powdery_Mildew
20.78,86.28,28.26,16.61,17.85,48.99,6.43,228.3,34.19,Powdery_Mildew
28.38,39.76,18.9,12.2,27.69,16.64,7.64,991.3,30.26,Healthy
41.3,81.8,55.65,43.03,38.02,18.78,5.07,966.2,42.8,Root_Rot
36.64,88.12,9.73,25.11,34.9,33.16,7.56,702.0,37.77,Early_Blight
18.9,89.65,56.74,16.67,30.9,13.68,7.24,476.5,39.98,Rust
40.18,53.79,58.8,12.6,43.98,26.47,6.57,497.2,45.82,Healthy
21.89,89.86,52.12,15.84,36.14,20.33,6.69,779.7,51.0,Rust
35.94,84.34,54.5,27.44,44.45,29.27,5.46,601.3,45.78,Root_Rot
25.32,85.99,22.47,42.35,46.11,17.64,6.04,245.4,40.82,Powdery_Mildew
40.95,36.4,43.68,18.64,12.8,32.18,7.43,269.8,34.85,Healthy
20.43,53.64,18.07,30.83,31.82,29.49,8.11,837.5,50.45,Healthy
35.74,52.66,58.05,46.7,16.86,49.83,6.85,465.4,47.37,Healthy
14.29,62.81,9.52,22.38,43.32,10.64,6.99,907.5,39.52,Healthy
21.04,46.35,56.17,47.51,40.76,46.31,5.5,872.4,48.25,Root_Rot
42.02,35.87,30.6,35.22,12.08,27.97,6.37,522.1,39.44,Healthy
32.67,71.53,11.4,35.49,23.2,24.33,7.8,229.0,40.52,Healthy
32.06,34.47,30.14,18.91,11.21,20.47,5.69,622.9,40.98,Healthy
39.66,34.82,25.59,48.11,13.82,38.34,6.21,770.6,39.86,Healthy
28.22,44.06,18.13,43.54,36.0,38.21,6.44,470.4,39.22,Healthy
32.74,75.32,41.23,41.81,27.1,16.8,5.97,595.9,39.98,Healthy
22.28,85.78,26.23,39.8,20.44,36.95,6.02,344.2,38.34,Powdery_Mildew
31.25,85.51,48.42,46.99,31.01,43.14,7.26,389.5,49.87,Bacterial_Leaf_Spot
19.0,85.7,50.56,36.44,22.71,50.62,7.46,726.4,55.51,Rust
32.08,82.4,61.22,45.46,19.94,17.68,7.74,622.6,51.58,Bacterial_Leaf_Spot
22.33,51.47,57.73,30.34,20.23,20.8,5.2,273.8,34.87,Root_Rot
21.75,91.04,49.87,23.56,23.81,29.53,6.05,912.9,43.42,Rust
31.12,90.49,37.72,49.52,37.61,48.23,7.39,329.7,42.27,Bacterial_Leaf_Spot
20.89,91.19,60.41,18.55,30.29,12.95,6.74,538.5,44.05,Rust
41.05,82.24,18.69,23.47,47.82,21.29,6.23,313.1,35.53,Early_Blight
19.61,83.77,24.01,41.15,36.3,11.97,5.36,242.9,28.21,Healthy
21.89,90.76,42.55,18.12,18.76,26.34,5.0,251.4,37.86,Powdery_Mildew
30.86,88.58,64.65,46.6,19.48,36.85,7.56,321.1,56.33,Bacterial_Leaf_Spot
28.09,84.74,40.75,46.4,26.49,35.6,7.92,887.8,54.66,Bacterial_Leaf_Spot
18.84,80.05,53.42,43.76,22.43,46.82,5.68,297.8,46.39,Root_Rot
16.3,85.03,62.92,15.24,27.51,38.95,6.82,686.5,55.99,Rust
40.87,83.96,34.24,27.28,43.85,12.43,7.07,831.2,50.31,Early_Blight
21.03,81.37,49.86,46.67,20.9,39.21,6.18,625.1,47.18,Rust
22.0,83.08,56.37,40.67,33.02,40.47,5.23,330.1,47.57,Root_Rot
27.17,91.55,52.87,22.42,45.77,26.79,4.88,633.7,37.04,Root_Rot
24.87,39.5,65.73,12.34,11.07,11.15,5.51,930.4,40.26,Root_Rot
19.99,86.7,35.34,44.71,27.02,14.96,5.76,235.8,35.19,Healthy
19.15,59.62,60.4,17.86,40.13,15.79,8.3,317.9,38.55,Healthy
14.01,67.63,20.08,29.87,48.62,23.73,4.77,374.5,31.92,Healthy
25.78,91.59,34.05,19.14,37.35,21.33,5.3,933.0,39.13,Early_Blight
35.14,79.49,31.56,38.26,34.4,10.86,5.88,420.1,34.42,Healthy
30.8,63.91,35.65,43.38,24.45,36.26,5.5,1009.3,44.61,Healthy
25.03,83.19,34.75,47.71,14.6,48.47,7.68,319.7,41.45,Powdery_Mildew
23.51,81.24,13.3,35.08,47.21,44.52,6.41,224.6,36.34,Powdery_Mildew
18.78,93.21,48.59,14.19,46.38,36.53,7.42,406.6,43.85,Rust
29.98,90.73,58.51,33.92,47.56,47.8,5.11,488.6,52.95,Root_Rot
17.0,42.66,15.86,16.86,17.53,46.75,6.75,957.6,42.42,Healthy
15.33,31.25,35.14,19.47,46.54,14.35,6.98,438.5,40.51,Healthy
31.62,89.63,61.85,45.74,39.77,27.4,7.94,419.2,57.53,Bacterial_Leaf_Spot
38.92,88.45,28.91,19.38,25.41,15.65,7.14,487.9,36.67,Early_Blight
20.09,27.76,20.03,40.7,20.31,31.46,4.88,383.3,30.93,Healthy
36.38,51.54,58.21,14.64,25.37,12.48,4.86,468.6,37.7,Root_Rot
31.6,27.42,26.32,28.93,49.25,46.21,7.19,716.9,45.4,Healthy
26.53,30.45,62.6,27.4,29.31,50.64,4.86,351.7,42.07,Root_Rot
41.61,92.69,36.87,25.72,41.91,25.43,5.74,766.1,44.57,Early_Blight
39.06,70.46,20.63,46.21,37.05,45.84,7.5,750.7,50.23,Healthy
22.34,94.15,22.24,16.44,21.98,46.71,7.49,319.2,40.59,Powdery_Mildew
17.91,24.95,42.41,28.31,20.77,17.47,5.07,635.0,36.87,Healthy
35.87,40.18,24.49,43.52,24.49,13.29,5.4,879.9,29.6,Healthy
16.64,52.57,62.19,27.69,22.13,33.05,5.05,552.0,41.99,Root_Rot
22.23,83.22,47.62,45.87,21.08,39.37,5.97,632.9,43.99,Healthy
37.06,79.01,40.27,28.13,23.19,40.84,6.94,617.9,42.76,Early_Blight
24.83,93.75,60.12,11.96,42.46,46.88,7.82,335.0,54.74,Powdery_Mildew
37.12,85.49,52.35,15.21,33.27,26.5,5.81,662.0,44.58,Rust
30.28,75.4,57.26,15.65,21.74,18.46,7.53,229.4,45.48,Early_Blight
18.82,93.45,35.0,23.38,22.17,22.48,5.8,1003.3,41.56,Healthy
21.66,91.3,39.98,12.24,40.57,38.87,6.28,327.8,45.45,Powdery_Mildew
18.16,43.44,9.52,32.1,32.17,47.63,6.81,940.6,39.81,Healthy
22.66,91.0,56.88,30.94,28.87,18.3,6.11,766.2,40.54,Rust
23.9,80.04,51.62,28.04,37.56,15.43,5.13,433.5,36.08,Root_Rot
28.77,88.56,27.76,46.58,26.04,19.33,7.56,417.5,51.39,Bacterial_Leaf_Spot
12.79,89.82,60.21,31.43,28.04,49.17,7.25,841.2,53.44,Rust
21.19,91.18,44.97,14.35,20.63,28.3,6.41,263.9,48.03,Powdery_Mildew
16.28,67.23,9.34,11.33,43.28,44.79,7.87,564.3,42.16,Healthy
23.78,83.44,27.12,38.56,15.59,40.32,5.5,334.3,37.6,Powdery_Mildew
22.61,85.97,50.62,13.39,30.38,19.53,7.45,296.8,45.5,Powdery_Mildew
27.17,81.34,24.87,47.7,15.12,35.38,7.47,781.0,45.04,Bacterial_Leaf_Spot
40.14,91.93,56.46,11.82,45.71,27.86,7.92,601.7,50.78,Early_Blight
37.04,76.88,49.1,12.52,20.59,12.6,6.12,720.6,40.47,Early_Blight
21.5,87.07,40.51,40.74,14.04,36.12,6.61,243.6,43.1,Powdery_Mildew
21.71,83.43,53.7,12.89,26.68,32.6,6.23,246.5,38.65,Powdery_Mildew
34.49,53.49,58.53,42.87,28.87,31.6,6.58,969.7,55.08,Healthy
24.38,83.44,52.62,23.01,31.31,41.91,6.7,618.5,46.74,Early_Blight
25.44,76.55,35.57,28.48,17.89,18.84,6.67,248.2,38.06,Early_Blight
13.33,90.13,22.4,19.29,17.36,37.34,7.27,756.5,37.99,Healthy
19.94,56.59,61.14,29.0,15.67,29.91,5.58,417.7,40.89,Root_Rot
27.61,86.32,62.35,49.54,40.38,27.12,7.57,375.0,54.5,Bacterial_Leaf_Spot
15.78,88.64,57.32,43.97,22.97,38.99,6.52,377.9,49.53,Rust
21.11,85.01,37.9,26.94,16.15,17.73,7.09,294.9,36.44,Powdery_Mildew
20.95,71.7,61.05,43.19,44.46,22.02,5.28,866.6,48.43,Root_Rot
27.95,92.27,37.04,49.43,48.74,48.39,7.57,274.0,55.33,Bacterial_Leaf_Spot
30.35,67.51,51.86,16.35,48.82,24.9,6.53,844.3,38.95,Early_Blight
27.7,33.7,54.37,16.39,29.3,39.64,5.22,626.2,37.25,Root_Rot
21.82,77.2,43.39,36.67,30.52,49.08,5.88,958.3,48.45,Healthy
15.92,56.41,10.33,48.81,15.9,29.69,7.5,365.1,35.76,Healthy
23.39,91.64,31.47,43.64,30.91,25.3,7.29,302.8,44.84,Powdery_Mildew
24.71,41.56,59.82,21.8,41.14,46.17,7.34,608.3,49.46,Healthy
31.6,86.62,25.75,20.42,29.01,13.17,6.31,678.0,37.7,Early_Blight
24.5,81.01,24.17,36.82,37.74,13.28,5.14,329.0,28.79,Powdery_Mildew
38.01,73.69,63.01,17.3,39.75,15.06,7.12,509.3,52.4,Early_Blight
14.66,46.73,31.73,30.21,19.09,41.49,5.95,399.5,34.48,Healthy
28.91,66.35,58.6,30.51,42.27,48.73,7.19,690.9,59.01,Early_Blight
20.43,90.0,57.18,15.97,16.65,20.88,7.52,542.5,47.71,Rust
25.24,82.89,27.02,46.58,12.92,45.38,7.75,325.5,43.18,Powdery_Mildew
23.57,90.65,30.32,32.92,43.31,21.01,7.6,291.3,42.82,Powdery_Mildew
30.76,72.58,46.75,17.54,13.12,40.03,7.17,721.5,44.56,Early_Blight
17.88,39.68,36.92,37.88,23.45,10.52,5.66,495.0,37.72,Healthy
13.85,78.9,64.06,36.18,25.78,13.18,4.99,221.3,38.73,Root_Rot
36.22,89.23,23.66,39.86,17.82,21.76,8.02,501.6,40.89,Bacterial_Leaf_Spot
24.58,82.66,24.06,47.58,14.63,41.91,7.69,334.3,46.15,Powdery_Mildew
19.78,59.0,54.31,46.1,42.81,38.27,4.82,728.2,50.13,Root_Rot
32.16,86.65,18.11,45.33,36.99,46.21,7.78,751.9,46.45,Bacterial_Leaf_Spot
40.43,72.76,64.42,27.72,15.51,15.9,5.92,963.4,51.5,Early_Blight
39.06,53.96,60.24,35.12,13.91,23.23,5.44,793.9,43.57,Root_Rot
28.99,59.65,56.18,19.04,46.48,20.83,8.01,907.9,48.57,Healthy
32.61,81.18,43.64,47.41,34.67,48.87,7.73,768.9,50.54,Bacterial_Leaf_Spot
25.85,87.76,58.53,46.95,43.72,27.15,7.59,417.4,55.65,Bacterial_Leaf_Spot
15.17,58.95,19.66,13.65,18.83,28.23,6.23,693.6,35.16,Healthy
20.25,87.13,12.28,14.03,32.82,33.97,5.46,232.0,33.2,Powdery_Mildew
13.41,90.52,62.48,28.05,18.92,46.21,6.85,238.6,42.99,Rust
25.12,88.9,16.71,29.46,47.07,41.67,7.98,624.7,45.76,Early_Blight
39.62,57.02,63.93,31.37,14.18,26.32,5.25,801.1,45.69,Root_Rot
20.3,88.91,54.67,45.23,49.0,46.78,7.06,431.9,48.35,Rust
15.04,70.6,9.73,16.64,14.7,26.13,5.5,362.8,29.53,Bacterial_Leaf_Spot
23.74,93.39,15.8,22.66,36.08,49.58,8.1,624.1,46.83,Healthy
31.57,82.46,48.4,12.53,29.7,50.02,7.83,869.1,51.76,Early_Blight
30.85,77.55,55.86,46.1,31.34,20.0,5.54,279.3,46.78,Root_Rot
31.31,82.2,45.31,21.41,45.03,24.98,7.88,380.9,43.96,Early_Blight
32.15,87.84,57.94,22.48,38.63,34.51,5.67,620.2,40.58,Root_Rot
23.83,86.6,41.54,45.73,17.29,26.33,7.71,265.6,41.74,Powdery_Mildew
18.43,84.84,53.03,20.15,24.26,36.07,7.06,808.2,46.77,Rust
34.74,68.38,10.12,10.84,18.35,30.81,7.66,600.7,33.5,Early_Blight
32.09,90.88,48.68,47.53,46.43,46.76,7.64,417.0,61.2,Bacterial_Leaf_Spot
36.79,39.15,61.7,27.13,19.66,17.17,5.8,556.6,39.47,Root_Rot
15.48,61.98,24.43,11.45,19.52,29.22,6.14,678.0,26.57,Healthy
22.11,87.74,50.46,30.59,43.54,20.06,7.23,257.6,37.78,Powdery_Mildew
26.07,51.5,48.03,37.71,37.76,25.8,7.81,227.8,45.31,Healthy
36.14,61.47,16.26,25.76,42.47,38.72,5.75,293.3,38.25,Healthy
29.51,70.08,44.46,12.29,11.41,14.15,5.79,176.8,32.77,Early_Blight
22.88,86.44,59.7,26.63,23.23,45.22,7.75,814.5,35.93,Rust
22.73,96.09,19.17,23.15,46.17,29.97,5.45,333.7,36.78,Powdery_Mildew
20.44,90.94,41.95,45.97,15.18,25.61,6.84,280.8,45.27,Powdery_Mildew
39.64,65.44,33.69,20.91,16.22,25.25,7.92,548.1,41.74,Early_Blight
41.23,78.88,31.38,18.15,37.44,35.06,6.43,885.8,42.93,Early_Blight
18.38,82.7,58.86,16.45,24.34,40.68,7.56,399.3,44.73,Rust
26.38,31.7,48.99,17.35,14.35,15.51,6.67,344.0,35.43,Healthy
12.48,83.03,51.84,45.97,22.19,18.9,5.53,415.9,38.89,Root_Rot
24.33,74.44,62.32,11.91,47.4,47.84,5.69,836.3,43.69,Root_Rot
40.11,70.9,45.44,11.57,15.82,36.52,5.61,402.5,31.55,Early_Blight
23.76,52.11,31.32,47.2,36.37,37.03,7.99,855.5,55.12,Healthy
28.36,94.7,54.59,17.48,30.86,13.62,5.22,423.1,40.24,Root_Rot
22.75,82.31,56.14,47.37,30.91,46.67,6.8,244.9,44.6,Powdery_Mildew
38.52,76.46,24.97,32.59,16.98,17.0,5.13,623.1,39.39,Early_Blight
20.2,91.97,58.49,50.19,47.16,35.78,7.87,902.3,62.5,Rust
14.71,92.47,60.43,34.44,13.76,46.35,6.77,411.7,50.43,Rust
23.62,86.15,49.17,11.78,26.1,18.63,7.49,324.5,39.39,Powdery_Mildew
23.25,87.46,29.21,47.36,39.61,29.44,7.65,246.3,43.91,Powdery_Mildew
21.66,94.09,22.51,14.68,13.21,46.95,7.15,348.0,27.43,Powdery_Mildew
22.82,89.34,18.81,40.21,13.61,24.46,5.29,339.5,29.46,Early_Blight
24.55,82.94,27.54,21.61,10.16,40.49,7.93,268.7,40.17,Powdery_Mildew
16.57,92.12,49.29,27.74,46.12,22.48,5.62,827.2,41.22,Rust
20.35,32.55,49.03,46.9,9.81,15.41,6.99,726.5,40.01,Healthy
30.54,85.15,59.06,38.16,31.63,37.16,5.43,498.7,48.95,Root_Rot
24.12,84.67,45.83,23.56,44.74,11.74,6.83,686.9,42.56,Early_Blight
18.63,60.11,59.09,47.91,46.55,19.91,5.27,893.6,49.63,Root_Rot
29.79,83.18,40.45,11.13,39.59,20.49,7.16,682.8,40.61,Early_Blight
36.22,86.24,60.93,23.5,45.25,41.93,7.26,242.0,44.64,Powdery_Mildew
32.8,82.92,61.1,36.43,18.44,40.53,7.69,878.1,51.89,Bacterial_Leaf_Spot
22.83,31.25,58.65,13.64,22.01,37.33,5.27,877.0,40.75,Root_Rot
28.48,88.31,16.07,49.32,10.43,36.51,7.61,676.8,45.4,Bacterial_Leaf_Spot
22.5,85.48,19.35,37.42,17.49,24.36,5.49,255.8,36.33,Powdery_Mildew
24.28,49.27,58.44,48.0,27.34,23.03,5.51,776.9,39.41,Root_Rot
37.16,80.54,44.65,33.75,28.77,36.42,5.22,770.4,36.88,Early_Blight
16.53,71.23,59.7,33.05,28.95,35.27,7.23,346.1,50.13,Healthy
24.02,85.25,59.91,15.02,42.9,25.81,7.01,385.7,38.14,Early_Blight
21.24,91.59,37.46,33.09,13.76,42.19,6.27,209.3,38.94,Powdery_Mildew
37.88,75.51,40.54,9.83,23.22,42.06,7.78,198.7,38.06,Early_Blight
37.05,78.6,52.72,20.67,11.28,12.63,8.06,813.4,46.71,Early_Blight
20.59,91.0,55.39,26.18,39.71,35.59,6.57,766.8,54.1,Rust
23.14,30.12,47.4,41.84,19.84,45.23,6.31,416.6,42.86,Healthy
24.7,33.23,19.04,40.85,32.15,48.34,7.27,530.9,48.68,Healthy
24.39,75.9,62.42,40.74,14.82,29.47,5.28,794.9,38.63,Root_Rot
40.73,83.93,35.07,43.02,49.03,43.33,7.98,863.3,47.2,Healthy
26.99,70.56,44.8,29.96,24.5,46.97,5.43,375.5,48.17,Early_Blight
23.72,79.56,63.32,37.36,40.38,33.75,6.67,238.7,51.11,Healthy
20.55,88.31,45.81,24.58,25.83,40.51,7.33,282.2,38.76,Powdery_Mildew
16.24,87.69,58.31,45.46,11.1,37.52,6.84,318.2,43.56,Rust
39.09,51.73,44.8,26.79,34.6,29.91,6.13,282.9,35.81,Healthy
14.38,55.06,52.84,43.72,41.24,28.07,5.56,584.9,43.5,Root_Rot
26.98,89.81,60.56,44.93,32.94,44.43,7.66,309.3,48.7,Bacterial_Leaf_Spot
12.5,41.76,12.47,13.49,34.67,20.9,5.83,547.4,34.07,Healthy
41.23,67.37,14.72,26.03,38.59,49.82,6.82,486.9,46.25,Early_Blight
23.83,87.86,29.58,31.48,37.52,20.51,8.04,327.9,46.89,Powdery_Mildew
28.04,92.05,65.12,31.28,47.2,48.9,5.06,435.7,53.75,Root_Rot
20.35,89.67,54.73,17.03,25.23,14.08,7.21,407.0,38.93,Rust
21.79,84.49,17.92,35.98,19.24,24.54,5.37,266.8,33.81,Powdery_Mildew
23.45,92.47,20.4,24.77,46.14,30.81,5.57,333.9,31.11,Powdery_Mildew
34.85,71.23,54.82,19.79,16.95,22.76,5.0,294.1,34.01,Powdery_Mildew
26.37,81.46,63.78,48.72,50.33,29.99,7.33,289.3,47.73,Bacterial_Leaf_Spot
13.62,41.55,52.07,44.59,19.6,18.43,5.27,255.7,42.33,Root_Rot
18.3,69.18,42.24,14.91,47.66,26.78,6.21,894.3,41.34,Healthy
27.95,52.0,24.35,10.19,39.98,15.15,7.07,447.6,37.08,Healthy
27.73,63.28,50.13,12.78,20.48,30.87,5.96,894.0,38.46,Healthy
38.88,54.69,62.58,31.78,34.7,39.51,5.47,368.8,40.73,Root_Rot
38.83,93.05,55.54,25.69,40.63,44.42,5.0,952.4,42.12,Root_Rot
15.95,88.45,21.76,37.37,45.78,32.28,8.14,958.0,50.04,Healthy
24.99,34.65,58.61,19.81,24.26,42.71,5.37,795.7,42.85,Root_Rot
21.68,86.07,39.18,25.76,15.73,18.36,7.07,324.9,34.47,Powdery_Mildew
22.71,62.31,14.2,49.26,29.0,40.2,5.99,665.7,41.26,Healthy
32.93,39.1,45.68,40.87,41.91,30.51,6.37,329.0,41.9,Healthy
26.8,47.68,52.72,35.89,17.72,16.26,5.43,409.8,33.72,Root_Rot
25.43,83.2,59.11,18.91,16.02,34.36,5.77,376.3,42.92,Root_Rot
18.57,88.08,51.52,13.01,46.27,33.5,6.72,476.0,45.92,Rust
32.54,37.23,63.52,12.46,17.0,20.22,4.97,427.4,33.02,Root_Rot
40.56,42.91,60.64,10.82,21.38,12.62,7.21,577.4,39.83,Healthy
28.77,54.36,63.49,36.99,24.08,21.91,4.84,880.3,42.69,Root_Rot
29.91,70.12,60.12,29.16,20.01,15.9,5.16,413.2,42.68,Root_Rot
20.01,87.52,17.9,43.55,14.84,36.28,7.59,377.2,43.79,Healthy
32.21,73.47,57.31,25.47,47.09,15.56,7.41,493.6,49.52,Early_Blight
29.13,89.93,65.98,44.65,35.53,43.02,7.86,654.3,60.27,Bacterial_Leaf_Spot
18.28,91.9,59.24,31.89,45.4,17.42,7.1,842.3,51.49,Rust
24.93,87.6,19.75,41.07,48.04,18.09,6.4,262.1,36.45,Powdery_Mildew
23.22,70.72,36.35,12.75,45.39,19.94,6.53,603.9,41.64,Healthy
21.3,90.99,50.42,41.38,28.02,17.52,6.34,844.2,48.92,Rust
41.77,82.62,58.41,23.94,12.39,32.76,7.42,247.2,48.55,Early_Blight
41.31,51.75,36.92,38.06,11.05,15.38,5.33,825.4,31.55,Healthy
36.82,87.11,31.61,39.48,21.57,14.18,6.17,232.5,32.07,Healthy
16.02,66.78,14.33,19.43,42.92,14.57,5.31,653.3,27.67,Rust
39.12,38.9,61.85,20.5,34.6,23.27,7.58,877.0,59.09,Healthy
20.95,89.55,50.93,38.62,27.16,21.78,6.35,853.8,47.4,Rust
15.77,41.36,16.98,16.9,17.21,46.44,6.65,1002.4,38.97,Healthy
24.24,82.34,47.64,48.18,35.68,29.69,7.41,784.0,51.43,Healthy
40.05,37.89,15.93,28.58,37.7,13.05,5.56,247.7,27.12,Healthy
26.21,54.88,50.51,17.22,13.57,22.54,5.79,687.1,33.8,Healthy
15.93,42.09,11.31,24.12,44.32,44.24,5.58,509.2,35.4,Healthy
18.24,91.23,57.4,16.96,34.08,47.91,6.67,599.7,51.67,Rust
34.43,70.01,54.88,24.79,46.71,37.66,5.7,307.5,47.08,Root_Rot
39.74,69.11,51.31,32.32,31.27,36.36,7.16,804.4,60.64,Early_Blight
16.84,36.04,57.98,22.11,23.39,11.85,5.28,861.1,36.49,Root_Rot
21.68,40.23,51.12,30.98,45.55,44.37,5.71,925.6,45.53,Root_Rot
23.69,80.9,36.55,29.3,17.2,17.37,7.14,320.0,33.21,Powdery_Mildew
12.48,50.35,58.86,25.41,30.08,18.78,6.16,717.6,48.43,Healthy
28.17,89.11,60.57,48.68,26.25,48.9,7.44,516.6,60.91,Bacterial_Leaf_Spot
32.39,87.13,52.41,38.41,40.93,39.67,5.95,754.0,48.12,Healthy
21.85,84.27,53.75,46.24,34.18,47.64,6.08,276.3,47.75,Powdery_Mildew
27.08,83.11,23.91,24.06,29.61,39.59,7.18,960.6,38.18,Early_Blight
38.39,39.77,25.53,37.45,16.81,19.89,6.54,964.7,34.32,Healthy
38.37,27.66,26.1,19.53,35.35,43.03,6.84,975.9,49.29,Healthy
38.87,36.2,28.48,11.2,17.06,29.86,7.55,378.7,35.64,Healthy
13.05,92.74,50.61,16.88,13.56,36.82,6.57,416.6,43.72,Rust
40.05,70.49,34.48,26.78,28.95,13.43,8.14,812.4,43.18,Early_Blight
20.74,54.0,34.94,11.71,27.15,16.47,5.41,903.6,34.11,Healthy
39.15,77.99,53.7,29.63,37.28,23.45,5.01,684.9,46.24,Root_Rot
36.81,94.52,12.53,47.68,28.35,32.59,5.7,743.7,37.31,Healthy
20.9,84.94,21.39,45.69,24.85,13.46,7.33,236.6,28.66,Powdery_Mildew
27.15,83.53,25.52,32.32,35.79,43.06,5.65,238.5,31.91,Early_Blight
23.86,83.76,41.99,46.95,34.34,49.26,5.91,317.7,49.39,Powdery_Mildew
26.1,82.88,24.15,49.39,28.91,10.23,7.27,619.9,43.7,Bacterial_Leaf_Spot
26.56,75.83,9.02,32.61,25.29,12.85,5.58,229.9,22.61,Early_Blight
32.72,25.33,44.44,30.88,38.24,42.87,5.09,568.1,36.47,Healthy
41.92,75.0,31.66,46.72,13.56,48.12,7.84,318.5,43.77,Bacterial_Leaf_Spot
18.07,42.96,49.69,17.2,21.67,44.78,6.53,671.4,39.1,Healthy
27.93,46.8,40.59,29.96,25.73,28.8,7.12,854.6,42.85,Healthy
29.69,85.56,17.15,47.19,14.7,24.91,7.75,369.0,41.65,Bacterial_Leaf_Spot
21.95,83.29,21.54,31.39,19.5,35.75,7.34,291.6,39.76,Powdery_Mildew
21.92,90.99,34.45,12.07,27.17,15.84,5.51,283.0,31.14,Powdery_Mildew
37.46,88.53,16.42,37.54,34.28,15.89,7.14,778.0,41.65,Healthy
32.52,83.15,59.28,44.91,20.53,16.76,7.77,614.1,44.61,Bacterial_Leaf_Spot
34.42,80.58,34.51,46.64,20.55,13.72,7.59,830.5,46.14,Bacterial_Leaf_Spot
12.17,37.97,41.69,38.42,48.97,46.85,5.89,818.7,43.24,Healthy
27.37,85.4,61.5,47.22,40.53,26.64,7.66,375.5,45.79,Bacterial_Leaf_Spot
22.55,82.16,30.03,27.0,20.66,32.04,6.1,314.2,41.26,Powdery_Mildew
41.61,78.12,29.38,17.54,34.02,30.81,6.13,250.4,36.39,Early_Blight
21.2,85.86,31.42,43.88,21.53,27.22,6.11,289.6,42.55,Powdery_Mildew
23.66,85.91,45.59,24.6,24.95,40.36,7.51,269.8,51.14,Powdery_Mildew
19.16,61.86,63.11,47.36,31.02,46.16,7.27,904.3,66.4,Healthy
22.19,92.04,56.55,45.55,35.9,41.1,7.33,885.2,62.41,Rust
22.48,34.35,28.84,43.22,35.52,29.62,6.14,478.2,36.25,Healthy
24.29,87.98,43.77,47.49,33.7,40.07,5.34,319.4,46.3,Powdery_Mildew
16.09,58.2,53.76,15.23,43.97,35.37,5.44,234.9,33.11,Root_Rot
17.62,85.93,51.38,19.95,22.79,39.48,8.07,892.9,54.61,Rust
20.75,90.23,54.9,16.24,35.24,46.28,7.68,782.9,51.05,Rust
38.67,81.9,42.81,31.51,19.29,15.64,5.39,710.2,42.88,Early_Blight
19.4,41.48,36.44,34.14,21.68,21.74,5.82,697.6,39.74,Healthy
14.03,54.97,61.94,34.59,41.22,14.86,5.66,271.3,41.08,Root_Rot
24.02,86.67,20.29,41.14,13.68,27.41,7.78,289.0,28.19,Powdery_Mildew
29.23,94.78,65.17,23.52,27.77,25.01,7.97,709.7,56.01,Early_Blight
39.17,93.45,55.07,30.46,44.54,33.05,7.51,980.8,57.83,Early_Blight
17.71,85.87,53.4,25.41,25.86,16.21,6.09,851.7,42.03,Rust
40.32,84.64,34.38,43.59,48.61,44.09,7.91,876.4,55.44,Bacterial_Leaf_Spot
33.63,26.28,13.58,32.43,25.5,37.28,4.79,851.6,35.63,Healthy
32.35,84.06,39.7,48.87,8.71,32.54,7.7,432.3,48.03,Bacterial_Leaf_Spot
17.08,73.45,51.99,24.1,12.11,17.84,5.17,689.4,39.71,Root_Rot
22.22,82.49,43.72,40.87,36.01,45.3,6.4,266.1,45.84,Powdery_Mildew
21.49,93.19,61.14,33.62,45.44,47.12,7.25,534.8,54.17,Rust
39.21,63.18,52.84,31.8,32.97,23.87,5.54,838.2,47.16,Root_Rot
30.57,62.27,61.86,44.91,40.9,35.5,5.2,424.8,50.57,Root_Rot
36.23,89.81,25.83,32.69,31.95,34.39,4.9,311.2,41.59,Early_Blight
21.18,81.41,25.64,46.31,33.49,29.3,5.67,642.2,39.34,Healthy
17.77,49.0,16.51,23.8,19.54,39.95,7.62,286.4,37.14,Early_Blight
26.5,31.77,57.06,24.5,23.29,40.83,5.39,818.6,39.82,Root_Rot
22.82,88.98,39.55,24.15,10.37,27.88,5.01,282.0,27.32,Rust
18.94,90.01,57.21,15.94,47.69,32.78,7.83,859.0,53.97,Rust
26.84,78.66,15.34,23.74,26.55,26.18,7.28,675.0,35.9,Early_Blight
23.33,69.89,59.04,35.52,37.59,44.72,8.01,876.7,58.56,Healthy
17.88,87.93,57.14,35.3,31.88,46.01,7.62,726.0,59.98,Rust
22.55,83.56,37.12,28.85,15.7,17.23,6.91,308.9,40.38,Powdery_Mildew
29.79,85.45,12.16,47.22,33.73,24.01,7.76,633.4,45.32,Bacterial_Leaf_Spot
37.33,79.2,56.97,29.64,43.21,32.08,5.24,566.5,48.86,Root_Rot
33.51,62.94,50.23,21.94,12.88,29.56,7.56,371.6,41.55,Healthy
16.31,83.25,50.55,25.87,35.2,34.44,7.29,871.9,52.25,Rust
12.03,35.34,62.71,19.19,47.52,37.68,6.45,252.8,44.8,Healthy
29.87,83.28,33.89,46.36,12.9,35.99,7.61,238.4,43.33,Bacterial_Leaf_Spot
38.71,91.53,35.15,21.27,12.39,45.34,5.84,685.4,39.38,Early_Blight
25.17,76.28,46.61,29.85,14.16,41.5,8.18,877.5,51.81,Early_Blight
38.43,65.89,17.97,46.33,20.87,30.65,5.58,828.2,34.65,Healthy
18.88,41.87,55.84,42.19,13.17,23.71,5.35,703.4,42.22,Root_Rot
29.71,84.55,48.16,46.93,47.15,35.12,7.7,349.9,49.27,Bacterial_Leaf_Spot
12.55,37.66,43.96,21.46,16.44,16.23,8.05,666.8,38.67,Healthy
12.17,83.71,58.86,22.29,48.28,13.69,7.21,218.3,44.34,Rust
16.38,86.72,34.03,12.34,10.1,10.3,6.03,413.3,20.3,Healthy
26.29,69.8,17.37,21.59,9.5,20.38,5.57,512.0,25.62,Powdery_Mildew
21.31,81.49,23.7,23.15,47.11,14.22,7.63,290.8,35.04,Powdery_Mildew
32.68,82.48,20.92,47.01,45.69,37.71,7.75,666.6,50.97,Bacterial_Leaf_Spot
35.99,49.35,58.32,19.19,34.66,46.01,5.4,963.0,50.49,Root_Rot
29.19,80.81,19.91,32.14,45.53,16.18,6.05,306.2,32.82,Early_Blight
30.53,77.24,37.15,39.87,15.52,28.95,5.73,887.1,33.55,Healthy
30.84,27.16,34.17,28.81,47.48,27.05,5.24,537.2,37.89,Healthy
24.36,88.93,32.62,30.6,38.85,19.94,8.05,311.9,47.02,Powdery_Mildew
31.5,69.74,60.82,44.47,43.79,22.73,5.88,570.9,45.95,Healthy
41.04,86.52,31.69,15.87,40.7,18.32,5.84,695.9,38.57,Early_Blight
26.19,45.09,58.76,32.18,30.16,40.27,5.01,292.3,51.88,Root_Rot
26.51,79.48,32.23,47.34,13.46,41.75,7.62,336.3,44.97,Bacterial_Leaf_Spot
31.01,41.3,13.9,29.55,30.49,21.0,7.37,463.9,38.53,Healthy
25.96,79.98,33.3,44.4,13.71,42.43,7.58,346.9,46.21,Bacterial_Leaf_Spot
16.22,64.77,66.18,31.54,32.79,35.21,7.88,195.5,44.75,Healthy
28.74,81.69,43.05,17.95,45.5,43.78,4.96,683.2,44.07,Early_Blight
11.47,93.59,14.23,23.96,34.07,46.56,6.06,735.0,46.05,Healthy
19.1,75.74,59.0,23.15,31.31,20.84,5.61,356.4,37.46,Root_Rot
20.5,90.28,58.52,47.83,18.28,16.5,5.88,605.3,44.39,Rust
19.61,41.3,27.88,26.27,13.05,30.91,6.32,714.4,30.53,Healthy
16.46,42.18,9.36,24.04,43.29,43.77,5.51,475.9,39.62,Healthy
20.19,86.86,35.61,40.06,11.26,33.04,7.61,437.2,40.02,Healthy
29.93,85.8,23.52,47.64,32.59,13.56,7.93,293.7,46.37,Bacterial_Leaf_Spot
26.32,68.18,29.25,32.05,29.87,13.8,6.12,304.7,37.37,Early_Blight
22.8,93.68,52.48,18.95,19.86,13.34,6.8,631.0,38.98,Rust
30.5,83.74,63.46,46.39,29.09,34.66,7.41,969.8,47.29,Bacterial_Leaf_Spot
15.96,89.5,56.1,19.64,19.64,33.67,7.04,839.0,47.38,Rust
18.86,66.54,54.9,46.11,16.32,42.14,6.86,546.3,49.2,Healthy
40.15,53.54,27.9,18.86,46.7,29.67,7.32,598.6,38.35,Healthy
14.21,85.38,26.35,28.68,24.89,15.24,7.48,687.0,48.55,Healthy
25.59,74.51,53.07,24.67,25.57,33.98,5.66,972.4,52.68,Root_Rot
33.98,94.57,50.94,32.98,18.15,32.0,4.86,529.1,38.93,Root_Rot
31.17,35.75,45.1,46.63,24.23,11.57,5.03,905.9,35.4,Healthy
31.52,77.21,44.56,22.32,29.49,47.07,7.32,860.7,53.26,Early_Blight
20.49,94.5,53.8,22.88,45.84,13.59,7.89,625.2,55.17,Rust
13.25,55.61,59.19,11.13,29.02,42.27,5.56,438.0,41.2,Root_Rot
28.78,26.7,44.65,43.08,43.89,25.45,6.59,377.6,45.39,Healthy
38.43,95.89,11.37,18.06,36.99,12.02,8.06,785.9,37.26,Early_Blight
34.13,84.24,52.69,29.55,45.74,24.34,5.79,675.6,51.98,Root_Rot
38.93,76.41,53.13,38.85,37.33,23.97,7.46,865.2,50.76,Bacterial_Leaf_Spot
32.83,77.79,41.27,10.83,45.92,13.91,8.11,303.0,42.21,Early_Blight
32.55,88.31,29.81,46.18,45.48,18.43,7.94,371.6,49.54,Bacterial_Leaf_Spot
21.76,84.26,42.76,45.79,36.44,34.15,7.9,325.3,45.17,Powdery_Mildew
32.46,81.54,19.79,46.01,46.2,32.06,7.77,642.4,55.93,Bacterial_Leaf_Spot
23.24,92.62,55.51,40.54,13.07,38.08,6.24,843.9,37.38,Rust
16.2,81.59,60.46,34.96,36.74,41.19,5.9,373.0,50.98,Healthy
28.86,81.73,51.62,47.13,31.03,15.79,7.62,755.6,52.47,Bacterial_Leaf_Spot
22.21,79.35,22.52,34.23,36.92,38.75,6.71,574.9,44.54,Healthy
28.2,88.0,31.25,46.37,39.41,36.28,7.75,251.8,49.33,Healthy
30.95,89.94,46.82,49.02,47.24,32.76,7.46,680.3,51.34,Bacterial_Leaf_Spot
21.53,90.53,62.65,15.12,10.23,37.81,7.3,868.8,43.88,Rust
26.43,80.75,50.74,11.5,15.23,49.48,7.56,260.6,44.13,Early_Blight
33.93,84.75,57.17,35.06,20.02,43.7,7.93,935.4,56.74,Bacterial_Leaf_Spot
38.36,88.75,45.71,39.7,15.6,35.72,7.94,847.9,48.51,Bacterial_Leaf_Spot
31.02,89.13,43.38,40.91,14.07,27.42,5.44,940.9,44.2,Healthy
36.17,30.63,44.94,31.47,46.19,10.83,5.45,787.6,43.89,Healthy
14.13,91.19,60.86,26.5,23.98,28.39,6.58,447.0,55.93,Rust
13.67,47.48,18.61,38.6,38.04,27.38,7.69,853.7,44.28,Healthy
33.29,88.6,23.33,46.11,20.81,33.31,7.61,592.8,56.28,Bacterial_Leaf_Spot
23.21,89.53,36.83,22.76,10.71,27.46,5.05,282.8,33.32,Powdery_Mildew
28.82,90.39,49.06,42.44,30.18,43.97,7.39,699.6,49.59,Rust
33.69,88.82,10.4,47.46,27.36,42.98,7.47,525.3,39.22,Bacterial_Leaf_Spot
25.09,46.35,56.2,14.27,12.36,25.45,5.56,637.6,36.37,Root_Rot
22.61,93.81,48.97,39.56,24.06,36.35,7.9,438.7,46.28,Rust
36.98,92.42,22.15,17.39,16.68,38.76,5.01,885.5,36.87,Early_Blight
24.57,49.03,44.34,46.31,25.75,49.43,6.66,921.9,47.36,Healthy
19.89,48.41,45.75,27.56,32.74,40.91,7.28,557.6,45.11,Healthy
26.05,94.21,57.47,23.85,23.88,27.14,8.14,791.2,50.53,Early_Blight
30.82,62.73,59.3,44.45,44.14,33.76,5.34,461.5,51.54,Root_Rot
36.75,75.56,37.41,35.93,10.89,40.49,7.78,660.4,44.94,Bacterial_Leaf_Spot
11.93,62.54,50.58,19.33,10.15,16.05,5.03,844.8,36.87,Root_Rot
23.03,91.47,39.14,28.06,22.71,44.88,6.34,285.9,41.99,Powdery_Mildew
31.45,84.47,31.84,30.33,33.92,31.15,7.39,306.6,38.83,Early_Blight
22.92,93.77,55.37,22.64,28.28,22.2,6.37,628.8,45.92,Rust
36.45,47.13,44.28,30.37,40.2,33.76,6.89,818.8,44.27,Healthy
22.96,90.33,56.95,32.37,10.68,47.69,6.3,740.3,44.47,Rust
29.25,67.46,39.21,12.36,43.48,10.94,6.37,753.9,36.11,Healthy
26.28,56.58,20.89,33.78,35.4,12.33,5.23,916.5,28.6,Healthy
26.7,46.91,42.65,44.89,27.9,14.63,8.22,323.3,46.54,Healthy
16.63,60.98,46.24,46.73,22.14,19.11,6.38,374.8,40.68,Healthy
22.76,83.18,46.12,46.52,21.37,21.98,7.92,270.8,42.69,Powdery_Mildew
39.3,30.89,30.93,33.19,45.46,37.86,4.82,294.3,35.54,Healthy
17.21,89.51,58.56,43.42,49.23,16.8,5.92,818.6,55.52,Rust
27.71,88.09,15.36,47.36,14.24,21.37,7.89,405.2,36.44,Bacterial_Leaf_Spot
37.36,37.06,7.8,39.7,23.22,21.91,5.91,601.1,34.18,Healthy
24.35,86.53,58.07,28.31,47.73,24.73,8.09,900.1,60.01,Early_Blight
24.46,88.49,65.23,47.48,13.43,48.55,8.04,809.4,57.23,Healthy
21.24,85.57,42.26,23.61,15.9,24.2,7.23,310.8,39.43,Powdery_Mildew
34.39,75.99,37.2,16.42,46.9,46.95,6.51,929.2,44.37,Early_Blight
40.74,84.98,36.41,16.46,26.46,17.07,6.46,393.8,40.11,Early_Blight
37.22,85.02,16.56,20.73,45.33,28.8,7.74,766.0,42.18,Early_Blight
18.11,80.05,25.99,29.1,17.41,41.93,6.22,894.0,34.44,Healthy
25.02,74.93,22.16,34.62,27.48,29.57,5.97,821.1,28.32,Early_Blight
37.17,37.57,20.33,48.78,25.77,46.2,7.37,973.7,44.64,Healthy
38.16,29.19,52.07,18.03,10.17,37.96,5.35,952.0,45.42,Root_Rot
41.27,72.56,44.77,21.73,18.75,41.39,6.84,747.3,48.28,Early_Blight
27.28,88.59,63.77,49.3,24.74,46.9,6.7,329.0,52.99,Healthy
23.87,81.2,39.56,35.06,41.02,48.27,6.02,690.6,47.4,Healthy
27.76,70.65,57.19,11.92,37.69,11.29,6.33,821.5,43.9,Early_Blight
33.97,32.77,44.45,46.75,22.45,20.54,6.63,475.6,36.49,Healthy
33.47,87.83,23.56,47.39,29.51,34.93,7.39,428.3,42.14,Bacterial_Leaf_Spot
21.39,87.41,57.09,30.58,21.51,12.3,7.92,311.5,45.95,Powdery_Mildew
28.77,61.16,54.36,20.32,45.57,20.66,7.93,913.4,54.13,Healthy
31.57,29.1,55.82,20.68,31.23,38.36,5.67,722.2,44.4,Root_Rot
16.52,40.49,48.79,29.2,10.42,15.44,5.64,203.5,38.56,Healthy
28.33,89.01,9.1,24.27,29.72,35.85,5.84,494.0,35.89,Early_Blight
22.78,28.84,60.76,43.03,41.13,46.84,4.96,820.6,53.5,Root_Rot
32.23,65.46,17.56,31.64,40.84,23.1,7.03,824.1,35.76,Early_Blight
39.82,82.98,24.28,25.61,24.64,32.9,8.14,898.8,45.66,Early_Blight
24.6,75.63,31.29,30.94,38.05,50.48,5.11,208.1,38.04,Early_Blight
18.59,25.96,61.79,38.34,18.79,19.07,5.09,896.5,45.35,Root_Rot
33.06,59.91,44.04,45.53,43.45,20.75,5.89,795.8,41.49,Healthy
19.4,87.23,48.9,21.32,42.27,40.23,5.98,858.5,43.66,Rust
22.41,87.7,56.3,31.32,48.43,40.08,5.8,483.6,46.06,Rust
17.48,58.02,18.16,31.65,48.18,35.77,7.9,348.3,42.23,Healthy
27.07,27.37,37.51,30.91,29.13,31.7,6.05,401.9,36.74,Healthy
34.46,61.33,51.48,13.62,41.22,34.13,5.34,886.6,39.97,Root_Rot
35.56,82.81,19.1,17.01,47.74,29.09,5.82,815.1,38.64,Early_Blight
21.43,82.69,47.17,48.41,38.56,37.54,6.31,642.5,49.64,Healthy
29.67,80.88,63.4,34.28,15.84,15.88,6.05,406.0,40.46,Early_Blight
19.03,88.25,56.12,20.42,23.18,48.12,7.16,791.4,56.32,Rust
19.27,29.43,55.1,31.19,12.72,31.53,5.35,231.7,36.53,Root_Rot
17.49,34.81,61.27,19.2,13.09,40.78,5.22,503.2,39.67,Root_Rot
33.21,92.49,14.6,30.59,21.93,33.94,5.13,465.5,34.86,Early_Blight
23.63,54.01,15.5,46.29,11.16,28.92,6.42,657.3,36.32,Healthy
32.88,86.14,62.37,48.6,40.64,26.46,7.44,352.6,58.57,Bacterial_Leaf_Spot
27.29,42.3,16.88,45.18,25.55,24.04,5.1,676.2,27.53,Healthy
25.36,29.11,48.79,26.12,14.53,41.79,5.81,511.1,43.08,Healthy
24.06,90.06,33.17,17.67,33.84,16.07,7.43,315.1,35.43,Powdery_Mildew
35.31,57.33,25.45,33.11,23.11,15.08,6.13,507.7,32.63,Healthy
19.95,51.99,18.73,35.56,29.63,36.0,5.53,957.4,32.19,Healthy
25.92,69.74,51.5,19.58,38.62,21.02,7.22,822.3,47.11,Early_Blight
24.16,89.17,20.91,41.41,21.85,15.25,7.49,240.7,37.88,Powdery_Mildew
19.08,82.74,64.4,22.9,45.22,23.73,6.3,774.3,53.87,Rust
23.56,93.77,49.63,30.33,14.28,32.51,7.7,859.0,41.74,Rust
31.32,90.94,38.94,20.47,25.14,37.11,7.99,349.7,48.49,Early_Blight
22.66,95.41,53.21,28.29,29.88,23.47,6.16,776.7,43.85,Rust
34.1,71.87,29.19,14.31,31.11,42.86,7.2,764.2,44.74,Early_Blight
24.79,42.58,28.69,9.9,29.37,31.83,6.23,452.8,37.45,Healthy
38.36,94.19,53.0,21.05,24.43,17.7,6.35,767.9,45.37,Early_Blight
24.8,61.77,50.45,25.95,35.82,18.95,6.54,371.5,38.43,Healthy
26.46,69.73,10.32,12.14,38.08,43.61,7.26,839.1,39.12,Early_Blight
31.53,78.23,63.47,44.27,19.8,35.04,5.58,587.4,48.5,Root_Rot
21.01,61.78,27.31,45.96,36.24,30.03,6.14,586.8,39.79,Healthy
32.2,89.4,26.43,43.53,45.13,31.54,7.25,644.3,47.22,Bacterial_Leaf_Spot
20.65,88.82,52.41,21.5,42.68,29.03,7.09,792.4,46.12,Rust
21.33,85.28,63.17,39.37,24.62,43.52,7.21,883.1,54.86,Rust
18.0,88.24,49.42,49.43,26.01,15.61,6.71,434.3,37.5,Rust
28.72,68.2,51.83,11.43,13.59,49.06,5.57,652.7,42.23,Root_Rot
40.13,72.66,26.68,19.05,24.15,13.86,5.54,310.5,29.45,Early_Blight
15.32,90.45,56.01,45.35,48.42,20.36,6.44,762.6,53.58,Powdery_Mildew
34.17,49.38,18.71,17.51,19.86,22.1,7.93,699.5,35.6,Healthy
28.54,91.72,28.34,49.69,19.48,16.51,6.27,327.0,35.99,Healthy
16.94,57.18,14.3,48.43,17.13,29.36,7.52,361.3,32.9,Healthy
20.21,69.93,58.3,31.79,20.2,18.38,5.01,748.9,36.88,Root_Rot
18.79,29.44,42.29,26.11,25.42,29.78,5.96,424.1,38.08,Healthy
22.31,85.56,58.16,20.22,22.39,15.89,7.63,310.9,50.6,Powdery_Mildew
25.19,85.04,14.09,48.85,33.18,18.26,7.47,237.5,45.49,Powdery_Mildew
40.97,69.82,46.72,31.75,17.97,43.61,5.75,904.0,43.59,Early_Blight
22.13,90.44,21.51,40.57,14.38,21.76,5.4,320.1,27.95,Powdery_Mildew
12.68,86.32,53.71,18.38,47.42,45.86,8.1,654.0,48.4,Rust
30.39,93.24,32.53,33.48,21.75,24.82,6.43,493.9,37.33,Early_Blight
31.19,49.73,39.77,30.91,9.52,20.21,7.27,809.3,42.85,Healthy
12.65,79.48,59.56,44.88,27.65,15.49,5.74,963.1,52.87,Root_Rot
14.63,73.33,38.96,22.08,43.48,37.91,6.12,246.3,37.34,Healthy
28.52,71.43,50.1,15.36,34.11,25.14,6.58,249.5,40.44,Early_Blight
20.24,87.94,52.86,37.87,23.7,48.23,7.52,750.4,51.12,Root_Rot
31.48,68.38,27.91,27.88,47.34,38.78,5.88,337.3,42.59,Early_Blight
13.16,91.86,53.41,19.56,13.87,31.45,6.58,552.3,41.19,Rust
24.04,77.61,60.48,13.43,36.48,34.9,5.19,493.4,52.4,Root_Rot
26.28,55.48,49.35,21.65,22.6,45.77,7.91,920.8,44.43,Healthy
34.56,68.04,63.75,44.15,31.93,22.17,5.67,857.0,41.25,Root_Rot
20.84,83.81,55.16,45.05,47.89,46.54,6.99,436.4,55.17,Powdery_Mildew
36.94,40.7,55.85,37.73,25.42,17.82,4.99,682.1,34.97,Root_Rot
16.61,93.51,62.36,29.25,29.49,23.94,5.67,392.7,49.6,Powdery_Mildew
26.19,66.37,47.26,15.7,41.94,23.24,5.62,537.7,37.28,Early_Blight
37.72,56.61,56.28,20.1,36.2,45.58,7.25,976.0,65.03,Healthy
18.96,53.24,14.23,11.43,28.47,31.98,5.9,388.9,23.75,Healthy
36.46,81.3,25.06,39.26,21.8,27.14,7.99,304.9,48.09,Bacterial_Leaf_Spot
24.64,91.11,46.38,49.3,21.05,35.93,7.74,233.3,49.75,Powdery_Mildew
22.41,89.95,56.72,19.41,16.32,22.76,7.18,402.4,43.22,Rust
35.99,82.58,22.46,13.56,34.74,38.09,6.31,772.0,34.3,Early_Blight
15.76,31.94,52.77,28.44,16.91,23.64,5.26,690.3,37.5,Root_Rot
22.12,85.87,21.03,29.7,39.26,41.23,7.41,294.3,37.38,Powdery_Mildew
16.15,34.78,52.7,36.0,16.67,16.01,5.48,994.1,41.82,Root_Rot
28.68,79.39,61.55,21.51,27.49,18.66,5.21,863.6,41.91,Root_Rot
21.63,90.21,37.34,26.91,18.72,46.74,6.34,262.3,38.15,Powdery_Mildew
22.98,51.28,59.04,48.8,46.51,18.78,5.18,928.6,48.44,Root_Rot
19.74,93.78,58.19,16.41,19.9,18.79,7.0,568.7,40.14,Rust
15.63,81.44,30.77,12.53,29.4,13.04,5.47,476.5,33.35,Powdery_Mildew
37.45,40.85,41.44,45.24,21.89,23.17,5.71,344.1,38.24,Healthy
20.18,84.72,35.13,44.93,29.25,16.15,5.87,233.1,44.9,Powdery_Mildew
15.94,87.87,64.04,40.06,20.13,38.66,7.7,655.5,52.81,Rust
25.02,75.27,44.58,20.5,43.29,28.76,8.15,663.0,57.12,Early_Blight
39.7,76.0,24.19,19.73,23.93,42.78,7.46,749.9,45.21,Bacterial_Leaf_Spot
25.72,60.46,9.43,15.14,33.18,44.27,8.18,579.4,40.89,Healthy
25.24,43.08,58.68,19.19,15.26,50.34,5.3,569.7,43.86,Root_Rot
39.33,56.62,63.79,33.24,13.79,24.98,5.26,794.9,42.95,Root_Rot
32.87,70.41,58.35,30.33,36.66,16.46,5.74,926.0,45.66,Root_Rot
31.7,82.1,56.12,45.19,43.17,27.32,7.52,455.4,54.68,Bacterial_Leaf_Spot
34.06,71.88,20.25,29.31,16.87,11.7,7.97,439.3,36.37,Early_Blight
27.11,71.18,52.29,23.53,13.48,46.78,5.47,794.5,42.68,Root_Rot
18.19,91.23,56.87,47.61,17.98,12.81,7.82,999.9,61.82,Rust
32.42,83.51,13.69,37.42,13.16,47.68,8.16,977.3,51.12,Bacterial_Leaf_Spot
17.78,55.99,23.56,13.6,24.44,48.57,5.24,243.0,35.59,Healthy
23.65,85.11,28.38,45.45,43.84,17.95,5.78,226.4,35.09,Powdery_Mildew
14.12,55.99,30.65,20.85,41.22,10.31,5.12,917.4,37.66,Healthy
31.78,90.13,27.44,48.77,48.32,11.05,7.73,358.6,45.68,Bacterial_Leaf_Spot
22.8,89.36,59.04,27.94,12.83,14.29,7.04,897.3,43.97,Rust
24.03,87.36,42.54,16.7,30.74,15.13,6.82,271.6,40.67,Powdery_Mildew
39.88,61.91,30.59,20.39,22.58,42.06,6.25,890.1,45.95,Healthy
14.43,94.3,11.56,17.06,47.05,32.97,5.09,577.8,35.34,Root_Rot
30.21,77.13,22.88,16.33,37.19,41.8,4.98,800.6,33.57,Early_Blight
18.46,95.23,56.1,14.9,37.2,46.05,6.3,635.1,46.23,Rust
30.47,61.21,44.72,16.87,48.36,22.17,4.95,595.2,41.06,Healthy
18.47,75.97,50.52,13.5,38.35,28.81,7.69,211.4,41.85,Rust
17.41,43.15,37.78,37.29,23.98,8.09,5.65,461.2,34.28,Healthy
20.48,94.05,29.49,31.05,20.62,34.1,6.12,790.9,39.53,Healthy
13.9,49.56,11.32,27.08,28.09,33.02,4.92,880.5,38.28,Healthy
28.79,92.53,23.7,31.22,38.33,20.42,8.01,570.2,44.89,Early_Blight
27.5,83.65,54.98,46.93,14.06,45.84,7.6,801.6,52.24,Early_Blight
39.88,50.85,40.68,38.84,45.91,24.93,7.14,724.7,44.64,Healthy
23.96,94.77,11.15,19.17,23.67,28.9,5.47,561.2,31.12,Healthy
22.31,91.22,56.55,21.34,43.5,39.6,5.99,873.7,45.3,Root_Rot
20.92,88.64,19.91,14.0,48.7,34.98,7.19,228.0,39.24,Powdery_Mildew
33.12,67.09,26.04,40.31,21.49,45.82,7.51,644.8,42.42,Healthy
29.76,54.88,54.66,34.31,17.08,28.56,7.96,370.2,45.88,Healthy
26.55,57.93,54.95,33.9,14.2,28.81,5.76,998.7,41.31,Root_Rot
21.68,87.69,14.36,13.53,37.67,32.58,5.22,207.4,31.12,Powdery_Mildew
28.94,82.59,25.35,47.61,24.66,12.46,7.38,465.6,37.4,Bacterial_Leaf_Spot
24.37,90.09,59.4,42.23,18.24,20.57,7.74,312.1,50.08,Powdery_Mildew
15.09,56.21,58.44,38.6,21.89,33.58,5.4,809.0,42.43,Early_Blight
19.61,70.05,39.73,26.66,11.56,29.45,6.58,918.3,50.12,Healthy
19.38,58.62,58.89,49.99,46.46,13.12,5.83,814.5,48.83,Healthy
21.55,74.73,58.53,22.04,32.72,23.1,5.72,376.1,41.45,Root_Rot
21.49,67.9,60.96,37.66,40.09,27.67,5.6,746.9,47.33,Root_Rot
15.45,88.14,62.82,25.28,21.39,47.93,6.73,277.2,43.16,Rust
16.54,50.32,54.78,45.56,29.38,12.71,5.04,212.4,39.95,Root_Rot
27.17,31.81,54.28,20.3,29.26,42.92,5.66,755.4,38.54,Root_Rot
36.48,72.81,43.03,27.0,25.16,18.05,6.01,689.4,39.16,Early_Blight
36.28,28.65,41.36,30.67,44.7,11.23,5.37,704.6,35.64,Healthy
36.55,72.46,47.49,20.22,16.45,19.9,7.67,433.7,40.4,Early_Blight
28.04,68.44,50.4,18.35,26.44,23.75,7.95,666.0,45.15,Early_Blight
26.85,82.4,62.57,47.35,36.55,34.78,7.44,686.8,61.87,Bacterial_Leaf_Spot
33.06,81.87,20.89,48.3,11.1,24.5,7.83,575.7,37.19,Bacterial_Leaf_Spot
13.41,86.75,61.34,20.48,48.47,17.66,7.14,262.0,45.34,Rust
22.09,88.19,25.11,12.73,32.97,33.04,6.26,289.6,32.07,Powdery_Mildew
25.79,46.54,55.96,13.83,11.28,25.23,5.57,638.0,41.21,Root_Rot
38.57,88.34,34.32,20.49,42.57,32.29,5.84,496.2,36.78,Rust
18.01,88.55,57.81,35.09,13.53,45.56,6.35,719.7,41.94,Rust
22.16,93.44,7.85,47.38,41.54,19.66,7.47,331.6,40.17,Powdery_Mildew
20.94,85.64,9.17,13.97,35.46,35.98,5.2,199.4,21.72,Powdery_Mildew
14.55,26.52,50.14,47.85,22.3,32.81,7.94,846.4,54.21,Healthy
13.29,56.34,28.63,44.21,48.37,16.32,6.29,700.0,41.96,Healthy
21.07,81.45,23.7,30.66,20.91,36.94,7.55,314.6,35.15,Powdery_Mildew
28.33,51.8,62.18,34.64,19.47,34.65,5.2,317.5,40.51,Root_Rot
13.17,80.73,6.78,14.33,37.6,47.3,7.57,655.6,36.54,Healthy
21.62,62.88,20.38,17.38,17.46,28.83,6.61,227.6,25.07,Healthy
22.21,91.44,42.9,29.48,25.64,40.18,7.33,253.2,46.0,Powdery_Mildew
36.86,70.54,47.86,25.11,44.07,40.0,6.82,986.7,45.62,Early_Blight
23.71,68.28,30.12,18.04,32.86,15.24,6.35,509.6,32.31,Healthy
21.54,82.48,61.52,22.97,23.54,35.8,5.97,793.7,43.33,Rust
40.97,64.65,37.51,19.83,10.95,16.17,6.52,566.3,34.91,Early_Blight
33.16,84.85,60.96,48.3,25.74,28.9,6.92,282.8,49.92,Healthy
28.38,89.21,49.51,45.6,29.29,48.43,7.41,667.9,54.99,Bacterial_Leaf_Spot
23.19,82.98,35.25,31.18,16.78,15.7,7.03,304.9,39.55,Powdery_Mildew
14.42,85.02,23.89,33.33,19.88,14.16,5.88,626.2,32.67,Healthy
18.51,90.0,58.89,13.13,50.37,34.54,8.04,877.5,57.82,Rust
25.98,81.23,47.92,45.0,22.57,9.96,7.82,468.2,45.92,Bacterial_Leaf_Spot
15.98,73.48,13.44,39.75,31.59,43.75,6.88,723.2,47.1,Healthy
37.14,89.96,17.36,22.7,13.11,16.82,7.55,191.2,26.71,Early_Blight
24.85,28.18,55.17,19.06,35.47,43.86,5.37,673.0,40.55,Root_Rot
15.4,88.25,53.8,47.79,23.51,35.17,6.52,496.9,46.23,Powdery_Mildew
18.21,61.61,16.59,31.24,47.62,35.45,7.77,337.2,41.27,Healthy
18.46,90.88,51.29,30.25,40.72,20.23,5.96,920.2,46.5,Rust
15.36,88.35,63.88,28.41,18.31,30.26,6.09,988.6,50.07,Rust
26.79,54.92,37.82,11.67,12.95,45.29,5.8,449.2,42.58,Bacterial_Leaf_Spot
18.47,69.06,30.1,15.17,15.77,41.56,5.64,488.0,34.1,Healthy
27.75,90.77,59.52,21.03,47.88,21.91,5.24,844.8,51.12,Root_Rot
28.65,85.66,31.57,48.35,15.27,46.97,7.8,825.9,51.95,Bacterial_Leaf_Spot
27.96,62.71,9.22,23.84,45.87,19.78,6.1,230.5,33.52,Healthy
25.29,89.05,62.8,46.05,27.97,16.41,7.74,731.9,56.87,Bacterial_Leaf_Spot
20.49,90.21,26.29,41.71,26.49,31.41,6.16,317.7,34.81,Powdery_Mildew
32.94,40.65,59.48,46.54,31.24,33.08,5.17,538.2,45.04,Root_Rot
16.58,81.12,32.47,49.47,18.63,11.87,6.64,337.1,38.24,Healthy
15.57,84.11,62.82,20.99,23.62,35.85,5.93,815.9,49.76,Rust
25.65,93.36,55.85,37.75,19.24,22.46,6.65,725.4,49.09,Healthy
22.0,87.89,23.61,42.64,43.85,14.95,6.43,224.9,37.01,Powdery_Mildew
28.99,46.26,33.2,11.89,40.28,43.08,6.28,342.7,36.4,Healthy
24.5,94.06,26.97,20.28,12.82,22.42,5.71,329.2,37.0,Powdery_Mildew
23.64,58.01,54.44,24.28,17.65,13.62,7.35,867.0,40.83,Healthy
41.48,87.51,24.0,18.59,35.49,49.19,8.0,501.5,37.4,Early_Blight
20.2,85.42,28.89,17.91,18.49,49.08,6.39,235.0,37.45,Powdery_Mildew
26.56,37.39,32.58,40.76,16.2,47.2,5.95,757.3,42.51,Healthy
28.92,87.33,59.33,49.01,34.31,45.56,7.48,597.1,54.06,Bacterial_Leaf_Spot
18.25,90.28,52.72,44.93,12.97,29.71,5.99,826.4,49.95,Rust
41.1,91.59,35.09,25.5,41.8,26.06,5.68,752.9,33.78,Early_Blight
38.51,51.75,41.44,42.88,29.92,36.31,5.61,973.8,48.52,Healthy
23.94,33.05,56.0,16.01,24.17,33.01,5.37,202.9,37.34,Root_Rot
21.33,86.43,56.33,31.96,23.64,9.88,7.36,644.4,47.62,Rust
25.38,92.77,61.49,43.81,17.47,24.72,7.72,261.9,44.69,Powdery_Mildew
21.15,90.19,54.71,45.54,47.56,32.3,7.44,872.4,64.64,Rust
20.55,26.96,45.74,25.76,48.47,18.05,5.43,650.9,40.67,Healthy
41.02,79.57,61.97,18.63,31.76,43.81,6.7,371.1,51.43,Early_Blight
16.84,84.83,49.9,17.95,43.49,28.22,7.27,297.9,44.89,Rust
38.92,94.24,62.01,40.62,38.89,11.25,5.65,300.2,41.76,Root_Rot
31.66,27.99,43.45,32.5,28.55,47.14,6.46,988.4,42.58,Healthy
13.54,45.29,56.5,40.2,45.6,32.61,4.84,763.1,51.19,Root_Rot
22.08,59.29,10.19,41.68,13.26,35.04,6.71,741.0,44.33,Healthy
39.69,87.72,26.65,41.32,16.94,25.95,7.97,466.5,45.68,Bacterial_Leaf_Spot
19.42,89.15,51.39,33.37,33.67,17.82,6.63,893.9,46.43,Rust
30.51,82.27,55.87,11.18,22.64,23.21,7.6,565.5,46.27,Early_Blight
25.89,83.44,54.74,12.66,49.67,40.01,6.19,270.9,49.64,Powdery_Mildew
26.83,79.45,45.11,31.9,37.05,22.46,5.24,217.4,37.15,Early_Blight
36.14,71.5,54.03,25.4,19.77,26.52,4.87,235.2,31.51,Root_Rot
36.76,87.81,43.71,13.37,14.12,46.42,7.08,869.8,50.89,Early_Blight
22.12,85.48,56.39,38.73,36.24,32.62,5.58,346.1,40.17,Root_Rot
30.04,89.92,41.5,46.47,17.34,44.37,7.75,705.2,51.68,Bacterial_Leaf_Spot
27.36,92.25,27.86,17.45,44.96,28.05,5.8,784.8,37.51,Early_Blight
32.41,77.52,17.79,21.86,29.16,24.26,7.35,951.4,40.09,Early_Blight
22.65,82.63,19.17,18.68,31.4,26.74,5.82,307.5,24.26,Healthy
21.89,87.02,59.4,41.96,12.48,17.55,6.07,864.3,45.56,Rust
24.37,66.97,50.39,27.22,18.08,10.96,5.18,788.1,39.63,Root_Rot
22.38,93.2,52.05,15.27,19.58,41.13,7.76,297.1,42.82,Powdery_Mildew
34.72,82.61,13.66,22.43,22.23,35.23,5.03,881.5,39.48,Early_Blight
20.07,89.93,56.7,28.27,28.05,48.67,7.06,498.2,58.74,Rust
21.35,90.76,45.67,16.1,22.07,25.5,5.18,291.1,40.93,Powdery_Mildew
21.31,90.13,59.0,50.94,15.12,36.12,6.98,631.6,47.0,Rust
33.73,77.38,49.62,15.75,10.49,13.31,6.77,994.7,41.38,Early_Blight
20.75,91.39,59.59,18.04,30.1,13.07,6.86,515.5,40.47,Rust
24.47,82.78,39.64,48.39,48.37,18.58,7.91,309.6,49.36,Powdery_Mildew
17.96,27.77,63.85,46.85,36.38,41.66,5.5,849.9,54.57,Root_Rot
35.67,38.11,64.86,16.19,39.4,30.58,7.69,879.5,48.88,Healthy
14.78,52.5,64.95,19.47,39.05,44.59,5.63,291.4,41.43,Root_Rot
35.73,85.72,12.1,41.14,22.32,48.44,4.96,841.4,31.71,Healthy
30.79,89.29,62.99,29.05,34.56,27.11,7.08,286.6,47.44,Early_Blight
39.81,87.21,61.93,38.16,39.86,39.62,4.85,914.8,45.63,Root_Rot
36.33,54.5,16.61,17.08,46.03,35.32,6.57,801.5,38.68,Healthy
21.92,82.89,62.43,19.27,27.82,25.6,6.3,272.9,37.75,Powdery_Mildew
25.93,88.4,30.9,18.8,34.94,18.85,7.63,270.9,29.01,Powdery_Mildew
34.71,52.94,9.0,43.32,13.96,30.88,5.02,287.5,25.26,Healthy
31.94,27.02,13.31,31.18,42.32,26.14,6.97,296.4,38.46,Healthy
34.47,46.26,14.27,42.14,45.24,34.99,5.93,769.0,44.99,Powdery_Mildew
23.31,81.3,39.32,30.99,43.27,45.1,7.29,309.5,50.14,Rust
15.62,26.89,56.51,40.63,21.31,45.67,5.45,360.6,34.86,Powdery_Mildew
39.98,25.95,34.92,40.43,24.27,23.51,5.74,525.1,34.68,Healthy
34.74,80.16,44.82,41.56,25.47,31.49,6.35,696.9,48.19,Healthy
20.02,64.62,15.82,25.18,32.01,16.89,5.77,795.2,31.4,Healthy
27.06,31.68,34.76,41.21,20.48,49.41,6.16,849.7,43.68,Healthy
38.51,73.56,28.73,24.8,19.83,31.41,5.29,313.8,27.75,Early_Blight
21.83,88.86,65.92,21.96,29.35,17.04,6.07,257.8,35.19,Powdery_Mildew
30.17,35.74,55.34,45.45,20.3,44.35,5.06,385.9,38.73,Root_Rot
40.41,62.79,10.8,39.21,17.8,32.84,6.69,226.3,37.85,Healthy
17.12,68.51,60.13,34.6,48.46,47.92,5.07,939.3,57.28,Root_Rot
40.81,71.65,49.35,31.33,14.79,35.87,8.1,428.4,46.57,Early_Blight
28.44,65.21,28.31,29.39,14.04,14.31,8.11,1002.3,47.33,Powdery_Mildew
26.18,60.27,15.39,12.54,24.97,45.72,7.32,856.7,35.0,Healthy
24.34,46.57,19.33,11.45,37.56,35.69,4.77,212.1,25.56,Healthy
22.14,83.65,35.09,29.54,18.28,15.23,6.89,311.5,37.94,Powdery_Mildew
37.78,87.86,17.36,21.39,12.16,48.43,7.24,805.1,45.25,Early_Blight
14.72,31.97,48.23,14.84,40.41,40.53,8.06,887.4,51.37,Healthy
26.17,81.17,28.83,21.15,35.62,23.72,8.0,266.3,42.72,Early_Blight
27.72,89.38,16.15,37.65,42.55,43.49,4.81,751.7,41.8,Healthy
21.31,83.37,42.68,22.9,42.4,37.24,7.52,277.3,44.14,Powdery_Mildew
32.3,90.23,40.09,13.81,35.51,10.5,8.2,459.1,40.32,Early_Blight
29.94,68.8,52.77,12.14,13.23,48.85,5.49,630.7,45.06,Root_Rot
31.57,62.05,25.85,24.76,22.4,18.62,7.98,519.4,37.06,Healthy
34.59,78.33,17.51,26.99,18.36,48.06,7.55,666.6,38.67,Early_Blight
22.48,91.79,54.38,24.39,20.77,22.48,6.61,837.0,52.47,Rust
32.98,69.54,65.77,28.11,21.07,46.95,7.7,1003.5,56.12,Early_Blight
31.69,64.49,15.78,29.36,17.45,44.46,6.75,650.2,40.26,Rust
23.77,92.91,33.95,17.55,31.84,13.81,7.0,278.1,31.35,Powdery_Mildew
36.24,76.25,41.47,29.94,22.31,43.74,5.12,841.3,42.9,Early_Blight
17.11,76.02,61.41,28.69,36.23,14.96,5.13,533.4,36.91,Root_Rot
23.87,84.73,57.7,24.14,28.11,13.72,7.41,319.9,38.3,Powdery_Mildew
21.83,89.64,56.28,44.72,34.84,43.72,7.93,201.4,54.16,Powdery_Mildew
21.92,91.94,41.54,36.87,21.31,32.28,6.14,282.4,41.32,Powdery_Mildew
36.56,32.06,14.85,17.55,11.34,40.46,7.38,874.8,42.69,Healthy
35.43,70.42,65.08,49.86,38.65,45.81,5.39,398.3,46.06,Root_Rot
30.94,48.68,38.59,41.49,49.0,12.97,5.24,556.0,32.44,Healthy
26.39,84.5,52.23,20.86,15.18,12.11,7.42,315.7,40.9,Early_Blight
35.07,61.19,43.32,33.93,24.82,16.57,7.55,503.4,47.17,Healthy
35.34,89.58,63.7,28.05,41.35,45.83,5.1,755.7,50.54,Root_Rot
20.13,83.9,54.73,31.18,15.71,44.08,6.02,701.0,46.32,Rust
19.95,89.9,55.14,39.17,23.69,12.71,7.26,524.6,44.18,Rust
23.9,58.52,52.72,15.55,13.24,36.26,5.57,947.3,36.54,Root_Rot
38.47,78.25,18.77,30.91,23.35,18.09,5.56,605.8,31.24,Early_Blight
26.35,34.2,44.18,24.89,15.45,20.64,7.19,923.6,40.12,Healthy
15.91,64.31,24.83,39.89,20.94,43.03,6.33,416.0,35.14,Healthy
25.07,26.75,17.4,29.69,29.34,27.94,7.22,446.4,35.89,Healthy
21.28,30.26,9.7,24.6,17.44,38.54,5.9,569.6,28.56,Healthy
15.21,92.32,54.38,45.62,47.82,15.61,6.01,783.1,49.07,Rust
41.88,83.73,30.46,33.36,24.25,43.14,7.92,684.0,45.96,Early_Blight
41.81,31.34,53.97,43.05,17.75,46.35,7.89,216.1,48.4,Healthy
18.46,90.71,62.33,31.74,44.62,17.25,7.31,831.2,53.92,Rust
40.68,67.03,40.41,13.17,38.77,16.38,5.49,218.0,27.28,Early_Blight
33.35,70.26,54.44,33.58,29.65,17.89,6.91,495.6,44.61,Early_Blight
25.84,52.57,11.92,47.15,46.08,46.19,7.48,443.9,45.24,Healthy
29.63,43.6,19.12,24.48,31.54,13.51,7.26,769.0,34.54,Healthy
14.53,36.42,58.11,35.36,41.45,46.14,5.35,337.8,47.65,Root_Rot
17.72,60.24,56.07,22.32,9.82,47.81,5.04,250.3,41.67,Root_Rot
25.94,93.16,10.14,24.22,17.24,46.02,7.19,737.2,38.51,Early_Blight
24.26,32.67,18.16,38.66,31.07,48.58,7.3,506.5,45.07,Healthy
33.8,85.42,56.46,29.89,49.25,24.05,6.86,490.5,45.97,Early_Blight
17.67,71.84,56.55,39.67,23.65,49.1,6.16,323.0,47.2,Healthy
33.97,49.84,55.55,16.74,34.29,14.6,5.06,293.0,24.19,Root_Rot
15.14,50.52,63.3,14.37,38.65,20.19,5.72,182.6,40.18,Rust
36.38,53.03,56.86,26.64,46.78,10.83,5.16,279.2,29.89,Root_Rot
25.67,91.68,18.53,22.25,23.5,11.28,7.75,947.9,36.95,Rust
22.87,89.37,21.16,10.56,38.22,32.32,5.7,282.5,36.39,Powdery_Mildew
32.69,85.18,40.81,30.35,17.49,45.93,6.06,686.9,45.35,Healthy
33.59,57.84,46.27,12.64,23.45,40.9,8.06,653.4,49.24,Healthy
31.67,87.82,20.43,47.72,24.15,46.8,7.74,955.7,55.37,Bacterial_Leaf_Spot
23.82,94.19,34.92,48.16,11.46,34.81,5.7,251.7,39.82,Powdery_Mildew
40.07,34.12,28.17,10.14,13.15,31.33,7.41,389.2,30.88,Healthy
39.76,31.42,60.36,26.69,44.5,12.4,5.22,417.5,41.08,Root_Rot
23.23,89.58,56.66,30.34,28.23,19.34,6.1,783.3,48.44,Rust
19.97,36.47,59.21,25.91,27.79,11.79,5.39,877.2,36.2,Root_Rot
26.72,89.25,32.47,43.61,21.53,13.32,6.77,899.2,51.12,Healthy
26.22,82.59,15.96,48.19,47.96,26.94,7.72,882.4,46.41,Bacterial_Leaf_Spot
21.92,94.81,22.61,15.43,13.8,46.71,7.11,339.2,27.55,Powdery_Mildew
30.09,73.57,47.54,21.18,34.03,37.19,6.54,991.3,38.97,Early_Blight
20.77,88.8,51.47,48.42,12.35,26.9,7.46,457.0,46.48,Rust
35.52,67.01,31.59,24.29,44.1,31.29,4.87,492.0,31.72,Early_Blight
19.53,87.49,58.97,33.66,14.78,37.4,6.08,955.7,48.51,Rust
16.87,47.59,56.13,47.2,37.33,15.68,4.91,363.5,34.32,Root_Rot
28.84,90.12,38.33,32.77,23.31,17.94,8.13,371.4,44.48,Early_Blight
23.23,89.78,39.61,29.86,23.02,46.7,6.26,292.6,40.46,Powdery_Mildew
14.56,79.69,61.98,32.88,25.72,14.13,5.32,259.1,40.03,Root_Rot
15.93,89.31,60.19,44.66,11.1,34.74,7.05,327.8,48.07,Rust
35.98,91.53,38.22,23.95,44.83,46.37,5.83,252.4,44.23,Early_Blight
25.88,79.61,11.25,18.04,33.24,32.0,8.26,198.2,40.37,Early_Blight
14.11,62.05,7.41,15.09,35.17,21.98,8.25,207.0,35.81,Healthy
25.01,47.09,34.75,34.13,17.34,34.82,7.27,556.4,43.22,Healthy
17.2,59.19,60.16,42.5,22.46,36.08,5.11,956.4,46.23,Root_Rot
26.25,74.32,50.01,17.89,29.44,18.83,6.44,593.0,39.7,Early_Blight
21.55,82.37,24.54,42.65,35.61,14.4,5.24,224.1,28.48,Powdery_Mildew
28.95,84.08,46.23,20.63,43.36,47.52,7.21,344.7,49.78,Early_Blight
39.47,71.06,44.55,21.26,20.23,27.29,5.17,285.8,27.03,Early_Blight
29.93,90.56,45.64,23.78,44.96,28.6,5.76,713.7,52.43,Early_Blight
17.99,59.31,59.55,10.45,23.95,47.16,5.5,646.2,38.18,Powdery_Mildew
18.03,88.9,51.96,38.83,40.04,46.09,5.9,298.4,44.73,Rust
38.79,92.74,43.17,10.46,10.16,25.04,5.85,279.4,31.3,Early_Blight
20.67,85.88,23.3,30.56,11.41,14.91,5.83,409.7,32.67,Healthy
22.85,82.79,43.77,47.61,21.82,22.3,7.9,256.3,48.08,Powdery_Mildew
33.28,71.88,7.95,48.84,14.91,16.42,6.2,730.1,31.06,Healthy
19.84,79.75,64.0,45.2,46.43,10.16,4.89,559.4,43.14,Root_Rot
26.53,86.93,62.52,50.07,25.17,46.39,6.75,313.5,46.4,Healthy
16.73,64.42,46.68,31.16,50.59,35.1,5.76,895.6,52.92,Healthy
37.39,89.91,64.43,32.2,39.1,47.58,5.04,605.9,44.05,Root_Rot
21.66,85.69,19.04,38.01,17.89,24.2,5.48,242.2,41.19,Powdery_Mildew
25.86,89.96,56.17,48.36,34.95,22.66,7.73,748.6,53.57,Bacterial_Leaf_Spot
23.66,92.8,59.58,16.6,45.9,25.86,7.62,403.9,54.46,Rust
40.88,83.54,35.07,43.09,48.73,43.77,7.98,857.0,55.92,Bacterial_Leaf_Spot
15.07,61.9,37.28,30.36,17.2,43.91,5.34,587.7,36.09,Healthy
23.89,90.8,45.66,41.63,20.76,30.55,7.92,286.6,46.46,Powdery_Mildew
22.08,90.36,22.83,41.31,13.94,23.55,5.43,319.9,37.18,Powdery_Mildew
19.21,88.37,34.65,38.51,15.1,35.75,7.45,450.6,42.74,Healthy
23.03,89.07,38.18,25.13,36.91,14.34,7.36,331.3,40.27,Powdery_Mildew
20.49,94.34,20.58,31.17,28.48,25.23,5.01,673.5,25.17,Healthy
31.55,72.68,35.43,47.34,32.34,22.79,6.47,352.0,38.29,Healthy
22.38,91.34,55.04,23.56,21.04,22.68,6.59,827.3,46.16,Rust
16.72,80.48,59.4,27.13,27.79,16.84,5.61,271.8,39.21,Root_Rot
24.99,60.06,9.09,16.38,34.34,44.66,8.18,566.7,42.74,Healthy
24.52,82.99,40.95,47.97,34.69,51.13,5.98,325.7,43.8,Powdery_Mildew
33.74,44.88,60.05,38.24,41.66,18.26,7.41,839.2,53.94,Healthy
21.6,84.48,30.13,31.28,22.39,37.16,7.47,287.5,43.34,Powdery_Mildew
17.69,54.25,20.25,29.17,35.43,21.14,5.75,349.4,29.58,Healthy
33.43,89.63,23.95,46.26,46.05,30.41,7.48,557.1,42.76,Bacterial_Leaf_Spot
26.91,71.45,47.66,9.69,44.31,32.77,7.72,519.7,47.17,Early_Blight
13.54,95.77,17.71,45.97,47.75,19.11,7.04,304.5,45.41,Healthy
26.73,88.99,58.53,45.0,29.95,45.87,7.57,285.9,52.24,Bacterial_Leaf_Spot
32.0,86.62,44.86,47.57,36.67,25.72,7.99,564.2,50.31,Root_Rot
24.52,85.45,26.38,46.07,12.6,45.78,7.68,338.4,43.16,Powdery_Mildew
23.96,82.84,57.52,23.29,27.41,14.71,7.33,324.1,37.72,Powdery_Mildew
29.67,46.77,56.95,11.65,37.7,42.54,5.87,997.0,46.54,Healthy
37.11,78.87,49.94,16.6,38.27,49.72,6.51,435.7,44.73,Early_Blight
14.69,94.52,56.65,28.12,27.25,28.9,6.84,456.1,48.9,Rust
30.12,25.75,29.6,45.63,31.92,48.94,5.16,234.7,36.47,Healthy
22.78,91.74,35.2,22.78,32.01,18.61,6.74,242.8,37.04,Powdery_Mildew
21.42,66.49,51.98,47.28,18.13,26.12,5.05,723.9,41.4,Root_Rot
33.32,77.28,22.23,17.43,38.07,20.42,6.94,287.5,30.97,Early_Blight
20.46,84.34,58.21,31.08,19.11,26.29,7.58,736.3,51.69,Rust
25.3,88.05,45.47,24.72,24.92,38.48,7.6,270.2,44.96,Powdery_Mildew
38.34,67.83,52.13,33.71,28.54,15.53,5.99,804.6,42.44,Early_Blight
42.07,66.91,44.64,32.47,40.08,24.77,6.68,448.1,40.95,Healthy
11.54,76.4,31.65,46.44,14.15,24.49,6.25,845.9,46.72,Healthy
32.66,61.03,44.17,44.61,25.74,14.67,6.05,540.4,44.45,Healthy
19.82,58.18,54.89,46.58,26.17,15.66,5.69,658.7,47.76,Root_Rot
26.73,83.67,27.8,45.46,19.37,30.54,7.33,787.8,46.67,Bacterial_Leaf_Spot
27.36,76.23,61.47,13.57,27.64,42.87,7.49,371.4,49.46,Early_Blight
30.43,90.54,37.01,49.97,37.64,48.19,7.36,294.7,48.43,Bacterial_Leaf_Spot
26.81,87.3,38.26,38.75,13.45,13.77,8.17,967.7,52.26,Bacterial_Leaf_Spot
22.98,78.02,57.37,45.63,47.73,17.35,5.07,736.7,47.36,Root_Rot
21.13,88.14,39.12,29.99,21.86,13.55,6.13,302.3,36.59,Powdery_Mildew
12.67,40.27,50.25,32.65,35.2,12.96,5.37,240.1,38.82,Root_Rot
35.2,37.48,17.21,43.44,32.62,17.09,4.93,917.9,28.52,Healthy
13.32,26.46,45.81,41.97,18.12,39.13,6.03,756.0,46.6,Healthy
23.59,90.01,21.38,9.91,40.71,30.54,5.59,246.3,35.27,Powdery_Mildew
39.52,64.74,57.99,42.95,28.69,46.43,4.75,734.2,50.34,Root_Rot
36.25,50.57,58.62,18.55,28.46,35.14,4.9,522.4,34.59,Root_Rot
22.56,76.01,25.25,19.63,12.94,46.69,6.1,824.3,39.59,Healthy
14.8,87.65,57.78,30.07,50.91,46.83,6.08,246.6,46.96,Rust
40.45,90.27,9.49,32.61,18.51,20.66,5.07,466.0,31.44,Early_Blight
21.16,90.25,61.42,32.62,46.26,18.6,7.13,993.8,51.48,Rust
17.97,80.91,38.4,22.73,46.9,31.59,6.65,869.2,45.66,Healthy
27.58,86.49,61.73,46.94,13.1,48.28,7.86,817.6,61.91,Bacterial_Leaf_Spot
28.83,65.16,46.1,27.22,25.91,30.32,7.96,722.8,47.1,Powdery_Mildew
34.71,80.23,58.93,17.74,49.28,41.35,5.24,796.9,45.73,Root_Rot
24.94,92.94,20.21,17.52,38.5,45.33,5.51,421.1,28.02,Early_Blight
38.49,81.18,9.0,19.99,49.28,33.64,6.52,766.8,44.19,Early_Blight
38.73,33.28,51.59,37.34,46.27,44.64,4.98,359.3,42.52,Root_Rot
19.84,27.11,19.12,18.63,45.6,20.99,7.89,305.3,35.56,Healthy
20.82,83.2,33.06,45.12,18.63,22.15,6.01,260.8,40.21,Powdery_Mildew
27.97,73.83,27.67,39.2,31.44,48.95,8.03,840.2,47.47,Healthy
31.86,68.12,46.33,15.99,49.53,16.49,6.44,588.8,38.16,Early_Blight
25.9,39.8,42.47,40.33,43.46,46.59,7.23,802.2,49.14,Healthy
37.43,87.04,30.38,41.62,21.13,15.2,6.18,264.9,31.05,Healthy
29.23,85.06,26.93,49.28,27.44,47.69,7.52,319.7,43.65,Bacterial_Leaf_Spot
29.17,89.06,31.9,46.36,39.95,37.22,7.69,259.4,50.43,Bacterial_Leaf_Spot
31.59,85.07,20.25,45.15,29.87,18.85,7.76,235.3,39.84,Bacterial_Leaf_Spot
20.49,91.48,33.22,10.49,35.79,37.69,6.23,327.0,40.22,Powdery_Mildew
21.85,94.38,38.67,11.03,35.67,38.69,6.23,339.0,31.88,Powdery_Mildew
21.6,71.77,59.52,10.95,37.98,31.31,7.72,980.1,51.24,Healthy
24.23,44.09,36.51,35.74,27.61,15.21,8.05,465.3,39.04,Healthy
31.08,65.91,35.02,10.69,43.77,11.1,5.54,956.5,41.4,Early_Blight
24.22,76.18,52.19,22.47,10.78,47.36,7.51,194.8,40.98,Early_Blight
21.86,84.21,36.74,30.69,34.48,32.55,7.54,258.3,38.64,Root_Rot
18.28,84.54,59.42,23.46,48.73,18.91,7.78,448.4,50.55,Rust
31.7,66.92,45.94,32.11,37.27,13.58,5.25,725.5,33.9,Early_Blight
23.79,87.84,17.78,40.53,23.47,16.67,7.37,238.5,31.4,Powdery_Mildew
29.44,70.9,37.51,35.69,16.54,17.03,5.8,621.3,37.48,Healthy
33.41,72.24,24.93,46.45,30.14,20.19,5.37,551.4,33.73,Healthy
22.23,91.57,46.2,39.31,23.4,29.88,6.26,282.7,38.27,Powdery_Mildew
34.11,92.37,41.08,45.84,14.05,19.76,7.69,928.5,49.0,Powdery_Mildew
37.15,81.43,58.04,39.37,19.42,50.18,5.78,192.4,43.28,Root_Rot
33.9,73.31,31.09,13.78,31.57,41.76,7.18,741.3,35.48,Early_Blight
32.51,75.31,25.31,38.13,29.2,38.75,7.95,955.9,49.49,Bacterial_Leaf_Spot
19.97,90.29,51.46,27.21,27.83,21.09,6.56,822.6,53.19,Rust
32.48,87.18,18.27,33.23,46.35,34.01,6.49,607.3,48.05,Early_Blight
33.91,45.19,59.85,43.54,48.48,49.4,8.34,902.2,65.8,Healthy
22.78,85.93,17.09,34.62,12.83,29.76,7.63,205.9,39.13,Powdery_Mildew
20.11,84.78,43.21,25.57,25.1,43.6,7.04,229.1,43.64,Powdery_Mildew
36.76,78.8,9.09,41.25,20.48,30.09,7.59,674.6,37.07,Bacterial_Leaf_Spot
38.46,85.79,62.22,12.62,19.46,36.69,5.91,329.0,38.53,Early_Blight
19.75,89.15,52.46,16.09,36.27,21.34,6.69,834.8,40.7,Rust
21.57,85.2,49.9,14.25,34.08,17.69,7.02,273.6,44.62,Powdery_Mildew
32.68,90.51,39.56,47.48,35.69,35.11,7.66,921.9,53.96,Bacterial_Leaf_Spot
24.94,38.47,58.66,31.15,38.78,32.81,5.62,438.3,41.08,Root_Rot
20.74,82.38,39.51,48.64,46.56,22.37,4.88,244.4,42.3,Powdery_Mildew
18.12,87.29,32.97,31.03,44.53,13.58,5.07,480.3,32.12,Healthy
28.41,91.27,58.54,38.18,18.37,47.08,4.84,197.4,38.46,Root_Rot
33.04,86.02,14.8,20.61,11.76,16.3,5.05,799.6,27.93,Early_Blight
20.34,82.65,43.7,20.95,41.95,34.33,7.55,265.0,47.12,Powdery_Mildew
37.32,85.45,36.02,38.87,21.62,15.67,7.97,321.2,42.45,Bacterial_Leaf_Spot
25.22,85.29,60.31,50.04,27.0,48.61,7.77,298.3,50.69,Powdery_Mildew
12.44,84.28,10.5,39.13,25.77,22.14,6.84,632.3,34.39,Healthy
22.15,86.79,24.7,35.59,34.45,34.45,7.78,408.3,43.21,Healthy
39.17,80.81,44.64,38.45,36.44,24.56,7.51,895.2,44.9,Powdery_Mildew
15.94,90.17,57.23,18.88,27.95,16.43,6.67,895.8,43.77,Rust
31.71,85.94,20.79,43.96,48.5,23.1,7.44,835.1,44.11,Bacterial_Leaf_Spot
31.78,26.13,65.25,37.05,35.2,20.05,7.88,586.1,50.11,Healthy
38.01,38.78,23.06,19.35,30.78,31.53,5.77,504.3,37.35,Healthy
33.4,71.43,64.96,27.84,45.38,14.99,6.62,531.8,40.38,Early_Blight
21.54,28.48,60.98,19.07,50.44,24.3,6.38,727.2,49.73,Healthy
20.9,87.8,11.49,13.2,32.15,30.86,5.63,256.1,30.64,Powdery_Mildew
23.18,83.34,13.14,35.84,44.84,43.51,6.56,227.5,37.73,Powdery_Mildew
16.29,78.74,51.78,20.1,40.44,40.39,4.89,338.6,43.5,Root_Rot
12.51,66.02,13.54,50.03,35.92,32.53,6.38,958.8,37.69,Healthy
24.72,34.87,56.46,31.0,36.43,31.77,5.71,463.2,42.58,Root_Rot
31.64,66.99,59.38,27.68,24.5,42.71,5.33,526.3,39.11,Root_Rot
25.57,81.49,56.05,25.07,38.03,41.45,5.5,383.8,46.31,Root_Rot
33.82,88.04,34.89,19.26,24.64,33.13,5.9,828.2,38.56,Early_Blight
14.69,89.14,63.35,34.36,32.65,30.63,6.55,510.1,45.62,Rust
19.87,56.41,57.95,16.86,40.89,15.73,8.24,308.5,48.67,Powdery_Mildew
19.55,40.57,12.2,24.24,25.75,46.89,6.51,457.0,43.58,Healthy
41.46,67.74,22.22,19.08,25.69,28.39,5.04,179.6,26.29,Early_Blight
24.21,89.97,47.21,49.65,44.35,25.08,7.49,200.1,49.09,Powdery_Mildew
13.71,51.84,21.78,12.08,18.65,27.24,6.17,586.9,31.86,Healthy
23.91,26.32,46.69,31.29,19.52,31.57,4.82,771.6,39.3,Healthy
23.52,85.03,22.56,19.57,39.14,30.75,5.96,602.2,37.38,Healthy
38.6,66.33,23.05,9.72,43.18,26.72,5.65,683.5,36.88,Early_Blight
35.71,92.73,51.69,43.99,38.83,39.5,5.77,849.6,50.99,Root_Rot
14.65,82.22,59.47,49.13,17.68,21.27,5.64,375.4,43.5,Root_Rot
18.59,91.9,56.53,47.51,16.45,12.68,7.84,983.8,55.29,Rust
23.16,91.97,33.01,28.21,33.98,22.18,6.44,223.6,35.15,Powdery_Mildew
32.92,65.98,38.34,20.23,17.05,46.08,7.4,825.7,43.51,Early_Blight
36.27,36.79,23.0,38.28,30.55,21.23,6.76,846.7,38.07,Early_Blight
34.73,53.42,57.64,16.65,19.45,41.07,6.15,490.0,44.6,Healthy
30.64,47.78,11.38,22.56,10.82,39.88,8.12,599.2,35.28,Healthy
19.79,69.66,24.55,32.11,10.1,15.15,7.39,498.3,41.29,Healthy
19.67,59.21,60.51,16.75,39.68,14.59,8.23,322.5,38.55,Healthy
26.9,87.8,63.74,46.73,13.11,48.33,7.95,786.2,60.56,Bacterial_Leaf_Spot
38.28,29.83,21.2,32.54,44.24,25.36,6.2,967.4,40.77,Healthy
33.47,25.85,17.77,12.46,10.05,12.23,7.99,606.8,35.24,Healthy
34.03,70.21,65.36,27.3,48.06,13.14,6.63,556.6,50.53,Early_Blight
13.61,85.78,53.42,17.06,32.3,28.64,7.63,302.9,48.62,Root_Rot
21.19,26.73,37.4,16.91,30.06,28.14,5.53,755.7,37.55,Healthy
37.16,33.66,56.94,12.32,47.5,23.16,5.04,484.1,35.84,Root_Rot
14.78,53.4,64.17,27.22,24.29,30.56,4.89,519.3,41.81,Root_Rot
17.12,46.31,57.86,45.17,39.57,14.93,4.82,352.8,41.79,Root_Rot
22.88,86.88,49.19,45.94,46.02,47.98,7.44,320.1,46.42,Powdery_Mildew
20.33,35.74,35.26,37.02,43.02,44.21,6.52,422.9,38.34,Healthy
38.23,65.84,58.4,17.68,46.31,39.57,5.7,371.0,53.86,Root_Rot
27.7,89.97,18.21,37.79,42.46,43.86,4.89,742.6,45.41,Healthy
22.86,86.99,18.45,44.74,22.83,13.39,7.41,229.7,31.84,Powdery_Mildew
13.7,82.82,57.57,13.49,28.73,21.44,7.82,233.1,47.35,Rust
14.57,34.9,22.35,38.76,33.22,18.12,7.24,505.7,36.63,Healthy
35.37,60.03,64.2,16.36,38.3,31.19,5.22,528.1,35.1,Root_Rot
18.79,89.76,11.74,44.0,24.08,33.7,8.03,474.8,45.48,Healthy
18.5,87.98,59.39,40.1,16.36,37.63,7.57,582.7,51.28,Rust
28.33,93.61,14.96,42.03,19.02,19.7,7.84,415.1,37.43,Bacterial_Leaf_Spot
21.11,56.38,45.5,27.98,41.64,20.45,7.72,287.5,44.63,Healthy
26.14,66.51,39.98,18.7,43.91,16.87,6.91,313.0,39.7,Early_Blight
24.18,90.29,53.59,21.61,47.71,28.85,6.54,234.8,45.23,Rust
23.74,85.79,44.33,25.12,24.31,40.61,7.46,268.7,35.69,Powdery_Mildew
23.49,92.99,55.21,24.28,37.56,19.7,5.09,380.1,32.65,Root_Rot
21.09,86.73,58.96,45.75,12.79,22.32,6.09,882.1,47.34,Rust
28.77,44.38,44.08,16.48,39.95,40.6,4.83,991.0,46.75,Healthy
22.29,91.81,43.51,23.1,17.77,40.45,7.63,268.1,53.35,Powdery_Mildew
18.36,89.7,61.12,27.48,21.67,29.66,5.85,982.9,42.81,Rust
30.06,81.91,19.86,32.53,45.23,16.36,6.02,297.3,37.99,Early_Blight
26.21,69.59,54.14,30.99,31.5,13.59,6.26,607.7,40.15,Early_Blight
31.04,67.28,54.12,16.0,49.47,24.0,6.53,866.2,50.25,Early_Blight
13.85,73.64,17.49,49.53,15.09,10.85,6.82,224.8,28.05,Healthy
31.65,47.86,29.08,40.82,22.48,12.82,7.86,885.1,41.98,Healthy
32.51,73.69,62.65,16.32,20.89,49.95,5.98,929.3,50.87,Early_Blight
31.39,71.82,52.99,14.09,39.47,33.97,4.76,306.8,41.19,Root_Rot
35.42,86.46,58.07,14.99,13.75,22.84,6.55,266.0,45.94,Early_Blight
16.42,92.04,64.02,18.57,33.95,28.32,8.1,428.0,53.75,Rust
26.02,92.22,47.03,46.05,34.89,33.98,7.73,844.7,53.94,Bacterial_Leaf_Spot
22.09,81.14,43.26,39.11,43.51,45.58,7.31,322.3,46.14,Powdery_Mildew
36.18,77.29,42.11,33.85,49.94,49.56,7.86,523.8,56.41,Early_Blight
30.29,65.59,18.08,29.11,22.03,14.54,7.0,422.0,33.01,Early_Blight
36.35,51.01,52.54,45.13,40.17,16.62,6.66,908.7,50.55,Healthy
22.66,52.69,23.79,44.36,25.42,29.79,7.77,428.2,34.56,Healthy
38.37,74.18,28.63,25.64,31.85,47.6,5.79,431.0,37.64,Rust
21.31,93.87,43.92,44.37,15.46,29.0,6.77,250.3,47.46,Powdery_Mildew
33.69,44.51,24.03,30.03,30.91,39.35,6.44,341.0,31.68,Healthy
29.72,38.58,54.54,17.17,32.39,40.47,5.31,742.5,40.21,Root_Rot
21.01,30.41,20.74,44.85,43.01,16.72,7.0,320.5,38.02,Healthy
17.53,92.76,56.36,19.81,25.5,13.86,6.98,314.4,43.74,Rust
17.8,62.25,61.19,20.97,42.56,12.36,4.87,498.8,35.2,Root_Rot
22.07,93.0,55.98,44.86,34.96,42.19,7.25,860.9,50.03,Rust
24.07,84.43,28.97,46.74,44.85,18.91,5.58,199.8,33.59,Powdery_Mildew
22.89,86.29,50.61,12.24,27.63,20.32,7.35,327.3,49.19,Powdery_Mildew
21.19,84.75,18.53,45.97,24.37,15.91,7.39,236.5,43.46,Powdery_Mildew
24.7,94.23,63.47,20.28,13.98,28.72,7.33,686.6,45.53,Rust
18.66,91.04,51.5,21.79,36.97,37.12,6.83,859.6,49.48,Rust
19.05,91.77,55.33,32.67,38.69,49.17,5.96,823.2,56.55,Rust
21.4,88.13,41.19,43.38,15.08,30.03,6.71,249.6,44.96,Early_Blight
24.97,93.6,31.29,28.87,40.83,18.4,7.17,236.7,45.15,Powdery_Mildew
18.7,89.64,55.76,31.09,13.59,13.83,7.78,587.5,50.11,Rust
24.27,90.12,12.34,34.75,16.99,40.95,5.52,417.5,33.2,Early_Blight
27.1,82.83,13.16,29.26,25.34,36.65,6.09,789.9,38.19,Early_Blight
16.59,92.64,58.28,35.3,43.25,36.82,6.35,479.8,47.42,Rust
24.47,95.29,11.57,15.72,27.11,16.02,7.39,990.2,33.05,Healthy
18.78,86.51,57.17,19.43,28.13,48.24,6.93,584.7,50.37,Rust
40.23,81.67,44.15,20.07,19.62,46.47,5.5,773.9,39.71,Early_Blight
18.3,94.05,26.74,22.86,42.62,39.25,7.4,280.3,37.37,Healthy
23.14,84.06,13.97,36.36,46.47,43.77,6.64,239.0,44.27,Powdery_Mildew
15.92,64.29,41.64,35.69,13.93,34.82,6.59,813.2,42.95,Healthy
29.29,71.47,47.38,12.55,22.12,45.49,7.34,245.4,34.15,Early_Blight
41.34,88.53,41.92,14.31,17.88,37.3,8.13,486.8,48.0,Early_Blight
38.94,49.58,38.7,39.67,32.5,14.1,5.45,392.6,39.65,Bacterial_Leaf_Spot
22.91,91.21,21.07,21.99,42.78,30.18,5.13,331.8,25.59,Powdery_Mildew
22.8,80.44,59.13,38.44,40.35,35.31,6.83,247.4,46.6,Powdery_Mildew
26.64,27.47,43.23,36.74,34.69,10.58,8.03,970.1,50.87,Healthy
15.25,85.08,58.1,11.45,44.27,16.22,5.6,767.4,43.25,Root_Rot
31.3,40.48,63.45,13.18,16.01,22.47,5.04,403.7,37.62,Root_Rot
23.8,93.16,35.53,20.47,28.62,14.32,6.93,239.5,28.4,Powdery_Mildew
33.65,42.55,32.03,45.16,20.05,16.74,7.9,709.4,44.07,Powdery_Mildew
14.5,32.94,48.06,15.19,39.15,41.71,8.18,869.1,45.01,Healthy
32.55,46.01,46.11,44.99,47.31,18.55,5.74,586.5,41.41,Healthy
21.0,86.59,33.95,45.46,25.21,17.38,5.81,238.1,39.43,Powdery_Mildew
28.86,90.62,35.85,45.67,48.85,22.06,7.56,471.1,49.66,Bacterial_Leaf_Spot
41.66,64.6,52.28,13.33,20.07,38.12,6.69,719.5,45.95,Healthy
16.12,87.09,11.76,25.88,34.21,35.2,6.14,318.7,27.07,Healthy
23.27,81.93,57.16,17.0,30.03,37.66,7.77,371.9,47.56,Rust
25.89,75.52,60.04,30.51,48.1,41.49,5.58,617.4,56.2,Root_Rot
40.77,91.95,42.39,16.46,23.83,48.62,8.19,764.9,50.04,Early_Blight
23.98,92.4,60.34,16.28,45.88,25.18,7.57,396.7,50.32,Rust
20.55,46.2,49.9,29.71,42.38,17.2,6.81,792.6,45.03,Healthy
20.67,90.17,20.76,32.64,48.71,21.12,7.57,261.5,37.5,Powdery_Mildew
13.11,34.99,64.85,39.24,48.58,41.84,7.95,572.5,46.8,Healthy
27.83,51.0,51.45,29.76,23.44,32.81,4.82,782.9,35.7,Root_Rot
32.61,80.34,31.55,10.04,38.92,37.28,7.97,984.2,53.18,Early_Blight
26.82,94.27,59.93,33.83,33.52,40.77,7.42,688.7,53.06,Early_Blight
38.1,77.97,41.63,16.93,29.39,25.67,8.04,411.8,46.47,Early_Blight
31.63,25.35,16.51,30.27,30.72,34.47,5.63,584.2,29.8,Healthy
25.6,88.98,11.68,46.34,26.37,23.52,7.74,253.8,37.89,Powdery_Mildew
20.93,90.99,51.97,48.16,23.52,42.46,7.89,869.7,51.12,Rust
34.82,86.82,17.01,41.97,37.85,34.04,7.82,673.9,47.92,Bacterial_Leaf_Spot
22.35,83.64,21.89,30.61,26.66,39.4,7.66,310.0,41.52,Powdery_Mildew
31.45,88.64,28.78,45.64,46.63,17.17,7.86,365.5,47.03,Bacterial_Leaf_Spot
18.09,92.67,19.33,34.77,17.4,27.78,6.58,284.3,32.97,Early_Blight
32.15,47.59,60.74,37.23,24.68,35.21,5.25,835.1,39.36,Root_Rot
30.57,85.77,23.6,13.19,15.92,37.43,5.43,440.5,30.42,Early_Blight
22.58,91.78,23.92,43.93,32.48,28.68,7.45,310.5,37.17,Powdery_Mildew
21.29,90.16,49.33,41.63,27.47,20.84,6.3,817.1,46.45,Rust
15.86,91.73,49.94,10.76,34.97,19.66,6.16,958.7,44.47,Rust
37.81,86.88,56.35,40.25,23.03,42.67,7.94,716.3,53.75,Bacterial_Leaf_Spot
29.07,27.05,31.83,35.16,47.26,31.73,5.62,690.7,36.57,Healthy
39.24,82.31,54.82,49.52,40.35,24.49,4.88,626.1,47.33,Early_Blight
28.03,92.2,58.23,42.61,27.17,33.69,8.08,791.9,58.31,Bacterial_Leaf_Spot
29.8,90.35,37.31,46.03,12.51,45.99,7.85,667.4,49.22,Bacterial_Leaf_Spot
14.63,80.5,52.13,21.04,40.7,40.02,4.87,321.1,43.62,Root_Rot
39.45,31.24,51.95,43.04,11.14,36.85,5.21,743.2,37.78,Root_Rot
20.06,89.11,56.46,38.14,32.33,44.06,7.54,646.8,59.32,Rust
30.01,90.22,18.21,48.94,11.56,36.38,7.63,656.3,37.17,Bacterial_Leaf_Spot
34.07,83.76,23.03,24.28,43.24,38.26,7.54,766.5,47.59,Early_Blight
25.16,88.58,51.26,47.09,24.23,41.38,7.75,215.4,46.49,Powdery_Mildew
26.4,91.1,39.54,49.26,42.12,24.21,7.33,845.9,52.88,Bacterial_Leaf_Spot
27.84,68.39,52.72,12.81,13.25,47.26,5.59,650.3,40.08,Root_Rot
32.2,91.36,25.58,48.58,32.07,13.29,7.71,286.7,44.74,Bacterial_Leaf_Spot
32.31,68.43,20.98,14.68,44.93,14.6,5.02,651.8,31.64,Early_Blight
26.65,82.62,14.34,43.79,26.28,49.78,7.86,634.5,47.18,Bacterial_Leaf_Spot
28.3,62.91,24.88,21.04,26.79,49.31,7.78,341.2,41.95,Healthy
35.5,33.96,57.72,14.25,44.82,20.15,5.98,725.4,39.15,Healthy
27.89,79.73,47.51,18.93,40.49,34.85,7.76,848.3,43.98,Early_Blight
38.08,91.95,20.13,11.82,13.72,38.53,5.33,358.0,35.75,Early_Blight
22.39,92.11,41.0,32.2,15.54,49.15,6.06,256.7,41.34,Powdery_Mildew
25.96,56.79,63.81,20.27,43.93,42.7,4.92,265.0,38.47,Root_Rot
22.13,87.89,50.84,45.72,42.08,45.37,7.68,258.2,52.34,Powdery_Mildew
21.46,90.04,58.0,44.43,35.62,42.74,7.81,203.5,52.74,Powdery_Mildew
18.08,96.68,46.96,17.86,29.82,35.88,6.85,629.4,43.11,Healthy
22.48,83.01,24.41,44.9,25.69,20.76,6.14,219.2,37.87,Powdery_Mildew
33.96,83.51,24.95,31.52,27.7,15.61,5.92,500.6,35.01,Early_Blight
20.6,89.83,16.81,31.15,44.96,20.5,7.86,274.0,41.18,Powdery_Mildew
28.6,65.27,25.32,23.37,37.93,27.26,6.57,453.1,37.9,Early_Blight
14.47,90.63,59.43,32.82,14.08,47.32,6.46,410.6,36.58,Rust
22.23,41.34,56.74,13.6,39.37,33.41,5.2,841.8,41.4,Root_Rot
15.34,48.62,32.43,30.77,17.98,41.19,5.75,377.8,40.83,Healthy
22.95,40.81,49.06,31.18,25.99,30.15,5.79,505.6,33.95,Root_Rot
33.0,88.13,54.47,20.14,13.2,39.41,6.92,801.6,43.36,Early_Blight
21.21,50.66,28.26,16.55,40.71,25.62,7.1,616.6,41.47,Healthy
28.27,73.24,9.39,22.21,34.36,13.68,7.75,559.0,34.88,Root_Rot
31.51,69.38,39.93,20.65,13.39,10.95,4.91,341.4,24.36,Early_Blight
22.08,90.32,30.69,11.71,34.39,36.65,6.31,328.0,40.1,Powdery_Mildew
27.1,88.95,56.78,46.99,35.58,48.27,7.88,535.6,59.63,Bacterial_Leaf_Spot
25.84,82.86,14.12,44.97,14.72,28.73,8.0,971.5,42.58,Bacterial_Leaf_Spot
20.03,89.54,51.66,20.68,35.76,42.53,6.57,790.3,42.23,Rust
31.24,52.49,58.85,15.76,31.02,26.74,5.07,990.9,46.6,Root_Rot
22.86,91.25,17.23,38.81,12.02,23.65,5.13,338.5,24.74,Powdery_Mildew
38.93,65.66,36.73,12.75,10.9,26.24,6.93,758.5,36.66,Early_Blight
19.34,87.14,56.69,38.29,36.71,31.98,6.85,797.3,46.67,Rust
31.09,86.4,31.89,47.02,38.99,37.79,7.68,283.5,48.42,Bacterial_Leaf_Spot
15.58,43.49,21.77,17.87,30.18,36.53,6.92,769.9,37.46,Healthy
26.23,79.35,49.96,26.16,10.51,40.73,7.07,260.6,44.07,Early_Blight
23.25,81.83,59.91,39.31,38.44,38.77,6.52,247.3,51.38,Powdery_Mildew
22.97,89.45,23.84,10.15,36.91,33.6,6.07,299.6,34.1,Powdery_Mildew
41.42,77.08,51.61,32.99,12.88,30.59,7.8,293.4,46.19,Early_Blight
26.12,65.54,40.16,18.7,44.69,17.25,6.82,320.1,37.75,Early_Blight
28.21,81.62,63.21,46.16,33.7,20.86,7.46,297.1,51.53,Bacterial_Leaf_Spot
22.73,91.21,52.32,44.13,25.89,38.81,7.21,601.4,48.23,Rust
20.11,83.14,23.24,40.17,34.12,12.44,5.29,242.0,19.91,Powdery_Mildew
16.32,37.92,27.25,17.19,16.72,46.29,7.28,563.8,37.13,Healthy
24.96,87.22,51.88,19.16,14.58,17.05,7.18,351.2,33.94,Early_Blight
18.95,95.06,50.38,21.3,44.55,13.53,8.06,678.4,42.51,Rust
35.97,56.49,54.62,32.01,17.72,20.57,5.06,446.7,37.19,Root_Rot
23.69,89.1,29.42,47.17,36.6,28.16,7.53,268.5,41.21,Powdery_Mildew
36.93,65.03,56.21,9.46,41.01,45.52,5.43,863.2,41.05,Root_Rot
32.67,32.95,7.37,25.37,28.62,33.77,7.94,725.2,38.52,Healthy
33.49,79.92,50.91,33.86,31.05,36.11,5.22,893.2,43.76,Root_Rot
16.41,51.03,64.06,24.77,27.1,27.1,5.01,744.7,48.37,Root_Rot
32.25,84.95,29.04,39.04,26.78,43.54,7.69,815.2,50.86,Bacterial_Leaf_Spot
39.83,32.99,58.85,36.69,37.43,47.5,5.45,422.3,44.82,Root_Rot
13.3,26.44,43.0,40.33,17.51,40.62,6.0,767.3,43.04,Healthy
41.19,93.71,51.1,16.92,29.32,17.03,6.75,446.1,54.53,Early_Blight
25.5,41.17,39.29,45.93,34.39,33.14,7.41,665.4,44.67,Powdery_Mildew
28.56,65.52,25.27,35.77,17.95,45.82,5.72,297.7,36.23,Healthy
20.91,88.05,39.65,26.4,24.27,43.49,6.78,258.8,41.03,Powdery_Mildew
29.62,87.68,18.98,49.43,30.56,39.39,7.62,308.5,42.99,Bacterial_Leaf_Spot
19.87,90.22,53.01,42.05,24.37,12.4,6.24,900.7,50.39,Rust
21.88,83.7,46.02,41.73,34.22,44.94,6.3,277.5,45.01,Powdery_Mildew
30.65,86.99,11.51,18.76,33.87,21.69,7.68,886.2,43.37,Early_Blight
24.72,30.04,57.78,27.81,28.61,13.2,5.12,491.1,31.39,Root_Rot
25.83,95.21,34.25,25.26,47.17,30.31,6.69,694.3,50.24,Early_Blight
35.04,62.53,21.81,46.27,34.97,36.05,5.91,833.0,44.86,Early_Blight
37.78,86.34,63.08,15.21,22.51,14.5,6.73,829.9,41.51,Early_Blight
29.95,94.55,36.97,32.56,25.95,23.8,6.06,591.3,43.1,Early_Blight
16.77,79.15,56.31,33.05,23.66,24.55,5.49,619.2,42.02,Root_Rot
35.6,84.24,8.35,47.72,20.32,10.89,5.88,943.7,34.73,Healthy
31.94,91.29,51.03,42.93,20.37,19.62,7.35,940.2,53.51,Bacterial_Leaf_Spot
22.54,88.07,43.86,25.94,40.96,18.55,7.37,286.0,44.66,Powdery_Mildew
27.15,52.09,43.15,44.39,28.09,15.52,8.19,312.1,38.33,Healthy
21.38,37.07,12.72,42.64,20.6,32.02,6.69,921.5,38.63,Early_Blight
25.38,86.69,60.45,32.39,26.88,38.75,7.53,707.6,50.42,Early_Blight
22.53,95.56,52.91,12.97,17.96,42.59,7.85,297.5,48.34,Powdery_Mildew
12.42,38.19,47.81,24.3,13.83,14.58,8.11,774.7,42.55,Healthy
41.99,56.95,15.98,16.93,44.23,11.55,7.33,324.6,28.71,Healthy
24.11,90.71,48.79,48.3,43.57,22.55,7.48,235.9,52.78,Powdery_Mildew
21.81,92.22,45.53,41.39,20.61,28.14,6.29,299.1,39.61,Powdery_Mildew
26.32,80.13,56.33,22.87,36.0,43.95,6.13,937.7,52.44,Early_Blight
38.37,79.17,23.18,9.69,48.66,19.47,5.0,375.3,33.69,Healthy
20.86,85.44,63.25,21.46,27.45,20.13,6.04,256.5,40.26,Powdery_Mildew
25.96,45.33,33.46,23.44,29.24,14.35,5.16,406.3,40.13,Healthy
31.02,31.77,58.83,33.26,46.77,35.73,5.42,849.2,45.32,Root_Rot
14.57,37.07,27.76,21.79,50.7,24.91,8.2,762.7,39.86,Healthy
22.04,86.99,27.91,44.86,19.11,20.96,5.88,263.7,28.96,Powdery_Mildew
13.38,50.43,10.06,27.5,26.37,31.88,4.88,849.6,34.31,Root_Rot
22.85,37.87,45.83,27.67,15.24,32.31,5.0,692.7,35.82,Healthy
21.69,41.03,64.11,15.34,40.47,33.85,5.68,870.9,52.47,Root_Rot
37.8,27.53,25.14,20.84,36.13,41.86,6.73,958.3,44.28,Healthy
38.42,84.15,14.78,11.38,24.98,32.5,6.43,709.1,46.55,Root_Rot
20.61,57.3,56.24,30.1,50.03,10.66,5.02,692.7,42.73,Root_Rot
33.07,82.5,65.85,48.88,24.28,22.07,7.81,786.8,57.4,Bacterial_Leaf_Spot
35.53,87.2,9.17,22.56,19.38,33.84,5.13,228.9,32.89,Early_Blight
31.69,76.15,46.21,28.92,22.09,31.69,8.1,706.8,53.29,Early_Blight
31.57,93.51,15.56,21.89,26.37,46.26,7.38,424.7,44.14,Early_Blight
25.93,83.22,24.29,47.08,35.93,18.43,7.45,559.6,41.23,Bacterial_Leaf_Spot
24.89,81.26,55.08,12.65,44.05,24.81,6.71,230.2,39.08,Powdery_Mildew
23.28,32.24,54.36,19.28,23.77,43.47,5.16,839.3,35.71,Root_Rot
29.09,75.42,22.68,31.06,36.97,29.15,6.46,254.6,36.03,Early_Blight
35.73,49.0,18.95,22.93,37.59,24.27,7.3,849.3,41.13,Healthy
23.46,83.6,54.35,38.29,36.46,35.37,5.51,339.6,44.02,Root_Rot
23.94,92.86,22.69,24.5,30.15,22.2,7.28,433.5,34.1,Early_Blight
17.45,92.68,23.94,37.52,11.48,27.84,8.14,350.0,44.73,Healthy
20.95,85.17,37.81,48.97,30.79,42.7,8.11,336.2,47.21,Powdery_Mildew
32.85,72.35,50.36,25.69,12.66,24.7,7.87,373.9,46.2,Early_Blight
30.74,74.3,53.22,38.5,28.27,13.66,5.6,665.2,46.62,Root_Rot
20.33,88.78,51.44,39.56,29.85,19.98,6.53,807.1,48.79,Rust
23.64,83.4,30.09,47.13,43.93,21.71,5.5,213.2,36.04,Early_Blight
31.22,83.97,40.08,17.67,37.16,26.61,7.37,950.5,49.15,Early_Blight
35.09,90.27,38.96,23.38,35.54,41.87,5.12,892.4,40.85,Early_Blight
20.82,93.83,50.49,46.23,18.54,46.63,6.35,594.5,42.82,Rust
32.01,85.28,15.27,48.13,49.93,21.65,7.46,859.1,41.37,Bacterial_Leaf_Spot
22.3,83.0,31.99,30.39,39.29,43.78,7.21,314.0,50.14,Powdery_Mildew
37.7,48.39,54.66,13.0,16.16,47.52,5.52,435.0,35.4,Root_Rot
20.05,91.2,65.49,35.03,11.6,36.53,6.48,969.7,60.99,Rust
29.63,34.08,62.85,38.04,36.38,27.78,5.11,1002.4,48.36,Root_Rot
25.78,88.76,59.48,38.99,14.48,20.33,5.3,333.1,45.47,Root_Rot
21.95,86.31,25.51,32.07,41.44,20.71,7.57,817.0,45.29,Healthy
14.47,29.61,35.33,29.7,14.56,48.3,7.84,580.9,44.47,Healthy
33.14,88.73,29.0,38.32,14.77,34.32,5.73,744.5,34.64,Healthy
35.24,79.93,25.41,15.97,18.75,24.18,7.69,429.5,35.79,Early_Blight
12.9,35.0,46.1,24.79,12.13,13.74,8.08,746.4,40.56,Healthy
21.32,91.53,61.46,25.77,19.01,29.41,7.21,774.9,50.18,Rust
35.71,32.47,36.83,22.7,42.68,30.08,6.65,299.2,38.28,Healthy
22.63,91.79,34.33,26.91,35.13,23.0,6.68,221.3,34.18,Powdery_Mildew
19.61,40.61,45.37,45.31,29.3,42.39,6.21,642.9,42.32,Healthy
31.74,49.48,62.25,30.53,48.11,22.45,7.6,805.7,55.03,Healthy
40.94,94.23,39.94,12.37,19.59,13.75,7.35,630.9,44.18,Early_Blight
21.43,83.56,45.61,47.16,35.44,34.15,7.98,338.1,53.99,Powdery_Mildew
30.04,71.18,20.71,26.01,27.82,43.02,6.18,527.0,35.11,Early_Blight
19.27,47.49,42.96,12.1,20.9,20.66,6.11,446.9,32.76,Healthy
20.27,92.33,21.56,41.2,24.17,45.94,6.26,318.2,43.52,Powdery_Mildew
12.88,83.82,51.56,47.88,21.23,21.23,5.62,428.7,42.1,Root_Rot
37.59,77.54,10.17,24.99,42.45,27.63,6.49,750.5,40.6,Early_Blight
15.17,34.54,29.12,20.02,49.96,25.5,8.17,783.2,51.27,Healthy
38.64,93.29,29.43,22.83,24.07,46.2,4.89,777.8,37.77,Early_Blight
33.27,94.09,21.73,11.21,48.88,21.84,7.5,201.0,36.58,Early_Blight
34.91,75.29,11.87,25.86,46.69,21.48,5.43,601.5,33.09,Early_Blight
36.38,30.48,38.96,26.66,46.57,44.0,5.81,729.5,40.02,Healthy
32.94,85.61,9.94,47.56,27.0,42.45,7.55,505.5,43.28,Bacterial_Leaf_Spot
22.62,83.22,30.98,30.32,39.99,42.78,7.35,301.9,43.76,Powdery_Mildew
25.43,85.55,23.7,30.1,46.82,42.15,5.64,218.7,34.56,Early_Blight
16.5,37.44,53.43,25.62,26.45,22.74,5.0,733.3,43.28,Root_Rot
40.76,65.58,17.01,36.14,31.16,27.11,6.94,688.8,47.83,Healthy
23.32,94.35,40.77,14.69,11.43,15.31,6.21,269.9,30.63,Powdery_Mildew
18.24,89.17,48.23,14.42,45.18,34.56,6.86,476.1,40.89,Rust
35.05,72.55,10.02,15.85,47.8,26.2,6.26,891.5,28.9,Early_Blight
12.49,59.12,12.63,24.48,32.59,35.7,6.16,546.4,36.59,Healthy
21.95,88.32,14.65,13.54,23.13,24.5,5.38,300.8,31.81,Powdery_Mildew
35.45,52.54,56.05,17.25,31.22,44.73,5.54,974.9,45.11,Root_Rot
25.97,87.64,58.99,42.45,26.56,45.2,5.49,814.2,44.96,Root_Rot
27.48,89.09,10.48,47.82,35.61,27.23,7.8,584.1,43.54,Bacterial_Leaf_Spot
18.15,70.71,61.65,41.85,28.05,15.71,6.93,986.6,52.68,Healthy
25.05,34.82,57.81,21.0,22.25,38.48,5.37,832.2,41.63,Root_Rot
12.66,39.66,54.91,10.58,47.74,29.0,4.88,719.9,39.87,Root_Rot
30.58,82.24,29.81,48.67,23.74,26.74,7.47,995.6,54.93,Bacterial_Leaf_Spot
22.23,87.17,49.63,12.46,11.18,32.93,6.8,797.1,47.21,Rust
15.17,65.35,54.83,14.42,18.89,26.5,7.99,247.8,44.48,Healthy
19.68,83.54,63.34,43.96,15.57,28.49,5.08,827.5,46.71,Root_Rot
24.95,70.65,57.55,22.3,25.63,35.06,8.14,671.7,51.5,Early_Blight
22.07,91.87,53.0,46.01,50.17,29.57,7.12,876.4,53.72,Rust
28.66,32.62,52.9,13.74,23.6,20.37,5.29,225.6,40.59,Root_Rot
23.99,89.57,53.05,20.4,46.67,31.1,6.59,253.8,43.32,Powdery_Mildew
12.84,37.69,27.47,37.45,43.7,20.87,5.29,205.8,37.31,Early_Blight
39.18,62.09,39.38,26.36,17.67,26.89,6.81,283.8,39.19,Healthy
20.37,39.63,29.11,25.44,12.89,31.68,6.43,737.0,35.78,Healthy
35.77,35.35,60.14,29.85,27.93,13.57,5.1,694.4,45.21,Early_Blight
11.49,47.23,40.05,19.42,17.01,11.57,5.83,710.9,38.16,Healthy
33.49,68.95,45.63,17.46,40.89,42.76,5.49,366.8,38.23,Early_Blight
21.54,85.74,36.58,38.47,33.32,40.84,6.06,277.2,43.52,Bacterial_Leaf_Spot
31.12,26.11,16.0,30.83,30.98,33.89,5.63,595.2,31.22,Healthy
21.2,91.56,59.56,21.66,19.53,22.97,6.69,813.0,43.96,Rust
39.52,27.11,24.14,19.82,35.43,41.42,6.69,976.2,38.52,Healthy
29.77,84.64,51.48,16.23,13.45,20.82,7.48,430.7,38.12,Early_Blight
20.82,83.07,61.37,18.79,27.08,23.68,6.27,275.2,39.79,Bacterial_Leaf_Spot
35.37,83.88,42.96,32.91,36.14,43.91,6.27,402.3,45.9,Early_Blight
32.17,75.19,13.35,20.99,20.35,10.65,5.06,783.5,33.97,Early_Blight
29.97,77.13,11.06,11.12,34.72,25.86,8.09,958.3,44.6,Early_Blight
17.86,50.59,59.92,21.21,12.41,21.71,4.76,326.5,31.38,Root_Rot
40.41,87.98,50.01,22.28,49.22,20.49,5.18,820.8,42.77,Root_Rot
36.09,47.92,43.91,30.14,18.51,31.77,6.03,201.1,38.81,Healthy
15.99,56.7,62.04,11.7,22.52,47.32,5.34,445.8,44.27,Root_Rot
37.9,38.12,26.88,11.3,26.89,22.5,7.94,310.6,42.65,Early_Blight
40.7,58.8,50.86,14.43,15.85,19.99,7.16,288.1,37.98,Healthy
40.67,83.78,24.04,18.74,38.83,33.56,6.92,638.6,43.94,Early_Blight
20.71,89.01,57.42,14.52,15.84,20.88,7.46,568.9,49.68,Rust
34.09,71.8,32.53,11.99,22.58,40.36,5.25,724.8,37.19,Early_Blight
41.59,78.51,44.62,20.28,23.18,36.27,8.14,262.2,35.6,Early_Blight
41.73,32.81,35.68,14.82,37.74,45.53,6.29,647.3,38.9,Healthy
27.54,81.58,20.96,25.54,10.53,31.62,7.35,289.2,33.08,Early_Blight
37.61,77.55,58.92,16.57,43.37,19.99,6.16,236.2,46.52,Early_Blight
28.35,33.92,57.14,10.46,23.44,22.72,7.58,696.3,44.7,Healthy
34.29,81.7,22.06,29.04,24.37,16.36,5.61,652.5,36.75,Early_Blight
24.22,92.15,17.57,32.39,19.73,11.97,7.59,821.2,33.38,Early_Blight
34.52,83.47,12.02,22.53,22.51,35.51,5.09,868.0,37.61,Early_Blight
32.32,90.82,16.87,46.34,29.11,33.55,7.39,511.4,42.09,Bacterial_Leaf_Spot
24.75,41.99,32.88,47.64,14.71,40.44,5.75,675.3,37.35,Healthy
34.73,34.06,56.7,42.05,20.34,19.49,5.05,763.3,38.78,Root_Rot
16.98,42.75,45.95,40.9,32.25,49.41,6.01,403.1,36.17,Healthy
40.57,87.07,40.82,47.9,13.26,14.75,7.21,1017.5,49.25,Bacterial_Leaf_Spot
24.94,80.63,22.87,30.8,46.88,26.95,7.31,504.1,34.86,Early_Blight
33.46,78.56,15.3,19.28,35.82,41.1,5.83,288.9,32.65,Early_Blight
20.26,68.65,22.09,21.19,39.59,18.16,5.81,583.8,38.02,Healthy
20.49,87.1,58.74,14.43,12.44,32.98,7.77,558.5,47.9,Rust
21.87,88.81,56.19,46.13,36.75,44.28,7.81,219.0,54.72,Powdery_Mildew
36.06,89.44,29.15,18.81,29.56,31.48,6.44,545.8,34.64,Early_Blight
29.37,90.6,19.14,47.47,16.28,20.45,7.67,373.3,36.71,Healthy
22.97,90.8,10.27,46.67,40.28,20.13,7.48,346.1,48.03,Powdery_Mildew
35.38,91.5,21.64,23.14,32.36,45.62,7.83,827.7,40.63,Early_Blight
31.78,46.23,64.62,18.58,40.35,10.48,6.13,672.8,45.65,Healthy
31.95,88.14,65.18,47.59,20.39,39.15,7.61,317.6,53.65,Bacterial_Leaf_Spot
16.11,67.73,11.14,11.04,41.56,45.56,8.0,515.1,46.33,Healthy
19.71,86.88,25.67,23.97,13.75,47.04,5.52,830.9,37.76,Healthy
41.29,86.55,22.01,10.32,9.95,44.26,5.52,1012.1,34.32,Rust
28.31,85.61,15.74,45.89,25.49,34.62,7.89,429.4,48.36,Bacterial_Leaf_Spot
27.23,91.87,14.57,47.36,38.88,34.86,7.73,730.6,43.27,Bacterial_Leaf_Spot
12.41,36.38,48.21,24.72,12.57,14.19,8.04,766.0,41.04,Healthy
24.78,84.81,32.1,50.39,47.24,48.62,7.88,1009.9,55.78,Healthy
20.91,82.62,36.27,45.53,45.86,20.0,4.94,255.9,42.31,Powdery_Mildew
32.2,79.2,62.73,24.94,42.8,34.73,7.45,438.4,48.65,Early_Blight
22.58,75.17,11.93,35.4,32.17,48.28,5.14,265.9,41.42,Healthy
12.07,31.85,12.2,39.78,42.66,31.88,5.89,412.1,45.64,Healthy
39.45,88.47,59.49,21.39,26.77,48.88,5.71,618.3,45.5,Healthy
38.63,77.43,14.13,15.43,33.68,35.19,7.36,587.7,37.31,Early_Blight
22.38,83.55,55.98,48.23,30.89,45.88,6.45,265.4,52.66,Powdery_Mildew
36.01,80.7,44.6,43.55,25.63,32.66,6.31,659.5,32.56,Healthy
23.77,88.13,20.81,11.69,38.59,30.26,5.55,257.9,28.87,Rust
28.02,69.36,31.29,26.52,24.23,30.87,6.14,193.8,31.89,Early_Blight
21.43,91.02,61.76,36.4,13.31,38.16,6.34,974.8,48.91,Rust
21.32,91.0,45.91,42.21,13.36,33.99,6.81,222.8,40.42,Powdery_Mildew
28.16,66.53,61.79,42.27,42.06,49.31,5.32,698.5,54.11,Root_Rot
20.91,84.81,64.4,22.79,29.65,17.39,6.02,242.3,44.4,Powdery_Mildew
26.81,88.01,45.88,13.84,11.27,16.2,7.68,884.6,47.14,Early_Blight
23.05,87.77,46.84,24.31,24.65,38.97,7.57,314.6,46.16,Powdery_Mildew
22.21,87.54,60.84,38.99,19.68,21.64,6.53,726.3,48.96,Rust
18.78,52.15,12.82,40.95,26.71,28.64,6.6,965.0,39.9,Healthy
29.9,41.42,62.63,10.27,18.08,17.84,4.88,452.0,37.34,Root_Rot
19.22,93.69,50.16,22.29,45.73,14.69,8.05,689.8,53.63,Rust
38.82,83.49,8.27,15.61,10.73,14.99,5.71,784.2,28.81,Early_Blight
36.2,92.9,22.46,33.45,37.97,49.98,5.89,216.4,37.6,Early_Blight
35.26,33.93,22.28,20.34,22.36,13.42,5.37,537.4,27.56,Healthy
32.1,82.61,21.48,44.08,45.37,28.86,7.73,640.2,38.97,Bacterial_Leaf_Spot
38.84,28.86,64.69,31.81,24.21,26.28,6.74,408.6,45.99,Healthy
32.95,84.48,32.73,45.86,15.71,36.77,7.56,259.9,44.95,Bacterial_Leaf_Spot
24.92,86.49,18.72,42.55,47.04,17.41,6.3,246.8,36.96,Powdery_Mildew
17.43,64.56,63.25,42.88,29.05,38.08,5.17,256.3,43.31,Root_Rot
20.33,86.72,53.23,39.72,21.54,18.41,6.32,649.2,45.49,Rust
27.18,78.68,65.27,12.41,27.52,22.54,5.07,893.2,46.27,Root_Rot
38.29,33.13,63.41,35.55,17.95,28.05,5.53,323.3,38.74,Root_Rot
19.51,88.61,50.22,32.42,15.66,31.53,7.58,964.4,51.61,Rust
17.35,73.59,59.57,34.03,27.98,36.16,7.27,336.1,41.82,Healthy
26.4,85.5,31.15,46.37,45.53,45.04,7.76,847.0,51.52,Bacterial_Leaf_Spot
31.7,83.01,38.93,36.66,21.1,48.08,8.03,764.2,52.27,Bacterial_Leaf_Spot
14.12,94.89,63.42,20.26,29.84,13.12,6.22,337.3,43.16,Rust
27.34,88.14,28.11,49.04,31.32,13.78,7.63,540.8,52.27,Bacterial_Leaf_Spot
36.49,69.25,27.83,16.21,32.16,10.53,7.31,466.9,33.13,Early_Blight
41.4,75.47,33.1,29.99,25.53,47.34,6.92,505.5,48.95,Early_Blight
34.4,89.95,11.05,12.21,22.86,22.24,5.91,235.8,25.13,Early_Blight
31.41,29.94,54.67,46.89,46.55,24.81,5.0,450.9,33.86,Root_Rot
31.6,83.21,32.76,30.9,34.18,30.77,7.43,283.3,33.3,Early_Blight
12.4,31.03,14.21,32.9,37.18,36.93,6.23,394.9,36.89,Healthy
20.03,63.57,51.38,11.47,40.49,30.81,5.25,208.5,38.19,Root_Rot
33.71,39.3,25.85,30.53,22.83,15.09,4.99,863.8,26.62,Healthy
26.0,79.76,60.53,46.2,18.54,21.39,7.92,434.5,56.36,Bacterial_Leaf_Spot
29.52,88.02,64.58,22.79,47.13,17.09,5.49,661.2,37.49,Healthy
18.75,48.05,45.11,12.88,22.12,20.59,6.16,437.4,35.63,Healthy
17.31,43.86,45.86,39.67,33.4,48.99,6.05,390.6,51.15,Healthy
19.96,28.9,31.54,32.41,18.08,35.51,7.85,774.7,50.91,Healthy
22.56,60.78,14.81,49.28,30.34,40.33,5.96,638.3,42.7,Healthy
25.32,92.18,39.06,19.33,11.39,21.19,6.25,296.7,34.93,Root_Rot
37.91,78.52,58.37,42.75,23.32,15.74,5.56,409.9,42.5,Root_Rot
37.4,31.27,21.87,36.68,33.58,18.7,6.56,850.3,32.32,Healthy
27.58,79.55,33.52,15.25,36.9,15.63,6.83,561.0,44.49,Early_Blight
20.47,87.86,53.06,21.85,26.86,39.01,6.21,641.2,47.78,Root_Rot
21.02,42.99,58.26,45.37,45.12,15.0,4.9,320.3,34.51,Root_Rot
25.38,68.06,56.84,47.03,35.99,35.77,5.63,578.2,41.97,Root_Rot
28.84,87.21,41.63,48.71,48.27,47.64,7.68,967.5,55.2,Bacterial_Leaf_Spot
33.86,83.43,38.14,43.25,24.16,21.71,7.99,713.4,41.09,Bacterial_Leaf_Spot
36.14,37.0,59.47,30.56,27.03,14.42,5.41,664.7,44.24,Root_Rot
13.73,85.0,58.46,23.82,15.2,14.35,7.92,903.1,55.39,Rust
40.85,93.68,55.3,11.72,42.83,36.01,6.33,871.5,44.46,Early_Blight
17.49,93.85,54.08,16.85,43.94,31.96,6.56,484.2,41.6,Rust
24.7,69.48,26.85,46.44,39.12,15.24,7.41,507.5,42.88,Healthy
25.37,86.24,26.4,28.97,35.13,38.93,7.85,811.5,46.14,Powdery_Mildew
28.73,90.94,32.31,47.85,36.28,33.97,7.57,330.7,39.26,Early_Blight
34.87,84.1,9.21,22.4,23.16,30.24,7.42,464.3,35.44,Early_Blight
21.88,89.67,63.26,33.02,23.94,45.49,7.07,891.8,49.63,Rust
22.2,92.09,22.31,46.74,33.38,28.01,7.71,328.2,47.41,Powdery_Mildew
16.1,39.64,58.21,21.06,36.41,34.88,6.78,678.6,43.34,Healthy
22.4,24.84,21.33,9.56,46.52,18.59,4.93,324.3,27.08,Bacterial_Leaf_Spot
32.39,78.1,46.02,21.47,46.4,14.59,6.56,731.7,48.73,Root_Rot
14.18,54.44,31.62,24.92,24.53,46.22,7.32,388.5,37.0,Healthy
37.71,29.49,55.87,13.28,47.75,23.86,4.82,547.4,35.81,Root_Rot
35.8,48.63,60.73,34.51,47.3,16.96,6.34,878.7,50.23,Healthy
20.67,37.6,58.89,30.11,22.92,43.49,5.9,407.5,44.19,Healthy
41.58,31.51,28.68,17.49,19.53,43.24,5.17,293.1,30.38,Healthy
19.21,87.89,64.61,19.72,23.38,47.28,6.46,371.9,43.48,Rust
19.41,31.37,57.34,9.71,11.16,41.79,5.47,618.7,37.24,Root_Rot
25.8,65.46,51.03,22.27,35.93,45.01,7.67,251.0,51.17,Bacterial_Leaf_Spot
40.56,74.26,20.26,15.11,21.6,45.08,5.55,449.6,34.35,Early_Blight
22.88,87.18,52.07,40.37,39.85,17.68,5.4,957.0,43.19,Root_Rot
38.05,31.68,45.21,34.31,21.35,16.1,7.13,912.0,46.89,Healthy
21.92,91.16,44.55,24.0,20.75,39.59,7.58,272.2,42.91,Powdery_Mildew
34.01,27.08,58.75,43.84,50.09,30.6,7.44,981.9,56.74,Healthy
30.5,42.67,52.86,32.53,11.4,38.13,7.76,289.3,41.27,Healthy
34.13,45.05,49.19,47.76,36.19,40.15,7.74,597.8,52.33,Healthy
18.91,74.48,52.87,13.16,35.67,28.95,7.63,196.1,36.49,Healthy
19.58,34.45,48.42,45.55,9.5,14.97,6.94,719.1,37.52,Healthy
13.85,86.56,64.11,40.89,24.93,39.63,7.74,685.5,56.09,Rust
36.39,71.95,38.46,42.44,49.63,48.63,5.83,239.6,48.41,Healthy
23.34,88.18,48.76,28.11,40.41,33.55,5.6,318.8,42.84,Powdery_Mildew
38.29,59.61,32.87,40.82,48.93,32.17,8.14,445.2,50.01,Healthy
36.13,30.8,41.74,30.3,43.92,12.03,5.3,726.2,43.76,Healthy
21.03,89.71,46.45,20.27,41.52,40.55,8.04,279.5,56.74,Powdery_Mildew
17.28,28.65,36.93,47.78,22.91,20.15,8.13,845.6,45.38,Healthy
31.54,75.76,39.99,40.2,14.97,29.22,5.75,854.0,36.3,Healthy
18.1,86.36,64.11,13.12,22.81,39.95,7.27,395.5,53.76,Rust
22.85,80.53,36.05,48.75,49.05,31.62,7.57,280.8,56.98,Powdery_Mildew
30.91,89.67,34.78,45.64,29.39,33.49,6.91,788.7,56.03,Healthy
28.12,56.86,36.47,10.72,11.41,46.63,5.63,472.3,36.18,Healthy
39.29,74.66,47.76,10.4,41.02,40.69,6.51,671.3,40.91,Early_Blight
32.85,56.9,22.98,46.05,17.84,24.44,5.34,370.6,27.45,Healthy
26.65,76.94,41.08,36.07,34.55,19.88,5.63,354.5,43.83,Healthy
29.12,85.65,54.46,38.05,18.24,43.7,7.28,560.9,52.59,Bacterial_Leaf_Spot
35.35,82.64,22.39,10.15,17.47,26.55,6.01,571.4,25.25,Early_Blight
30.64,80.9,9.7,17.11,48.14,36.76,5.1,923.5,37.05,Early_Blight
14.24,66.48,43.22,18.92,43.94,22.26,7.18,551.1,38.41,Healthy
37.9,78.3,38.25,39.35,46.28,13.38,6.12,745.2,37.93,Healthy
28.15,62.92,24.71,35.62,17.84,34.25,5.77,647.5,40.07,Healthy
24.64,83.42,28.72,23.3,29.59,14.84,6.6,342.1,32.86,Powdery_Mildew
24.42,85.22,15.11,17.15,17.11,24.4,5.14,339.4,22.37,Powdery_Mildew
26.16,56.25,56.13,29.13,39.74,35.73,6.43,330.2,41.34,Healthy
19.66,88.34,57.85,39.4,42.61,40.67,6.11,710.8,54.71,Rust
26.84,81.36,56.4,24.67,38.36,44.41,5.4,365.4,46.3,Root_Rot
15.32,90.75,62.3,26.22,23.75,27.22,6.68,462.0,45.3,Rust
21.39,88.24,45.12,14.47,20.64,26.48,6.16,255.6,39.27,Powdery_Mildew
20.56,83.08,23.7,40.17,33.49,11.5,5.23,221.5,36.9,Powdery_Mildew
31.63,39.27,19.55,13.96,30.88,18.02,6.94,976.8,36.17,Healthy
31.58,65.42,52.43,19.17,41.56,47.23,5.87,869.4,44.98,Early_Blight
39.79,52.06,41.83,39.69,32.81,14.4,5.39,409.3,40.22,Healthy
21.13,50.49,29.49,15.42,39.77,26.96,6.94,620.5,39.44,Healthy
23.31,90.38,42.73,40.84,16.91,30.63,7.98,311.5,48.72,Powdery_Mildew
30.61,80.0,48.17,30.95,35.3,10.49,4.99,823.0,44.73,Early_Blight
39.95,74.79,19.07,27.97,36.31,43.02,8.01,737.6,39.92,Early_Blight
20.19,95.45,53.1,49.64,45.48,28.98,8.09,897.0,59.09,Rust
23.88,78.7,55.48,49.73,44.0,20.93,5.13,409.0,43.13,Root_Rot
39.33,82.06,10.78,22.61,25.0,34.98,8.1,194.3,41.88,Early_Blight
27.49,84.68,57.84,44.47,30.08,15.53,7.71,721.7,50.69,Bacterial_Leaf_Spot
20.89,92.76,42.22,44.39,16.3,26.8,6.73,271.3,40.9,Powdery_Mildew
25.83,84.39,30.77,23.62,36.04,22.37,8.14,261.7,43.4,Powdery_Mildew
13.39,67.08,50.73,12.64,21.63,21.23,8.17,186.6,38.75,Healthy
36.43,58.27,56.24,21.09,42.49,30.24,5.29,813.7,45.29,Root_Rot
20.84,90.0,47.02,18.71,40.75,41.4,7.97,272.7,44.15,Powdery_Mildew
26.99,94.78,63.24,46.81,16.67,33.8,6.99,739.7,55.17,Healthy
28.24,55.36,35.37,10.56,13.79,45.31,5.62,450.4,33.38,Healthy
16.44,38.57,27.26,18.97,18.51,46.09,7.28,558.8,40.19,Healthy
28.39,71.04,33.92,21.43,36.98,18.61,5.61,573.0,36.14,Early_Blight
29.3,86.68,64.78,41.82,23.03,17.83,7.81,877.0,52.87,Healthy
36.25,68.32,54.18,14.3,28.46,42.66,6.64,407.6,46.55,Early_Blight
29.28,86.69,60.95,46.36,35.53,34.19,7.81,819.2,58.83,Bacterial_Leaf_Spot
27.77,93.17,25.26,25.04,17.54,14.15,7.74,425.8,38.39,Early_Blight
34.22,45.8,61.25,36.6,40.51,17.74,7.42,823.3,51.23,Healthy
21.76,82.62,24.98,22.47,43.94,14.35,7.5,285.4,34.42,Powdery_Mildew
15.04,63.94,41.08,35.57,14.72,35.43,6.52,805.6,44.39,Healthy
28.44,29.21,52.4,30.55,36.12,16.27,5.36,984.5,37.66,Root_Rot
15.99,36.83,18.18,20.03,22.76,20.52,7.11,793.0,28.62,Healthy
34.68,76.5,56.3,46.71,13.49,16.76,7.71,703.2,42.28,Bacterial_Leaf_Spot
23.81,73.62,60.9,12.46,37.28,28.87,5.28,460.4,42.64,Root_Rot
19.32,85.32,49.2,45.59,44.1,17.43,5.97,766.1,45.6,Rust
26.43,41.36,22.18,22.71,27.04,33.73,6.02,938.4,40.07,Healthy
17.24,67.72,11.07,30.19,46.54,30.67,6.86,942.0,36.15,Healthy
14.05,39.62,57.87,28.55,14.03,45.57,5.5,432.2,40.76,Root_Rot
33.6,74.8,35.57,34.29,26.41,43.58,6.01,463.0,39.76,Early_Blight
36.36,85.94,34.25,28.93,14.58,28.81,7.52,669.9,40.16,Early_Blight
15.28,65.28,16.52,31.59,12.77,41.35,7.37,215.5,31.82,Healthy
16.05,76.11,63.88,35.35,18.54,37.77,6.69,570.1,49.39,Healthy
21.72,93.21,47.6,38.68,24.18,29.91,6.09,270.0,41.39,Powdery_Mildew
19.57,88.54,53.13,24.1,35.76,16.42,6.7,742.6,45.12,Rust
27.74,31.71,27.03,33.73,42.01,11.96,5.7,210.9,35.79,Healthy
32.84,82.0,44.42,48.15,35.21,49.85,7.73,793.4,60.42,Bacterial_Leaf_Spot
22.82,85.23,24.99,37.24,18.43,36.87,5.92,347.8,39.39,Powdery_Mildew
34.56,70.13,60.83,30.36,32.87,18.37,5.53,604.0,47.76,Root_Rot
14.9,41.93,17.07,14.95,14.51,21.38,7.99,828.5,42.85,Healthy
30.0,77.3,43.11,21.33,10.57,24.34,6.44,417.0,38.08,Early_Blight
30.26,85.99,52.95,48.51,46.81,46.92,7.7,950.6,58.93,Bacterial_Leaf_Spot
26.36,80.23,60.16,45.48,19.03,19.79,7.97,474.7,54.45,Bacterial_Leaf_Spot
18.05,88.03,60.19,19.99,28.38,47.36,6.78,478.0,46.28,Rust
26.08,73.18,21.03,20.6,13.48,32.8,5.61,883.8,36.07,Early_Blight
19.92,53.08,23.15,49.97,13.5,38.65,6.67,975.3,42.01,Healthy
40.17,81.65,42.82,25.3,14.32,26.62,7.71,820.1,42.98,Early_Blight
23.74,83.12,41.0,30.35,42.43,43.24,7.22,322.4,46.95,Powdery_Mildew
22.68,34.41,60.69,18.63,21.62,40.68,5.3,834.1,47.91,Root_Rot
25.15,39.6,41.47,40.33,42.52,46.29,7.22,790.8,51.5,Healthy
22.51,89.61,63.14,21.35,44.08,23.74,4.99,621.2,44.45,Root_Rot
20.33,26.31,64.82,44.01,15.14,35.35,7.54,213.7,50.21,Healthy
41.93,65.24,57.68,25.88,28.95,40.63,5.26,360.0,28.87,Root_Rot
36.86,68.35,21.1,32.21,38.37,21.04,5.13,358.4,33.85,Early_Blight
30.61,54.3,53.06,18.96,44.34,18.11,5.78,241.1,39.2,Root_Rot
33.29,64.79,20.99,33.0,39.18,35.18,6.83,439.3,36.38,Healthy
24.67,68.09,23.03,10.38,29.01,32.5,7.76,592.2,43.05,Early_Blight
22.69,71.72,36.36,17.05,11.27,32.19,6.12,889.1,39.34,Healthy
19.75,83.5,60.1,32.6,20.74,15.78,6.87,401.1,48.49,Rust
25.91,74.27,58.16,19.61,26.55,11.2,6.44,432.9,38.1,Early_Blight
27.78,71.37,41.53,19.06,9.33,47.52,6.69,504.0,41.48,Early_Blight
21.72,84.14,10.45,17.5,34.7,39.38,5.46,236.8,33.66,Powdery_Mildew
34.84,28.68,32.08,15.64,23.77,43.46,6.55,510.0,37.9,Healthy
35.08,78.65,59.5,19.2,49.57,41.31,5.28,812.8,44.0,Root_Rot
34.82,38.23,15.96,49.06,10.32,35.35,7.82,727.6,35.5,Healthy
13.24,91.27,27.93,31.84,38.28,23.1,5.58,819.7,44.51,Healthy
24.82,84.53,50.99,33.04,32.13,12.71,7.96,330.9,45.24,Powdery_Mildew
23.07,95.29,61.67,36.39,31.24,28.14,7.44,631.9,57.22,Rust
25.77,86.72,59.26,48.4,38.58,47.91,7.67,539.6,58.56,Bacterial_Leaf_Spot
28.4,83.01,33.12,44.62,27.67,32.61,7.86,664.9,39.13,Bacterial_Leaf_Spot
35.29,33.8,36.27,23.45,43.12,31.0,6.76,289.5,40.23,Healthy
31.0,48.13,40.11,30.7,11.37,20.01,7.36,811.8,40.31,Healthy
28.92,87.61,15.08,49.32,9.99,34.48,7.6,715.7,41.99,Bacterial_Leaf_Spot
40.51,53.29,35.69,32.38,28.05,42.42,6.4,917.1,38.54,Healthy
23.5,35.37,11.37,25.73,28.99,19.14,5.17,760.3,31.46,Healthy
24.97,84.27,25.45,47.17,13.72,43.24,7.76,348.0,41.39,Powdery_Mildew
36.61,79.35,44.04,27.95,21.8,30.26,6.9,312.8,41.62,Early_Blight
13.5,89.87,53.43,19.33,20.83,46.67,5.16,804.8,44.67,Root_Rot
32.47,40.31,33.67,26.78,26.71,34.94,5.42,443.6,32.48,Healthy
36.11,61.85,49.32,19.81,46.6,25.86,4.75,296.2,43.28,Healthy
16.42,38.77,51.66,25.3,24.85,23.13,4.9,746.2,33.26,Root_Rot
21.26,92.61,37.48,32.26,13.9,44.64,6.22,253.9,36.01,Powdery_Mildew
35.3,55.9,53.49,23.12,46.23,10.84,5.17,212.4,38.38,Root_Rot
39.79,66.19,38.51,28.99,16.83,43.82,5.73,222.7,38.3,Early_Blight
27.19,81.72,30.38,38.93,33.11,47.07,7.12,435.0,49.28,Healthy
21.69,81.18,40.71,43.38,43.57,46.41,7.49,324.2,46.53,Bacterial_Leaf_Spot
38.48,81.81,9.33,20.59,18.35,27.79,5.52,966.5,37.75,Early_Blight
34.18,46.0,13.31,41.01,45.41,34.23,5.97,729.8,35.24,Healthy
39.33,71.76,63.55,26.05,12.36,50.99,6.59,302.9,37.11,Early_Blight
32.84,32.76,9.09,25.26,28.52,33.18,7.91,720.3,40.73,Root_Rot
12.74,86.56,59.46,45.48,47.13,32.44,5.15,630.8,47.35,Root_Rot
28.7,53.21,44.62,34.33,14.97,36.7,7.93,378.8,43.99,Healthy
17.89,44.15,10.12,31.52,32.04,47.7,6.78,958.5,40.71,Healthy
27.33,85.88,26.89,14.87,25.95,41.23,7.91,979.4,49.59,Early_Blight
28.3,60.72,6.79,29.48,39.53,33.49,7.59,594.7,38.55,Healthy
15.69,92.05,12.52,29.36,37.38,30.72,6.64,839.9,37.61,Healthy
14.22,34.32,63.85,33.88,26.41,26.91,5.48,397.0,44.11,Root_Rot
12.12,30.96,14.57,32.05,45.36,21.95,5.83,675.9,30.76,Healthy
34.21,76.79,13.15,23.89,11.39,35.61,7.5,441.1,34.85,Early_Blight
25.86,86.7,53.24,26.25,9.44,21.62,5.79,778.7,40.86,Early_Blight
26.0,39.54,49.15,16.51,28.48,17.15,6.76,788.6,34.4,Healthy
26.27,82.45,63.19,49.49,43.75,47.44,7.62,601.9,58.75,Bacterial_Leaf_Spot
40.11,78.32,13.33,30.07,14.86,45.02,5.26,970.4,34.11,Early_Blight
41.0,53.02,28.42,16.25,17.6,50.08,6.37,601.6,29.96,Healthy
38.95,72.26,17.69,28.73,23.72,19.44,6.27,919.1,37.5,Early_Blight
35.34,84.81,31.95,49.95,31.56,43.85,7.54,523.9,42.21,Bacterial_Leaf_Spot
15.7,84.41,38.21,10.94,48.01,20.39,7.11,483.2,40.4,Healthy
24.1,84.97,47.53,47.68,47.0,48.64,7.48,338.1,48.61,Powdery_Mildew
21.71,87.75,27.43,45.0,21.52,20.22,5.98,228.7,37.07,Powdery_Mildew
15.76,87.92,51.17,43.76,30.86,37.56,6.42,847.0,43.24,Rust
34.73,82.04,22.02,29.0,24.45,16.96,5.64,683.9,31.48,Early_Blight
30.55,45.63,28.3,26.07,27.04,47.92,4.88,805.0,41.26,Healthy
29.99,87.03,62.63,31.71,44.01,47.57,5.25,663.8,51.82,Root_Rot
27.45,75.87,61.12,14.69,27.82,41.5,7.45,383.4,43.27,Early_Blight
39.34,66.45,65.12,17.38,19.05,32.27,4.95,703.5,52.81,Root_Rot
22.95,56.25,63.63,12.89,13.48,12.92,5.36,585.2,29.52,Root_Rot
34.5,29.45,61.22,43.82,49.97,30.99,7.38,941.7,52.62,Healthy
18.63,89.99,54.39,45.68,49.55,45.73,7.25,471.6,55.91,Rust
30.6,33.18,37.06,40.57,29.96,44.26,5.11,282.9,37.49,Healthy
25.27,87.42,36.07,46.42,29.22,29.5,7.84,330.3,45.61,Powdery_Mildew
29.39,81.37,44.36,46.68,24.41,12.76,7.43,897.9,49.9,Bacterial_Leaf_Spot
26.07,91.91,45.72,30.31,27.05,17.58,5.56,862.6,41.42,Early_Blight
18.1,84.3,55.89,34.12,25.63,12.79,8.02,363.6,46.66,Rust
15.64,58.4,47.07,34.49,39.9,38.57,6.92,274.5,44.07,Healthy
18.71,88.94,58.55,17.67,16.94,22.79,7.48,582.6,43.47,Rust
19.11,90.68,28.34,37.57,13.17,28.76,7.96,373.4,47.04,Healthy
39.5,27.9,22.93,27.11,38.62,18.7,5.19,656.4,31.91,Healthy
34.57,73.31,33.63,10.18,34.89,38.65,5.72,207.5,37.61,Early_Blight
20.75,88.27,23.76,34.68,33.73,34.28,7.83,386.4,38.75,Healthy
23.47,82.48,54.04,31.79,25.76,27.95,7.58,837.7,50.86,Rust
34.92,71.13,61.09,41.35,29.54,16.07,5.17,274.6,39.96,Root_Rot
25.26,80.73,31.4,36.69,49.7,29.42,6.78,696.6,49.02,Root_Rot
20.85,93.03,55.36,31.69,25.86,44.99,7.61,802.0,44.82,Rust
20.73,90.4,21.66,33.02,48.13,19.85,7.66,263.6,40.04,Powdery_Mildew
21.64,91.3,11.42,40.3,44.52,36.71,6.05,442.6,52.69,Healthy
35.91,74.0,64.06,22.99,16.09,40.13,5.94,485.1,42.7,Early_Blight
16.36,88.76,53.6,19.12,9.8,39.69,6.25,261.5,46.79,Rust
33.57,59.98,48.23,31.27,47.41,34.34,6.63,617.2,43.61,Healthy
16.7,27.29,46.9,25.88,11.34,38.66,7.17,421.8,36.33,Healthy
32.67,50.52,15.76,34.97,16.43,35.83,7.95,961.7,48.51,Healthy
31.15,56.33,60.12,21.75,24.74,21.48,5.95,436.6,38.71,Healthy
29.56,80.93,49.67,29.6,30.81,19.88,7.04,802.6,51.62,Early_Blight
33.73,84.75,40.26,43.21,20.56,11.41,7.41,799.1,46.15,Bacterial_Leaf_Spot
16.44,45.13,59.88,9.74,18.61,24.33,6.72,581.1,41.37,Healthy
38.94,61.92,9.6,21.06,36.28,14.68,7.58,571.6,42.65,Healthy
22.84,88.6,33.45,26.35,35.24,23.22,6.66,295.9,41.57,Powdery_Mildew
31.43,34.49,50.27,45.61,48.23,46.37,7.12,469.1,47.84,Healthy
20.8,90.54,54.82,33.18,39.0,18.16,6.01,660.6,45.06,Rust
33.21,87.97,24.02,45.88,29.18,34.92,7.36,384.8,39.9,Bacterial_Leaf_Spot
17.89,63.46,58.5,48.52,43.35,18.64,5.64,772.1,41.93,Root_Rot
39.38,41.4,46.92,34.76,35.16,31.44,5.98,250.1,27.77,Healthy
22.16,84.27,17.67,36.04,16.05,22.96,5.43,248.2,37.57,Powdery_Mildew
39.1,26.49,43.18,21.62,32.16,38.86,7.77,956.2,47.07,Healthy
27.04,70.03,35.58,17.7,14.63,44.8,7.35,312.7,38.42,Early_Blight
22.36,32.2,52.67,12.44,23.4,48.39,4.98,838.8,36.54,Root_Rot
18.2,30.64,24.73,36.74,34.72,16.29,7.21,558.5,34.07,Healthy
27.39,43.33,24.3,44.09,23.66,27.54,5.37,575.4,29.08,Healthy
27.88,43.03,22.92,19.26,19.64,35.95,7.09,539.4,34.99,Healthy
23.49,26.63,30.22,24.14,40.05,16.34,7.36,576.5,35.52,Healthy
24.79,88.02,12.15,32.11,35.84,44.2,7.87,366.5,37.07,Early_Blight
21.63,86.0,59.62,45.47,46.43,22.7,7.47,828.0,44.46,Powdery_Mildew
31.67,45.72,45.61,46.0,46.84,18.58,5.58,548.7,39.28,Healthy
37.07,69.22,37.01,22.18,11.17,30.81,7.33,371.3,41.22,Early_Blight
26.45,78.34,51.65,45.2,45.26,31.7,7.51,968.4,43.04,Bacterial_Leaf_Spot
30.06,90.43,31.07,20.84,27.48,19.43,6.04,604.6,39.86,Early_Blight
26.39,54.09,27.67,22.7,22.04,43.97,8.04,483.6,38.48,Healthy
23.27,89.65,38.86,28.81,23.15,45.67,6.15,288.3,39.23,Rust
16.22,40.97,54.32,27.5,33.07,15.17,5.17,455.4,34.96,Root_Rot
21.99,91.65,47.32,38.06,23.77,28.91,6.1,283.1,51.07,Powdery_Mildew
12.94,50.47,12.3,27.91,26.2,33.04,4.81,877.7,32.84,Healthy
17.85,88.95,53.42,25.13,25.35,19.2,6.46,828.0,43.16,Rust
28.07,68.53,33.46,20.85,19.25,38.52,5.83,774.4,37.7,Early_Blight
40.44,92.31,53.81,40.61,17.51,20.64,5.35,416.9,40.25,Root_Rot
20.62,83.11,39.13,46.98,42.8,21.68,5.13,247.3,38.03,Powdery_Mildew
26.58,60.57,21.2,32.23,14.87,17.94,6.81,756.9,37.93,Root_Rot
27.69,82.3,31.14,45.98,22.02,13.68,7.64,823.2,37.78,Bacterial_Leaf_Spot
22.76,94.47,54.15,13.81,17.54,42.43,7.87,293.2,43.72,Powdery_Mildew
24.41,79.24,16.71,31.28,43.72,47.19,5.32,781.1,40.9,Early_Blight
38.2,78.81,42.88,28.3,17.5,10.03,4.87,435.5,34.33,Early_Blight
19.93,70.88,54.7,27.41,36.04,30.48,7.32,538.8,50.64,Healthy
21.37,90.54,50.45,44.33,41.53,47.29,8.14,916.4,51.87,Rust
16.24,93.63,56.87,19.09,45.27,13.56,7.79,987.0,54.73,Rust
29.93,68.04,21.72,47.65,12.62,39.52,6.99,652.5,41.24,Healthy
23.05,67.16,57.73,24.43,25.15,22.68,6.52,509.4,42.41,Healthy
21.93,89.51,57.78,27.94,47.63,40.76,5.9,460.8,47.61,Rust
37.85,85.92,16.18,30.42,31.12,26.52,5.15,996.5,28.79,Early_Blight
20.98,90.2,34.83,22.08,29.61,13.57,5.53,270.8,32.31,Powdery_Mildew
16.6,56.02,9.56,49.75,14.96,29.13,7.43,336.9,42.49,Healthy
27.92,88.05,22.05,46.32,38.62,28.51,7.99,660.0,53.91,Bacterial_Leaf_Spot
36.74,62.35,57.54,12.6,25.95,13.64,4.96,445.4,28.61,Root_Rot
25.6,88.21,26.75,29.39,17.6,18.63,5.71,303.9,24.38,Powdery_Mildew
28.8,64.14,29.51,28.85,13.02,14.76,7.84,995.2,42.38,Healthy
36.0,57.38,19.78,15.95,44.28,41.85,5.71,783.6,36.83,Healthy
22.86,80.79,57.36,11.19,48.71,31.61,5.06,724.0,46.21,Root_Rot
26.03,90.81,39.07,18.47,11.36,20.45,6.1,265.6,26.76,Early_Blight
24.73,83.84,17.94,45.04,14.51,41.13,7.65,339.9,42.5,Powdery_Mildew
28.4,89.79,43.64,46.72,13.9,19.82,7.82,890.8,47.36,Bacterial_Leaf_Spot
15.08,85.31,63.86,46.15,19.17,27.21,4.88,870.0,50.97,Root_Rot
29.4,50.43,16.79,21.96,16.84,41.45,8.01,540.9,33.43,Healthy
27.85,57.75,23.53,26.86,42.87,44.25,6.48,459.4,37.56,Healthy
26.12,93.43,49.05,30.82,42.45,31.6,5.04,258.4,37.72,Bacterial_Leaf_Spot
40.61,78.94,64.25,13.63,33.64,41.27,4.98,899.5,46.27,Root_Rot
20.94,89.34,52.41,25.41,28.24,47.7,7.95,673.9,47.51,Rust
25.05,65.3,39.56,26.67,34.64,17.01,5.61,384.2,33.61,Early_Blight
28.5,89.27,51.89,17.96,45.29,49.01,5.35,584.5,47.94,Root_Rot
23.58,84.71,19.38,22.53,43.97,20.48,5.0,369.8,32.71,Healthy
24.5,60.21,52.23,17.32,13.1,44.92,7.35,704.6,49.08,Healthy
26.66,82.87,59.79,48.43,34.64,43.77,7.58,579.5,53.96,Bacterial_Leaf_Spot
33.47,85.1,16.89,50.04,36.74,13.89,7.78,211.4,46.09,Bacterial_Leaf_Spot
31.82,89.1,64.07,45.32,40.66,27.24,7.86,409.6,51.91,Bacterial_Leaf_Spot
13.71,89.18,49.27,17.01,16.97,24.98,7.28,445.1,44.84,Rust
38.62,84.78,46.68,46.76,28.25,36.2,7.74,186.1,42.7,Bacterial_Leaf_Spot
22.49,94.86,54.45,13.9,29.22,41.15,7.55,729.8,48.76,Rust
20.87,53.58,44.59,28.62,42.12,19.24,7.68,262.7,38.01,Healthy
40.79,55.23,26.97,36.97,10.19,38.96,6.37,304.3,26.16,Healthy
33.69,30.31,55.01,37.98,22.17,47.82,6.53,378.0,44.07,Healthy
17.03,81.15,61.82,48.31,18.66,22.15,5.7,373.1,45.41,Root_Rot
31.77,70.42,30.96,29.11,23.19,17.62,5.47,596.8,35.55,Early_Blight
33.6,76.94,47.98,16.48,11.43,12.94,6.82,989.6,37.88,Early_Blight
32.91,40.5,62.84,37.4,38.66,18.19,7.67,759.9,57.26,Healthy
37.13,91.73,18.05,22.53,13.82,17.25,7.48,213.7,34.77,Early_Blight
29.41,63.11,48.26,47.96,49.83,22.52,5.14,714.3,38.01,Healthy
41.09,86.39,54.81,16.98,11.19,38.1,7.38,362.7,49.02,Early_Blight
19.8,81.65,53.11,43.22,25.56,46.81,5.68,316.3,47.72,Root_Rot
38.64,65.35,44.51,27.04,34.38,41.1,5.45,417.8,35.65,Early_Blight
24.86,85.95,16.15,43.87,28.07,17.26,7.48,229.5,37.54,Powdery_Mildew
24.22,26.97,50.11,33.83,30.03,41.71,5.9,450.5,44.86,Healthy
22.54,88.21,40.68,22.61,13.71,28.01,5.2,281.2,29.41,Powdery_Mildew
38.01,90.23,47.87,36.49,34.3,28.09,7.57,306.4,42.94,Bacterial_Leaf_Spot
37.44,57.21,57.23,36.73,26.8,17.78,5.2,635.7,46.8,Root_Rot
22.56,83.03,54.55,38.06,39.35,36.24,7.04,258.1,52.19,Powdery_Mildew
29.09,68.8,24.77,12.58,29.96,19.53,6.57,875.2,31.3,Early_Blight
23.55,92.48,46.49,39.41,16.01,28.57,7.88,322.6,42.59,Powdery_Mildew
34.49,39.16,14.75,45.82,33.99,16.43,4.84,913.7,36.01,Healthy
19.97,35.62,29.69,33.14,35.07,46.79,6.04,643.0,37.39,Healthy
34.04,48.66,59.06,13.32,49.54,34.22,8.05,890.3,51.32,Healthy
38.7,72.94,56.76,11.04,51.35,39.63,6.33,983.3,43.99,Early_Blight
37.9,79.47,29.04,11.06,47.62,46.44,5.87,828.7,47.34,Early_Blight
23.75,86.69,38.69,43.55,16.03,26.05,7.72,295.4,40.52,Powdery_Mildew
15.23,92.35,55.04,22.28,12.36,27.75,7.05,824.4,45.3,Rust
35.97,44.19,61.91,25.31,15.22,15.83,5.67,532.7,41.88,Root_Rot
18.96,94.81,10.42,37.32,41.39,9.46,4.98,584.8,35.05,Healthy
33.35,90.11,12.5,20.59,12.49,48.93,7.35,452.0,38.52,Healthy
31.39,82.43,23.11,47.03,31.54,15.29,7.75,268.9,39.56,Bacterial_Leaf_Spot
27.43,84.42,48.68,47.01,49.11,34.52,7.88,368.0,57.06,Bacterial_Leaf_Spot
18.67,89.25,11.77,17.31,35.93,44.47,5.64,494.8,36.47,Healthy
18.3,79.35,7.35,15.29,27.14,22.13,5.03,762.7,27.33,Healthy
34.82,28.3,43.43,26.53,17.73,44.56,6.39,891.8,49.49,Healthy
21.19,90.38,62.28,13.53,35.29,16.63,6.67,805.0,48.98,Rust
29.93,31.64,48.94,41.41,25.28,13.07,7.66,873.3,50.93,Healthy
19.42,81.95,25.75,42.49,32.44,13.33,5.22,229.8,27.13,Healthy
32.04,85.47,50.27,23.3,24.04,10.76,5.94,977.0,41.9,Early_Blight
26.49,91.61,51.14,13.01,48.48,18.37,6.18,679.7,42.55,Early_Blight
34.7,61.53,54.64,24.63,44.04,42.85,7.53,412.3,61.9,Healthy
39.99,78.96,56.11,28.24,13.77,20.0,6.45,499.8,41.06,Early_Blight
20.64,93.68,10.1,34.38,31.45,24.88,7.26,258.7,36.83,Powdery_Mildew
24.18,89.4,33.5,29.51,34.33,22.78,6.4,280.1,38.85,Powdery_Mildew
20.52,93.57,55.55,24.07,12.93,15.66,5.79,255.0,40.77,Root_Rot
21.29,84.94,32.13,44.95,17.66,22.43,5.96,266.0,25.02,Powdery_Mildew
38.49,82.64,30.46,40.68,40.39,10.29,8.05,441.1,49.41,Bacterial_Leaf_Spot
15.88,73.39,52.84,36.5,28.99,43.64,5.33,736.6,43.03,Root_Rot
32.48,84.58,21.43,13.84,28.45,33.41,6.46,343.7,40.69,Early_Blight
18.69,88.58,53.99,43.2,28.62,39.4,7.54,753.1,53.24,Rust
28.87,92.78,18.28,12.19,19.86,44.79,6.73,680.1,42.77,Early_Blight
13.14,75.41,18.07,49.52,14.72,12.58,6.96,245.0,36.78,Healthy
22.51,87.47,58.77,38.56,44.26,24.24,7.39,797.4,51.0,Rust
28.66,87.97,50.84,18.55,38.38,41.73,6.21,246.1,37.72,Early_Blight
27.32,79.96,64.39,48.77,34.57,33.11,7.42,718.6,63.9,Bacterial_Leaf_Spot
38.57,79.44,43.04,33.17,26.63,15.63,5.15,567.2,36.14,Early_Blight
22.48,93.9,25.93,35.98,49.92,21.54,7.11,232.8,41.95,Powdery_Mildew
19.91,85.75,63.85,18.31,11.43,31.71,7.26,668.8,51.04,Rust
39.26,87.22,27.73,27.9,37.52,42.1,7.7,762.8,48.36,Early_Blight
40.02,76.49,33.93,17.81,36.33,34.98,6.52,886.0,45.3,Early_Blight
24.6,90.45,61.46,41.39,15.81,22.61,5.27,372.8,37.42,Root_Rot
24.73,83.35,41.66,47.45,42.3,50.19,7.7,333.4,44.69,Powdery_Mildew
36.75,85.27,14.84,21.28,17.5,40.84,6.78,858.6,38.46,Early_Blight
22.32,90.61,53.12,25.04,25.99,34.66,5.99,945.4,46.39,Rust
14.0,75.48,63.13,15.82,33.56,36.02,6.12,478.8,38.43,Healthy
21.24,90.68,58.73,24.53,26.56,11.74,7.37,660.2,46.27,Rust
38.49,72.06,23.07,32.52,36.1,22.11,4.85,896.1,30.35,Early_Blight
36.44,81.24,18.78,38.7,37.97,15.88,6.92,790.9,39.34,Healthy
27.08,71.36,10.69,14.89,39.29,39.4,6.82,801.9,47.03,Early_Blight
22.01,88.57,44.91,14.56,19.64,27.21,6.04,276.8,30.37,Powdery_Mildew
20.83,90.94,43.51,45.79,15.66,27.62,6.8,277.4,46.92,Powdery_Mildew
35.92,28.71,38.2,26.87,45.78,44.0,5.84,713.5,37.74,Healthy
31.05,89.21,25.41,47.49,32.13,13.39,7.68,322.2,41.46,Bacterial_Leaf_Spot
40.52,35.1,53.98,15.01,26.44,12.71,5.48,414.0,36.06,Root_Rot
19.85,29.96,45.81,26.79,48.21,16.65,5.44,604.7,37.71,Healthy
28.94,91.09,11.85,32.52,48.71,13.57,5.74,379.2,45.09,Early_Blight
33.44,93.58,36.17,20.46,18.83,17.52,7.25,491.8,37.27,Early_Blight
20.39,84.1,59.24,32.14,19.26,25.69,7.65,732.3,39.72,Rust
14.26,48.1,60.17,14.51,48.87,47.91,5.57,607.2,46.12,Root_Rot
35.92,89.68,26.28,33.74,10.95,49.14,5.88,616.8,32.16,Early_Blight
31.34,87.68,15.99,32.52,26.44,32.49,5.67,754.1,38.68,Early_Blight
39.65,77.21,20.76,18.09,38.63,33.71,8.08,439.4,37.43,Early_Blight
23.38,81.47,48.55,47.48,47.18,15.3,8.02,272.6,52.03,Powdery_Mildew
30.62,87.24,61.62,47.97,28.68,39.1,7.48,792.3,53.37,Bacterial_Leaf_Spot
17.41,93.18,33.33,25.89,43.81,17.41,6.02,361.4,36.56,Healthy
17.22,45.63,9.37,46.62,32.52,37.44,6.05,722.4,32.35,Root_Rot
19.18,92.15,55.39,12.98,43.03,25.3,6.75,810.8,42.28,Rust
35.09,81.5,36.34,22.25,41.06,30.87,8.08,884.4,49.25,Early_Blight
30.79,71.56,40.53,21.82,14.63,32.37,5.38,394.2,33.64,Early_Blight
28.09,29.17,53.5,27.59,11.09,19.16,5.51,241.1,30.4,Root_Rot
37.04,62.29,63.43,28.74,45.2,33.32,5.59,664.8,46.71,Root_Rot
24.17,87.79,60.78,47.16,15.72,43.8,7.21,788.9,55.49,Healthy
32.19,66.88,55.81,25.12,25.81,45.38,6.41,957.0,55.16,Early_Blight
32.95,72.37,62.79,13.27,35.66,36.88,5.56,699.8,39.87,Root_Rot
23.37,60.43,39.26,49.88,14.8,15.16,6.23,277.0,39.37,Healthy
15.66,66.9,39.73,17.69,44.83,22.38,7.23,545.0,41.72,Healthy
25.77,88.08,50.07,46.95,42.03,22.3,7.78,459.2,46.38,Bacterial_Leaf_Spot
28.62,53.2,52.41,20.18,11.11,41.45,6.17,579.6,44.61,Healthy
20.0,84.3,39.76,26.41,25.18,42.89,7.16,236.3,37.49,Powdery_Mildew
21.26,93.83,48.25,47.58,20.07,45.48,6.18,581.7,48.89,Rust
21.02,87.55,51.47,23.37,25.88,49.23,7.0,675.9,56.75,Rust
35.19,54.62,54.0,40.38,36.62,45.14,7.82,210.2,44.98,Healthy
31.03,76.85,58.64,17.21,29.12,26.47,6.96,342.9,41.16,Early_Blight
22.88,30.94,47.32,42.59,19.14,44.72,6.16,398.2,35.35,Healthy
12.84,34.22,62.62,19.51,47.93,39.71,6.27,266.8,41.66,Bacterial_Leaf_Spot
14.56,92.25,17.99,45.39,45.9,20.38,7.03,322.4,42.3,Healthy
30.48,87.48,19.15,47.56,38.8,37.57,7.61,841.4,45.23,Bacterial_Leaf_Spot
15.01,87.62,58.72,16.44,18.81,23.41,7.29,524.8,42.93,Rust
23.32,49.71,58.23,22.24,16.21,28.98,6.52,252.4,35.27,Healthy
22.58,83.34,64.21,32.8,39.99,14.22,4.81,885.9,47.42,Root_Rot
20.22,93.34,54.02,14.2,27.44,12.87,6.56,948.1,44.4,Rust
27.84,88.12,10.73,50.26,12.88,27.66,7.8,985.6,45.96,Bacterial_Leaf_Spot
17.0,25.46,56.6,35.96,36.36,48.48,6.48,889.1,51.31,Healthy
36.94,55.96,63.35,42.74,27.12,17.77,5.14,697.1,51.63,Root_Rot
34.75,29.62,31.98,22.97,44.47,43.7,5.13,370.0,35.59,Healthy
19.57,77.98,15.43,48.03,25.52,49.38,7.11,652.9,47.03,Healthy
26.11,60.07,32.61,33.81,48.87,32.32,6.69,231.4,35.88,Healthy
40.41,33.24,59.52,14.64,43.49,21.31,7.34,757.3,50.69,Healthy
17.98,55.31,22.45,29.65,35.46,19.64,5.85,327.1,36.57,Healthy
33.84,89.84,53.61,22.9,29.69,31.93,8.02,603.0,48.72,Early_Blight
27.23,61.67,53.33,16.72,29.88,44.31,5.75,855.9,38.99,Root_Rot
27.44,55.18,43.17,47.39,43.38,19.21,6.14,856.2,38.53,Healthy
24.12,92.51,36.05,19.4,28.35,15.34,6.85,279.2,39.16,Powdery_Mildew
12.1,48.1,53.18,10.08,46.79,13.33,5.61,852.3,40.55,Root_Rot
39.54,75.55,46.01,14.05,33.91,10.46,7.62,510.6,39.76,Early_Blight
38.75,75.1,61.86,25.35,33.47,36.92,5.86,463.3,39.58,Early_Blight
16.84,51.03,64.78,25.79,21.97,26.81,5.45,977.5,45.78,Root_Rot
14.44,55.17,21.52,14.34,19.17,25.9,6.08,589.5,37.09,Healthy
39.51,90.73,55.87,28.39,12.11,23.69,4.95,231.9,34.61,Root_Rot
13.82,49.24,65.65,19.3,38.66,12.44,5.4,692.4,39.17,Root_Rot
23.26,88.79,22.5,10.3,38.02,31.22,5.62,259.2,32.43,Powdery_Mildew
18.24,89.36,62.08,18.97,15.01,40.63,6.26,328.8,42.88,Early_Blight
34.14,59.55,20.72,14.83,44.24,45.31,5.27,780.8,39.87,Healthy
15.31,76.51,63.23,27.63,15.85,25.73,4.94,940.6,40.74,Root_Rot
17.3,84.4,53.51,42.58,22.53,30.91,6.18,349.4,46.46,Rust
33.66,32.26,53.86,38.69,21.73,44.0,6.51,329.1,41.16,Healthy
20.92,87.02,54.98,25.59,22.01,14.21,7.64,943.7,48.17,Rust
30.81,89.24,26.88,41.93,44.03,34.05,7.34,720.0,46.14,Bacterial_Leaf_Spot
40.46,91.09,55.22,37.48,39.62,44.88,5.01,966.8,48.14,Root_Rot
18.97,62.43,25.7,32.01,13.72,13.1,7.32,993.4,37.82,Healthy
36.53,62.92,47.13,32.19,26.24,29.0,8.08,485.1,49.99,Healthy
40.2,36.88,29.25,13.05,17.05,28.78,7.6,358.3,35.42,Healthy
29.59,61.37,26.99,20.81,25.14,23.16,6.81,749.8,32.7,Healthy
27.79,52.58,23.08,22.34,17.41,42.02,8.06,534.0,43.89,Healthy
39.54,71.23,12.65,26.52,35.54,9.38,6.53,463.1,35.81,Early_Blight
35.33,37.24,31.68,39.97,30.66,25.72,5.64,622.2,38.45,Healthy
19.32,88.02,29.09,17.42,18.07,48.95,6.5,248.9,33.12,Healthy
27.8,86.39,52.97,24.88,31.43,27.45,7.34,632.5,44.21,Early_Blight
18.63,90.9,60.22,30.28,14.93,32.5,7.67,817.0,46.87,Rust
34.96,95.39,44.52,24.26,22.86,33.83,5.98,996.1,42.0,Early_Blight
26.09,87.65,49.55,21.19,28.36,41.81,7.56,284.7,45.35,Early_Blight
35.46,92.49,16.36,29.98,38.99,39.61,6.27,889.2,41.41,Early_Blight
26.21,82.29,62.17,19.14,40.75,29.1,5.7,939.4,49.81,Root_Rot
17.5,92.3,66.07,38.39,20.44,26.18,5.5,566.7,45.71,Root_Rot
32.14,83.39,39.6,35.68,20.39,48.93,8.01,726.1,49.38,Bacterial_Leaf_Spot
29.99,82.75,9.53,46.8,10.98,25.34,7.8,422.1,39.72,Bacterial_Leaf_Spot
32.16,52.2,20.39,18.07,19.68,22.88,7.96,658.6,43.14,Healthy
24.64,90.19,48.18,17.1,12.13,33.1,6.51,342.5,39.17,Powdery_Mildew
21.06,89.7,51.05,23.99,24.53,48.39,7.71,695.8,54.35,Rust
39.21,57.81,51.99,37.66,16.73,15.73,5.56,866.4,44.3,Root_Rot
38.98,70.17,30.15,15.77,32.15,25.98,5.63,200.9,39.53,Early_Blight
28.15,82.8,47.0,29.22,27.16,22.64,7.42,557.6,45.23,Early_Blight
18.97,39.87,53.36,37.25,14.52,17.94,5.15,681.4,37.76,Root_Rot
21.43,88.9,57.42,39.3,19.74,20.02,6.38,696.0,45.31,Rust
15.72,53.53,58.5,34.64,42.08,22.99,5.44,253.2,38.62,Root_Rot
27.46,48.14,50.3,29.61,42.6,42.07,7.61,1005.0,47.34,Healthy
35.18,80.18,40.56,27.9,48.8,15.05,7.69,442.6,46.96,Early_Blight
19.03,94.73,51.36,15.55,18.18,26.7,6.76,494.0,45.52,Rust
17.47,67.94,13.56,13.03,25.97,25.68,4.84,781.0,31.58,Healthy
39.95,38.86,47.24,34.91,34.69,30.59,6.0,239.7,40.33,Healthy
31.01,84.19,23.16,13.14,17.5,38.27,5.36,438.6,29.65,Early_Blight
31.08,32.91,50.67,39.57,23.73,12.58,7.66,872.3,41.05,Healthy
21.61,62.06,59.67,40.52,29.04,23.83,5.03,795.9,56.54,Root_Rot
20.57,68.06,24.32,19.11,40.08,17.79,5.85,630.0,42.17,Healthy
13.99,90.55,59.92,35.17,14.81,46.43,6.99,421.6,51.91,Rust
19.8,83.39,60.77,44.82,30.34,42.41,7.52,519.7,60.6,Rust
20.99,88.85,57.62,25.27,20.81,13.27,7.54,941.0,54.21,Rust
27.49,85.93,29.13,29.25,14.5,19.26,6.39,285.8,32.52,Early_Blight
20.73,87.1,21.86,28.3,47.14,16.13,7.69,292.2,35.64,Powdery_Mildew
22.43,84.6,17.12,15.4,13.61,46.22,6.88,256.6,38.84,Powdery_Mildew
25.28,87.05,15.23,43.49,13.77,27.8,5.58,230.5,27.59,Powdery_Mildew
19.63,26.26,45.08,19.99,9.64,39.49,6.06,787.9,34.49,Healthy
25.05,91.79,46.28,47.95,39.55,37.56,7.6,704.5,47.74,Bacterial_Leaf_Spot
19.31,87.59,58.38,15.07,17.24,37.88,6.7,757.4,41.14,Rust
24.74,85.71,60.89,48.83,37.65,22.63,7.52,783.6,59.21,Healthy
24.98,60.01,47.98,22.52,23.99,20.77,7.1,916.3,42.16,Healthy
29.87,56.4,27.87,36.89,14.96,26.1,7.42,943.8,36.08,Healthy
25.93,88.64,12.72,47.61,27.56,23.09,7.71,257.3,42.5,Powdery_Mildew
26.03,90.32,26.68,46.47,29.17,36.95,7.75,870.5,51.61,Bacterial_Leaf_Spot
37.52,82.83,37.26,13.23,30.83,24.31,5.7,653.7,39.21,Healthy
15.57,34.27,52.27,35.23,15.69,15.85,5.39,996.6,39.89,Root_Rot
21.52,91.7,58.47,49.62,16.86,35.04,6.99,633.1,51.72,Rust
38.75,71.56,53.55,43.37,12.77,48.71,5.33,768.0,48.59,Root_Rot
25.88,93.47,43.99,10.78,24.1,43.24,5.97,831.3,40.99,Early_Blight
37.3,29.48,39.24,48.47,24.68,15.78,6.0,703.1,35.89,Healthy
38.3,68.32,60.27,21.62,16.74,16.53,7.19,197.5,39.62,Rust
13.85,59.86,56.91,16.56,35.63,39.19,6.82,330.0,47.11,Healthy
36.76,85.76,35.88,19.96,18.28,46.33,6.26,464.8,35.12,Early_Blight
31.8,24.67,44.35,28.68,38.07,42.17,5.24,569.6,46.08,Early_Blight
18.72,49.18,59.63,29.97,14.09,34.06,4.87,728.8,41.93,Root_Rot
35.16,61.65,18.88,15.74,45.48,45.36,5.34,783.5,32.06,Healthy
22.88,83.98,21.62,32.35,28.32,40.73,7.61,341.2,48.58,Powdery_Mildew
25.8,57.64,53.53,28.0,27.15,14.01,5.55,935.8,43.65,Root_Rot
40.79,69.63,19.64,32.26,39.4,11.73,6.97,438.7,35.66,Early_Blight
18.95,62.66,61.64,23.0,38.48,14.03,4.93,567.8,38.66,Root_Rot
36.2,83.46,61.73,13.79,32.33,37.97,6.29,864.6,46.54,Early_Blight
27.68,60.61,36.48,33.78,11.21,16.1,7.25,323.8,33.06,Healthy
40.35,59.25,24.3,13.44,29.58,29.65,7.76,688.6,39.93,Healthy
30.87,89.88,32.83,49.51,41.91,43.49,7.37,746.7,47.94,Bacterial_Leaf_Spot
37.39,29.63,33.07,16.66,24.12,38.4,5.84,569.1,28.85,Healthy
40.38,53.49,40.42,38.74,45.37,25.62,7.15,728.2,46.89,Healthy
26.24,81.16,30.01,11.8,10.92,16.09,5.37,367.1,30.97,Early_Blight
25.61,85.5,30.53,30.61,48.93,43.34,5.78,257.2,45.17,Powdery_Mildew
13.5,94.63,53.85,37.57,47.65,10.28,6.92,547.3,48.4,Rust
31.1,80.49,63.84,12.66,26.58,37.88,5.12,610.6,42.73,Root_Rot
28.18,64.99,49.07,24.36,31.82,16.19,5.77,645.6,50.05,Healthy
38.93,82.56,23.74,46.9,29.19,21.21,7.64,397.2,47.1,Bacterial_Leaf_Spot
41.46,91.29,23.81,36.6,26.58,17.3,8.16,699.3,40.22,Bacterial_Leaf_Spot
17.37,50.92,44.25,28.11,31.28,42.87,7.31,537.0,46.18,Healthy
30.43,94.27,54.72,23.51,34.49,9.32,5.88,541.8,44.66,Early_Blight
31.84,68.63,56.27,27.71,20.25,42.56,5.43,438.1,43.71,Root_Rot
33.93,73.14,48.84,42.57,35.19,45.82,5.06,909.0,41.05,Healthy
20.89,29.52,22.51,43.19,22.41,32.0,4.85,377.1,30.6,Healthy
42.04,76.28,41.21,20.18,34.22,30.65,7.79,338.2,43.18,Early_Blight
23.62,35.38,32.6,45.27,32.87,33.5,5.81,305.4,38.33,Healthy
41.66,50.05,54.53,14.2,30.71,50.4,7.79,997.3,54.12,Healthy
13.2,69.61,61.9,43.75,48.25,46.92,5.09,587.0,52.57,Root_Rot
15.42,84.94,55.26,32.89,30.94,15.47,5.98,339.6,41.74,Rust
27.18,87.73,30.37,16.87,13.47,21.75,6.37,455.1,32.49,Early_Blight
26.57,95.04,60.02,46.2,17.48,34.4,6.86,736.2,43.14,Healthy
28.78,53.0,52.38,20.61,11.66,42.11,6.09,596.6,41.95,Early_Blight
36.67,39.2,59.77,45.67,30.74,31.12,5.05,557.5,40.57,Root_Rot
27.4,81.79,50.88,16.74,45.15,45.59,8.09,564.0,49.13,Early_Blight
37.0,69.51,61.05,44.61,26.43,24.6,4.96,710.6,45.45,Root_Rot
11.82,57.67,44.31,48.85,41.81,27.25,5.03,830.6,43.83,Healthy
15.48,85.4,56.79,23.78,18.04,13.15,7.99,923.2,54.64,Rust
23.7,29.57,15.39,29.38,29.94,46.32,6.54,318.4,31.32,Healthy
23.15,92.28,14.66,28.64,40.63,45.66,6.76,617.0,38.12,Healthy
40.26,75.86,43.15,23.74,29.75,35.7,6.17,259.9,42.37,Early_Blight
33.01,78.48,17.34,21.26,29.06,39.96,5.7,885.0,38.18,Early_Blight
37.02,62.06,21.35,47.01,15.36,48.24,5.58,199.8,37.94,Healthy
39.16,28.67,13.31,24.29,24.82,9.45,7.98,500.9,38.2,Healthy
21.67,91.95,40.97,12.28,38.34,38.4,6.33,328.5,36.43,Powdery_Mildew
22.84,39.08,59.22,14.08,10.63,19.19,7.93,515.0,43.51,Healthy
35.36,78.3,59.87,10.46,29.0,49.52,5.03,225.0,41.3,Root_Rot
25.38,86.36,51.18,46.02,43.65,24.63,7.72,442.0,53.57,Bacterial_Leaf_Spot
24.09,92.27,51.17,16.75,19.7,40.79,7.78,271.5,48.31,Powdery_Mildew
29.86,72.6,20.38,11.7,15.44,14.71,6.38,859.5,30.38,Early_Blight
28.87,41.45,30.24,35.45,29.19,49.02,4.86,664.0,38.4,Healthy
18.92,31.24,38.46,11.55,11.78,46.44,6.31,782.3,44.22,Healthy
28.25,30.78,44.78,42.99,43.24,26.09,6.53,382.3,37.81,Healthy
41.19,71.88,50.0,34.8,14.96,35.21,6.31,672.5,36.52,Early_Blight
24.96,86.31,16.53,42.77,47.79,17.08,6.24,246.6,39.46,Powdery_Mildew
20.33,88.15,58.74,27.9,49.29,13.55,6.13,883.3,49.39,Rust
24.62,83.29,58.01,22.34,33.85,41.84,6.73,643.1,51.8,Early_Blight
41.21,65.3,35.06,19.45,17.71,12.48,6.93,280.2,33.15,Early_Blight
22.79,93.77,22.7,26.1,31.17,21.69,7.38,399.3,36.25,Healthy
21.04,90.6,52.42,11.29,45.99,20.99,6.87,809.2,47.57,Rust
33.42,44.13,32.46,25.88,25.86,34.54,5.41,410.9,34.23,Healthy
18.36,77.3,57.51,21.24,35.28,20.94,5.61,623.5,44.98,Root_Rot
32.11,65.8,18.46,12.01,50.28,41.11,7.1,470.6,44.18,Early_Blight
21.96,86.24,18.31,36.0,30.35,34.36,5.43,359.6,40.87,Healthy
33.61,71.82,40.14,29.09,34.75,31.49,5.12,823.6,48.15,Early_Blight
29.44,60.79,9.43,23.61,46.09,17.84,5.82,251.6,36.92,Healthy
37.35,80.62,57.57,38.84,19.67,49.72,5.77,190.7,48.21,Root_Rot
21.81,87.25,41.47,21.36,15.93,25.2,7.18,314.5,39.72,Powdery_Mildew
24.15,83.48,22.47,46.73,13.47,40.88,7.89,334.2,39.55,Powdery_Mildew
23.58,76.79,59.71,14.87,37.33,32.69,5.3,493.0,40.83,Root_Rot
23.3,90.2,33.15,21.94,9.43,24.94,5.06,227.3,27.42,Powdery_Mildew
21.28,83.49,24.19,45.55,33.15,28.58,5.75,645.3,38.39,Healthy
28.14,85.57,59.41,36.89,13.68,19.81,5.25,293.4,36.59,Root_Rot
27.48,25.03,58.87,44.32,16.72,15.09,7.08,436.5,43.79,Healthy
25.61,82.14,49.04,25.28,23.45,10.74,4.79,470.1,34.25,Early_Blight
35.43,87.26,50.74,20.7,41.09,23.6,4.95,371.4,46.95,Root_Rot
15.19,34.78,35.71,29.01,16.92,19.66,6.24,630.4,28.91,Healthy
32.03,92.75,16.64,45.11,24.59,42.58,5.36,788.3,39.96,Healthy
16.85,90.91,55.27,36.54,34.52,26.03,6.67,928.1,51.37,Rust
21.53,92.22,55.75,14.03,28.51,40.06,7.61,709.1,50.07,Rust
30.36,82.78,49.08,30.15,37.31,32.54,6.79,385.1,45.16,Early_Blight
35.42,65.06,20.46,41.81,14.75,14.34,5.97,695.2,37.94,Rust
20.02,90.29,55.88,38.61,30.3,44.97,7.55,680.6,49.79,Rust
21.89,64.4,50.22,35.97,28.63,49.22,7.02,935.4,51.67,Healthy
14.21,69.21,36.67,41.63,17.28,33.4,5.21,336.1,28.45,Healthy
17.97,95.08,33.48,27.11,43.55,16.93,6.04,361.1,36.6,Healthy
34.98,85.43,62.46,10.77,30.1,42.44,4.74,397.6,38.05,Root_Rot
28.93,72.38,41.35,23.78,24.9,31.15,5.34,812.4,41.12,Early_Blight
24.9,90.44,51.79,48.88,20.5,33.59,7.82,214.4,48.76,Powdery_Mildew
39.53,52.18,28.78,31.75,30.29,35.38,5.17,475.5,33.19,Healthy
25.67,43.18,27.84,31.79,45.18,19.39,7.29,691.9,39.18,Healthy
23.26,55.2,50.78,44.51,16.53,41.01,5.51,364.2,39.93,Root_Rot
23.46,91.3,26.79,43.47,33.86,29.56,7.57,296.4,43.64,Early_Blight
33.8,29.06,10.91,24.47,32.83,34.15,7.56,787.3,28.1,Healthy
21.97,87.04,20.02,22.53,41.71,28.96,4.98,327.7,35.2,Powdery_Mildew
22.29,33.5,28.66,45.69,49.02,31.4,4.96,951.3,44.3,Healthy
21.5,91.95,49.48,41.41,38.56,46.14,8.1,849.8,50.55,Rust
20.79,40.17,31.19,21.85,37.81,22.9,6.38,584.5,32.83,Healthy
39.71,73.09,20.01,30.2,38.71,16.56,5.78,517.0,30.94,Early_Blight
16.58,48.3,36.06,30.25,49.63,26.8,6.61,441.0,38.6,Healthy
34.77,91.07,18.8,29.99,39.9,39.51,6.1,911.6,39.76,Early_Blight
30.7,72.54,8.01,33.37,34.75,36.15,6.56,911.2,45.32,Early_Blight
23.03,81.59,62.18,22.54,28.16,24.69,4.99,428.2,40.88,Root_Rot
18.4,29.09,54.55,29.17,23.42,22.15,5.39,748.3,34.76,Root_Rot
20.18,89.03,52.09,17.99,36.23,19.19,6.59,794.4,48.71,Rust
19.95,85.67,61.78,26.77,10.83,45.09,6.98,546.3,52.46,Rust
22.59,56.51,51.43,26.8,46.69,46.49,4.92,208.1,46.27,Root_Rot
39.13,85.12,8.12,24.93,14.62,20.81,5.01,1004.1,35.17,Early_Blight
21.08,57.39,34.29,11.12,26.92,16.64,5.44,880.9,39.06,Healthy
36.53,57.36,37.14,18.47,25.69,23.73,7.49,673.8,50.92,Healthy
34.71,89.26,32.33,12.97,13.86,49.82,7.95,387.0,46.81,Early_Blight
28.94,60.67,27.3,21.6,27.54,48.0,7.7,353.6,29.68,Rust
25.24,58.45,50.97,14.38,13.14,37.11,5.67,959.9,41.84,Root_Rot
33.18,72.29,53.57,17.34,15.22,17.52,5.15,274.9,40.55,Root_Rot
23.29,32.17,35.19,38.15,25.08,48.63,6.94,623.4,44.68,Healthy
32.02,87.25,26.59,49.27,45.09,12.28,7.62,415.4,44.08,Bacterial_Leaf_Spot
19.91,50.45,62.5,43.5,37.12,39.36,5.08,331.6,43.63,Root_Rot
21.01,45.16,20.49,39.06,9.62,16.54,6.24,387.4,38.0,Healthy
26.61,86.26,62.12,44.86,12.34,49.08,7.52,653.0,53.08,Bacterial_Leaf_Spot
21.44,89.84,62.29,45.84,13.86,36.53,6.58,792.7,53.78,Rust
28.9,24.36,31.56,46.84,31.98,49.01,5.14,253.3,35.52,Healthy
25.4,86.23,23.36,16.93,32.01,35.49,5.64,326.4,43.65,Powdery_Mildew
26.86,79.67,36.22,31.52,48.87,16.5,5.04,416.6,32.5,Early_Blight
23.44,82.26,51.55,32.82,31.32,12.97,7.92,317.1,48.87,Powdery_Mildew
28.47,83.39,23.95,47.96,32.76,12.48,7.75,263.7,50.38,Bacterial_Leaf_Spot
19.88,85.07,64.38,46.88,12.17,23.63,7.23,291.1,46.58,Rust
36.97,44.55,13.36,31.74,35.43,13.06,7.81,858.9,47.51,Healthy
27.82,81.57,14.72,44.16,29.62,46.16,7.61,628.5,49.45,Bacterial_Leaf_Spot
27.58,67.05,52.27,12.22,11.33,49.15,5.56,663.0,46.42,Root_Rot
34.38,83.24,18.59,12.16,34.67,43.46,6.99,654.3,39.8,Early_Blight
37.17,30.43,26.0,15.44,35.95,20.08,6.39,817.2,41.26,Healthy
36.77,92.8,22.06,33.68,37.61,48.87,5.83,231.9,35.83,Early_Blight
34.02,26.63,15.28,31.91,26.03,37.28,4.77,901.0,33.27,Healthy
33.93,58.47,53.72,29.91,49.63,40.4,6.45,464.4,53.12,Healthy
31.78,93.84,55.61,29.45,16.7,46.51,7.5,881.1,54.39,Early_Blight
13.07,35.45,59.06,19.67,35.43,44.67,8.1,273.7,43.75,Healthy
24.37,85.89,41.92,47.06,15.72,26.54,7.81,284.0,43.16,Powdery_Mildew
17.17,89.83,25.31,13.74,35.66,51.04,6.08,976.9,41.92,Healthy
30.1,78.51,25.73,14.51,17.84,45.8,6.57,802.3,36.55,Early_Blight
25.58,73.48,29.59,32.85,10.55,45.94,5.63,1004.4,30.95,Early_Blight
13.24,48.21,21.46,14.6,18.91,27.78,6.08,493.0,26.81,Healthy
21.67,90.97,57.84,40.13,20.12,30.02,7.75,895.7,55.8,Rust
40.07,83.63,35.39,16.62,38.1,23.45,6.2,384.3,34.52,Early_Blight
36.43,81.0,40.43,17.78,44.57,49.88,7.41,906.7,53.49,Early_Blight
23.69,61.49,25.22,18.74,39.76,41.13,8.15,981.6,52.46,Healthy
20.07,51.48,57.75,28.59,36.89,36.73,5.13,553.4,36.65,Root_Rot
29.07,90.9,57.44,40.06,16.21,45.67,4.91,319.0,34.97,Root_Rot
42.42,73.92,50.05,31.48,46.08,39.08,7.3,690.6,53.43,Early_Blight
14.22,67.71,51.65,22.15,11.6,17.81,5.07,766.7,35.14,Root_Rot
31.53,65.27,35.33,44.05,25.3,35.31,5.69,965.2,47.16,Healthy
13.21,58.03,55.3,21.14,26.25,17.14,5.32,831.1,36.79,Root_Rot
31.0,90.04,24.05,47.94,20.11,23.57,7.56,886.7,40.89,Bacterial_Leaf_Spot
40.55,87.62,23.7,14.79,45.11,18.14,7.35,258.9,33.71,Early_Blight
37.32,67.43,38.58,24.08,40.81,25.61,5.39,790.6,41.71,Early_Blight
33.14,56.9,26.11,26.69,36.68,11.35,6.76,516.7,31.24,Healthy
30.82,82.9,39.32,41.97,27.09,27.21,7.89,710.2,51.04,Bacterial_Leaf_Spot
32.19,51.07,26.9,39.04,22.99,47.46,6.85,851.5,42.21,Healthy
29.29,83.04,8.55,46.95,43.44,19.17,7.66,307.0,37.65,Bacterial_Leaf_Spot
26.02,78.62,28.25,38.42,33.71,47.63,7.17,415.7,35.79,Healthy
23.03,61.14,55.2,25.45,24.78,14.79,5.32,796.0,42.88,Root_Rot
29.57,79.87,39.28,10.2,17.58,40.91,6.88,348.6,36.08,Early_Blight
39.09,62.72,43.57,38.2,48.75,20.55,8.02,633.9,50.74,Healthy
38.19,84.35,27.91,33.57,36.91,12.7,5.97,673.8,32.78,Early_Blight
41.61,28.98,53.91,38.89,29.41,20.25,5.09,951.0,36.03,Root_Rot
30.1,88.88,37.42,48.46,44.92,27.1,7.52,871.7,55.36,Bacterial_Leaf_Spot
19.33,91.88,53.89,32.41,38.62,21.38,6.13,882.3,45.26,Rust
23.96,82.23,58.24,12.86,47.77,31.0,5.09,765.4,38.5,Root_Rot
15.63,92.65,29.12,32.44,23.35,16.73,7.77,318.5,37.65,Healthy
29.2,33.1,17.17,37.29,17.86,15.97,7.93,350.7,40.43,Root_Rot
28.12,72.82,18.09,18.46,23.57,43.08,6.89,694.7,31.73,Early_Blight
32.3,80.63,50.78,40.34,29.59,16.25,5.38,710.1,44.71,Root_Rot
24.84,62.15,13.11,21.51,44.53,17.11,7.12,289.0,44.37,Healthy
36.29,50.79,61.93,17.84,13.36,33.44,5.46,781.3,39.78,Root_Rot
37.28,78.45,35.14,23.21,15.1,15.51,7.04,954.5,39.8,Early_Blight
22.11,52.05,47.16,46.54,48.32,27.24,5.63,221.8,40.89,Healthy
20.57,81.98,61.74,38.16,20.66,30.43,5.57,545.1,47.05,Root_Rot
33.33,84.92,61.55,44.83,20.35,17.49,7.84,618.1,47.02,Powdery_Mildew
22.48,85.67,18.56,34.5,12.26,30.19,7.84,232.5,33.06,Powdery_Mildew
38.48,79.56,28.71,30.71,36.18,46.02,7.47,426.0,47.45,Early_Blight
38.75,33.19,29.69,19.9,11.58,30.08,7.6,420.8,37.52,Healthy
13.53,71.1,59.33,19.24,22.98,43.19,5.79,938.9,49.53,Root_Rot
28.97,75.83,60.51,35.88,42.53,43.13,5.48,766.4,49.72,Root_Rot
21.83,87.39,64.32,15.83,9.82,34.84,7.13,671.8,54.34,Rust
30.1,81.66,58.47,27.18,35.86,19.08,6.04,807.0,46.73,Early_Blight
16.83,76.69,39.56,16.49,26.19,13.91,4.84,871.6,36.93,Healthy
20.78,93.51,45.6,42.13,14.88,34.22,6.97,208.2,40.01,Powdery_Mildew
30.74,83.65,46.43,47.34,27.42,10.66,7.43,577.6,45.31,Bacterial_Leaf_Spot
42.57,92.11,17.95,22.09,46.32,31.27,6.36,716.9,39.61,Early_Blight
34.94,82.97,38.14,33.45,36.86,23.76,5.31,383.7,39.96,Early_Blight
35.53,80.08,37.92,33.05,22.66,13.16,6.6,278.2,36.31,Early_Blight
29.87,88.12,40.68,48.42,47.05,23.07,7.3,805.3,48.92,Bacterial_Leaf_Spot
39.56,43.83,59.28,19.31,49.27,29.35,5.57,829.6,43.17,Root_Rot
22.85,82.88,33.5,41.72,49.68,27.43,7.81,329.2,46.04,Powdery_Mildew
26.89,58.45,54.0,16.76,30.56,44.28,5.7,825.5,48.13,Root_Rot
25.45,30.28,23.64,43.24,10.28,33.97,5.26,877.9,28.2,Healthy
40.2,68.42,43.77,11.67,31.39,45.56,7.81,750.9,45.26,Early_Blight
24.97,85.48,41.47,48.31,46.74,19.95,7.76,301.2,44.2,Powdery_Mildew
12.59,38.76,49.44,28.85,44.01,35.36,7.16,850.6,52.1,Healthy
29.76,90.1,10.07,48.26,25.99,29.61,7.46,506.8,34.86,Bacterial_Leaf_Spot
18.74,88.96,61.6,34.03,13.83,35.6,6.03,981.7,46.56,Rust
26.61,82.64,10.0,26.89,34.62,24.94,4.8,991.8,37.79,Early_Blight
29.64,87.96,49.61,48.13,46.78,43.83,7.55,334.1,52.99,Bacterial_Leaf_Spot
31.69,47.58,34.75,32.7,28.26,42.84,5.16,642.7,33.28,Healthy
17.12,90.25,36.08,46.75,46.61,38.2,6.04,228.1,46.74,Healthy
29.06,86.53,60.58,16.76,10.9,42.06,8.13,274.5,53.96,Early_Blight
34.62,68.05,28.69,39.64,21.07,49.96,7.62,571.5,43.5,Healthy
31.43,88.23,20.75,46.8,28.48,38.51,7.46,332.5,42.03,Bacterial_Leaf_Spot
23.73,85.31,50.42,20.64,47.38,33.8,6.36,291.4,46.42,Powdery_Mildew
29.23,75.79,37.01,29.47,22.97,48.96,6.63,431.1,40.04,Early_Blight
36.37,80.67,15.77,17.91,41.88,46.83,6.45,839.8,44.06,Early_Blight
24.72,58.73,31.23,34.82,50.07,32.15,6.75,258.2,45.04,Healthy
19.03,88.86,55.23,18.31,17.17,22.99,7.82,636.4,38.42,Rust
40.91,95.38,17.77,24.64,28.63,24.77,6.42,648.0,29.83,Early_Blight
32.52,90.56,30.33,46.14,15.48,24.33,7.44,512.7,31.71,Bacterial_Leaf_Spot
38.38,72.27,44.88,20.7,49.93,43.78,5.4,600.6,42.77,Early_Blight
30.83,88.08,39.88,46.02,23.54,23.21,7.67,366.1,43.56,Bacterial_Leaf_Spot
31.33,26.63,14.06,31.57,42.01,26.26,7.26,292.7,41.48,Healthy
23.75,90.28,36.54,14.3,34.87,13.84,7.1,320.1,35.67,Powdery_Mildew
30.85,59.25,61.87,45.3,42.08,36.13,5.25,375.7,41.65,Root_Rot
26.3,76.19,33.76,17.84,18.05,15.38,5.71,636.2,37.27,Early_Blight
20.06,84.79,18.55,42.95,15.28,36.96,7.58,391.7,34.71,Healthy
13.35,42.05,12.57,44.76,31.16,22.22,6.61,821.2,32.25,Healthy
15.57,41.59,54.55,39.89,35.55,10.06,4.82,284.7,40.0,Root_Rot
21.04,87.7,57.95,41.51,34.9,22.1,7.41,625.8,53.2,Rust
33.14,71.21,16.3,12.59,23.43,41.17,7.91,549.4,27.02,Early_Blight
15.16,31.27,60.8,22.93,42.68,31.88,5.39,982.0,47.13,Root_Rot
23.56,83.47,58.73,33.54,28.1,35.08,5.66,740.9,42.58,Root_Rot
16.93,86.18,61.44,17.41,33.65,23.81,6.86,631.2,46.09,Rust
24.47,90.54,52.32,22.32,46.71,28.81,6.46,235.5,48.43,Healthy
20.88,94.78,57.51,17.01,43.85,39.17,6.26,443.7,53.6,Rust
17.43,78.28,44.76,21.24,41.74,42.13,5.02,861.8,39.54,Healthy
30.5,49.73,22.44,42.21,10.1,27.07,8.11,521.7,34.22,Healthy
13.06,65.25,50.95,13.44,22.42,20.83,8.09,207.2,41.85,Healthy
24.48,80.72,23.2,35.72,37.62,14.16,5.01,327.1,31.87,Rust
21.99,85.74,60.75,41.5,16.88,30.2,5.4,496.5,38.97,Root_Rot
32.45,81.98,20.17,47.56,49.39,21.34,7.49,824.1,53.12,Bacterial_Leaf_Spot
39.75,53.56,59.09,18.15,29.72,41.34,7.89,969.0,53.13,Healthy
16.14,93.1,15.65,12.81,37.25,33.7,6.89,403.3,38.41,Healthy
22.6,70.09,31.95,15.19,43.85,19.35,6.42,621.6,43.15,Healthy
20.68,95.72,48.21,16.33,10.78,49.12,5.65,230.3,33.42,Powdery_Mildew
31.76,84.83,51.0,37.83,40.47,39.94,6.05,733.7,54.82,Healthy
24.2,88.5,24.64,32.81,46.74,42.35,5.87,240.4,41.1,Powdery_Mildew
26.44,92.91,61.3,21.32,46.59,21.02,5.2,887.9,51.18,Root_Rot
27.47,85.67,28.02,24.63,31.12,23.93,5.99,874.1,35.83,Early_Blight
28.12,43.16,30.24,46.09,35.86,29.84,6.61,935.4,40.54,Healthy
24.25,62.34,35.4,18.97,48.84,49.34,7.76,459.7,54.39,Healthy
19.16,32.66,58.21,30.93,35.51,28.17,5.84,903.8,51.35,Healthy
30.43,81.14,41.46,46.45,27.43,37.16,7.99,856.2,49.65,Bacterial_Leaf_Spot
25.17,83.29,19.91,47.8,14.23,35.9,7.86,335.6,43.99,Powdery_Mildew
25.02,88.45,65.12,15.5,28.6,38.11,5.15,711.7,46.54,Root_Rot
18.54,94.94,58.73,43.61,43.14,17.96,5.36,959.4,53.58,Root_Rot
41.58,93.6,36.11,34.52,24.51,48.46,7.85,934.6,52.5,Early_Blight
18.05,85.74,53.43,45.04,12.35,16.15,7.75,821.1,53.02,Rust
21.92,86.32,54.69,41.02,12.02,30.69,5.17,557.4,38.54,Root_Rot
21.23,85.63,26.14,28.08,13.82,14.56,5.68,428.3,34.62,Healthy
18.74,87.69,56.88,43.91,41.19,20.61,7.49,447.4,51.51,Rust
32.22,94.08,64.43,12.27,11.87,22.89,7.69,329.7,46.93,Early_Blight
40.44,29.03,55.92,33.32,35.28,49.14,5.83,412.8,44.79,Healthy
17.61,94.0,8.88,44.1,44.89,49.54,5.77,245.0,36.7,Healthy
20.55,95.27,35.57,49.43,32.8,18.44,5.16,494.0,41.15,Healthy
18.03,93.57,59.2,34.26,42.37,35.86,6.5,498.1,53.55,Rust
18.04,88.43,56.18,18.5,38.16,41.28,8.1,332.0,48.07,Rust
22.27,73.93,33.89,15.59,9.84,31.61,6.19,906.2,39.33,Healthy
41.8,88.13,46.11,30.3,13.72,45.06,7.43,731.2,53.45,Early_Blight
32.56,85.25,51.29,9.53,37.57,31.38,5.43,552.7,40.26,Root_Rot
18.81,84.5,55.73,39.38,37.61,34.29,6.81,778.4,55.19,Rust
38.96,68.24,62.36,30.78,38.78,37.47,7.69,312.6,49.92,Early_Blight
39.31,81.53,50.92,48.42,9.87,29.6,5.24,891.1,39.31,Root_Rot
39.77,74.24,33.87,18.57,35.3,28.89,5.43,437.4,35.6,Early_Blight
37.66,80.54,14.24,28.0,28.27,18.23,6.87,783.6,48.23,Early_Blight
25.22,39.04,60.84,21.47,39.89,45.6,7.39,632.4,54.01,Healthy
22.24,81.6,26.47,44.28,25.0,21.9,6.14,257.5,40.87,Powdery_Mildew
31.35,89.34,26.74,48.2,20.74,23.0,7.83,846.0,50.5,Bacterial_Leaf_Spot
15.51,92.37,55.15,47.71,27.84,17.04,6.81,524.4,41.93,Rust
22.08,82.36,29.93,32.04,22.87,37.39,7.48,290.6,44.66,Powdery_Mildew
37.03,70.05,44.45,11.95,50.59,34.86,5.54,993.9,43.32,Early_Blight
28.31,83.72,47.56,46.85,48.39,34.23,7.82,345.8,50.28,Powdery_Mildew
30.52,84.08,58.23,23.34,36.28,33.2,5.79,657.7,47.65,Root_Rot
26.42,64.9,57.89,22.5,44.97,13.53,7.13,659.3,47.34,Early_Blight
24.3,81.29,16.23,33.6,36.83,25.61,6.22,902.9,42.67,Early_Blight
22.25,80.24,62.12,44.02,29.72,20.39,7.5,538.6,47.47,Rust
39.09,30.68,31.65,32.71,46.33,37.45,4.94,266.3,33.46,Healthy
30.0,92.69,46.7,18.65,45.27,20.04,6.22,666.4,45.55,Early_Blight
23.81,74.78,45.43,31.93,50.72,27.65,6.34,229.1,42.29,Healthy
23.31,83.62,55.59,40.68,35.83,43.77,6.28,261.1,49.65,Powdery_Mildew
14.83,85.89,51.94,44.81,10.67,22.39,8.01,697.9,46.85,Rust
25.08,81.54,31.77,47.41,38.22,34.02,7.43,320.2,42.62,Powdery_Mildew
28.77,36.88,18.69,11.52,28.76,17.59,7.4,1004.8,38.65,Healthy
39.4,38.96,57.81,42.7,28.6,29.08,5.27,371.4,43.26,Root_Rot
24.64,93.83,57.47,17.2,22.52,42.94,5.64,253.0,41.12,Root_Rot
19.24,89.07,55.27,47.07,14.04,28.0,5.97,859.6,50.16,Rust
14.99,63.25,43.12,36.49,14.35,35.87,6.51,817.4,43.75,Healthy
31.39,82.79,18.6,10.28,25.47,12.47,5.17,476.6,27.3,Early_Blight
18.88,89.14,57.76,34.61,11.89,45.88,6.34,727.5,44.28,Rust
39.81,51.57,39.09,39.49,31.83,15.08,5.52,431.2,34.56,Healthy
32.0,82.03,58.29,36.23,33.42,36.14,5.28,512.4,40.54,Root_Rot
24.31,58.43,63.43,11.96,14.93,13.99,5.24,569.3,33.9,Root_Rot
21.34,92.94,31.52,10.66,35.66,38.17,6.26,335.4,40.53,Powdery_Mildew
17.99,88.07,50.87,25.49,25.49,16.74,6.43,830.8,46.98,Rust
16.15,61.96,46.1,46.68,22.29,21.08,6.47,390.5,38.94,Healthy
26.24,55.89,62.96,40.05,35.46,25.7,5.36,389.3,42.4,Root_Rot
21.48,48.06,49.18,32.52,44.14,17.11,6.94,795.4,56.43,Healthy
39.09,91.54,9.39,31.98,28.83,37.87,6.81,756.7,43.69,Early_Blight
28.31,29.31,57.72,40.1,44.31,48.71,6.19,234.6,44.99,Healthy
32.4,43.0,31.3,23.92,26.88,32.87,5.48,471.4,32.24,Healthy
14.84,88.1,59.02,18.56,10.59,47.3,6.6,476.7,44.71,Rust
26.57,65.67,42.75,29.61,38.15,20.21,4.9,637.0,35.58,Early_Blight
27.12,69.72,52.24,19.31,39.67,19.41,7.17,824.8,52.26,Bacterial_Leaf_Spot
38.8,78.5,34.15,13.51,37.73,33.56,4.77,797.2,37.12,Early_Blight
28.67,24.18,27.93,13.98,44.76,21.44,6.34,546.6,28.42,Healthy
29.47,27.85,45.66,17.04,48.5,36.01,8.08,364.5,43.88,Healthy
38.39,30.71,48.82,11.63,31.65,12.0,4.95,960.5,41.82,Healthy
34.37,88.64,58.89,30.81,37.36,10.48,7.39,229.7,41.3,Early_Blight
26.16,58.69,15.61,12.17,26.83,46.12,7.43,859.4,38.67,Healthy
27.17,83.68,51.07,47.55,25.43,38.18,7.51,625.4,53.46,Bacterial_Leaf_Spot
40.68,80.47,41.86,24.38,19.16,47.15,7.1,649.9,47.83,Early_Blight
36.23,85.46,31.92,39.34,21.4,13.68,5.89,233.8,28.78,Healthy
27.57,60.14,46.54,43.19,43.47,19.23,5.36,806.3,38.73,Healthy
21.05,92.3,54.12,34.62,37.76,16.51,6.36,617.6,43.07,Rust
32.85,85.57,55.35,30.54,50.82,24.41,6.98,489.0,46.1,Early_Blight
39.81,31.01,56.17,31.17,45.92,10.52,5.05,905.7,47.21,Root_Rot
41.72,65.23,17.69,21.0,15.5,8.38,7.28,996.8,30.96,Early_Blight
26.25,82.91,63.64,18.19,40.22,29.31,5.85,928.6,54.33,Early_Blight
32.78,86.27,58.71,30.45,46.56,30.93,8.06,760.5,55.23,Early_Blight
26.49,78.83,63.82,26.63,45.44,28.79,7.05,685.5,49.8,Root_Rot
39.09,83.22,27.76,27.94,18.39,32.08,5.21,729.1,42.92,Early_Blight
15.65,80.27,60.86,47.11,16.8,19.76,5.69,368.4,49.02,Root_Rot
16.13,61.45,53.15,27.31,11.39,40.22,5.27,232.1,34.32,Root_Rot
13.28,81.77,42.35,40.5,43.75,17.56,6.34,298.6,47.66,Healthy
29.01,85.08,25.34,12.85,40.62,16.71,7.77,361.0,39.88,Early_Blight
26.92,93.88,23.43,26.12,24.42,35.81,7.89,547.5,41.34,Early_Blight
33.14,33.92,50.69,22.82,40.38,35.16,5.17,916.5,45.83,Root_Rot
23.84,62.41,58.78,36.3,34.37,25.24,5.33,773.4,45.11,Root_Rot
20.95,60.42,52.86,18.77,20.15,26.89,7.3,819.2,43.61,Healthy
28.78,91.0,34.82,45.75,48.45,20.69,7.64,493.1,47.39,Bacterial_Leaf_Spot
29.83,93.22,14.21,44.23,19.53,18.18,8.04,559.3,46.83,Bacterial_Leaf_Spot
16.04,92.08,49.09,44.52,24.47,22.75,6.0,767.3,43.18,Rust
21.22,88.63,52.95,33.5,46.99,19.02,7.16,1020.7,49.21,Rust
31.17,88.1,63.99,45.04,12.74,26.37,7.88,505.2,56.8,Bacterial_Leaf_Spot
39.4,81.42,58.25,36.9,43.88,18.81,5.21,857.7,45.4,Root_Rot
23.59,82.72,43.17,48.2,33.48,49.96,5.95,308.6,38.17,Powdery_Mildew
11.98,66.61,30.91,39.15,19.57,46.47,6.48,347.2,37.0,Healthy
21.74,88.77,53.63,28.69,25.75,18.02,6.34,776.0,46.63,Rust
31.87,65.58,35.6,44.5,23.31,36.54,5.64,977.6,37.8,Healthy
23.5,88.38,8.59,46.49,19.38,10.89,5.79,245.1,31.65,Powdery_Mildew
28.28,59.65,26.75,21.19,25.68,23.41,6.62,743.2,37.8,Healthy
32.34,92.53,44.69,45.42,45.81,26.8,7.45,835.4,52.77,Bacterial_Leaf_Spot
38.72,88.25,33.77,20.33,42.67,32.88,5.83,477.7,40.36,Early_Blight
25.01,85.71,59.23,44.28,25.18,40.49,5.54,724.5,52.0,Root_Rot
22.6,61.33,53.6,30.79,43.5,35.64,5.42,373.1,40.96,Root_Rot
37.29,91.95,32.23,36.94,20.73,13.55,8.02,321.0,35.32,Bacterial_Leaf_Spot
18.25,65.27,59.29,48.43,45.71,19.12,5.36,874.9,45.14,Root_Rot
25.75,81.57,12.51,33.33,42.5,20.05,7.92,572.6,42.01,Early_Blight
22.44,84.55,18.82,34.76,11.82,30.33,7.74,230.0,40.8,Powdery_Mildew
13.08,26.52,45.64,41.64,18.67,40.15,6.02,737.2,41.37,Healthy
19.09,85.04,16.6,18.42,19.2,46.29,5.33,845.0,36.78,Healthy
15.9,79.89,60.46,34.5,35.36,41.41,5.76,389.0,49.65,Root_Rot
16.71,77.0,55.37,30.49,25.04,42.19,6.67,747.6,45.86,Healthy
23.19,92.99,32.01,23.95,25.52,36.79,6.66,292.0,38.71,Powdery_Mildew
33.4,68.44,30.1,38.16,19.71,48.77,7.76,572.3,41.79,Healthy
27.1,81.23,60.69,32.4,25.43,31.96,7.3,716.9,52.63,Early_Blight
30.91,70.79,11.93,30.07,28.92,35.89,7.67,848.7,38.31,Early_Blight
29.63,82.96,53.31,18.22,14.31,45.08,4.9,554.6,35.96,Root_Rot
34.33,94.82,49.61,22.96,46.19,11.1,5.36,502.4,39.17,Early_Blight
20.25,56.02,23.95,48.84,14.57,39.02,6.73,925.1,43.31,Healthy
21.82,24.37,21.06,9.11,46.32,19.34,4.94,330.0,23.74,Healthy
14.97,55.24,56.28,37.89,42.74,46.83,5.6,969.5,41.93,Root_Rot
21.94,92.85,32.76,26.41,36.34,22.14,6.74,220.2,32.34,Powdery_Mildew
23.0,87.06,20.16,41.85,23.52,15.76,7.57,241.2,35.53,Powdery_Mildew
13.52,64.53,52.0,12.9,22.8,20.44,8.08,194.1,37.74,Healthy
26.88,51.11,50.7,17.3,42.91,12.96,7.25,267.0,38.82,Healthy
14.07,88.34,56.91,45.58,15.04,45.55,5.35,816.9,44.38,Root_Rot
24.17,90.26,39.48,16.46,30.24,14.68,6.86,249.7,40.42,Powdery_Mildew
26.17,49.26,63.02,34.87,32.98,47.48,5.24,881.7,43.11,Root_Rot
16.54,26.19,56.22,27.67,39.07,30.85,7.52,234.0,45.97,Healthy
21.87,83.19,45.81,41.54,36.11,36.63,7.74,289.2,50.8,Powdery_Mildew
13.55,29.88,64.2,34.59,18.02,22.01,5.09,771.2,34.12,Root_Rot
32.24,68.56,50.98,34.7,46.52,25.04,6.6,585.6,51.3,Early_Blight
41.66,71.13,61.73,19.16,30.47,33.85,7.37,359.8,41.58,Early_Blight
32.79,86.06,10.69,49.41,18.16,32.92,7.6,426.8,46.44,Bacterial_Leaf_Spot
28.35,58.1,19.52,17.02,32.01,44.59,5.1,750.8,37.18,Healthy
26.75,83.94,58.26,46.38,28.14,48.53,5.49,768.8,49.62,Root_Rot
33.92,77.4,13.35,46.59,30.44,43.31,7.28,917.4,47.9,Bacterial_Leaf_Spot
38.97,40.33,62.25,17.71,35.15,14.71,5.28,777.5,41.98,Root_Rot
23.1,87.41,58.18,46.42,41.31,27.23,7.63,403.6,50.09,Rust
37.89,91.89,44.5,39.74,15.39,35.47,7.98,883.1,52.12,Bacterial_Leaf_Spot
18.88,92.29,56.67,12.21,32.63,37.69,5.97,411.1,38.9,Rust
37.94,74.77,10.16,29.14,11.28,50.91,7.8,898.3,51.21,Early_Blight
35.53,84.8,40.61,20.12,46.41,23.14,6.47,762.8,35.32,Early_Blight
17.52,25.96,57.04,48.0,22.63,31.78,8.01,966.9,53.32,Healthy
20.47,90.15,30.92,15.39,28.64,11.06,5.64,227.3,27.78,Powdery_Mildew
37.2,92.34,63.59,24.5,13.13,35.63,5.97,585.7,40.76,Early_Blight
27.9,84.33,54.06,45.83,15.42,44.31,7.7,799.8,49.08,Bacterial_Leaf_Spot
22.95,83.07,63.87,39.77,38.43,36.35,6.67,260.5,48.66,Powdery_Mildew
24.38,85.93,16.53,43.24,13.57,43.85,7.52,339.3,36.9,Powdery_Mildew
37.47,87.9,24.61,39.93,18.03,22.58,7.92,506.9,48.31,Bacterial_Leaf_Spot
37.41,71.48,52.4,33.24,27.97,18.59,5.17,844.4,50.72,Bacterial_Leaf_Spot
13.47,54.52,16.81,36.71,46.71,14.28,4.91,817.3,34.23,Healthy
26.15,80.68,16.28,31.87,24.12,34.82,7.82,860.7,48.2,Early_Blight
28.83,81.29,57.69,23.81,17.87,30.6,6.62,847.2,52.71,Early_Blight
36.68,43.35,64.26,29.02,49.17,10.81,5.02,388.6,42.98,Root_Rot
21.91,81.61,56.13,32.81,29.65,11.16,6.75,406.4,41.43,Rust
27.87,94.5,37.93,41.88,17.66,12.66,6.75,900.3,38.45,Healthy
22.44,86.92,45.84,24.77,22.94,21.98,6.41,312.0,39.23,Powdery_Mildew
38.13,92.15,42.18,24.42,20.25,33.99,7.72,379.3,50.51,Early_Blight
32.75,76.69,16.51,11.4,48.11,41.09,5.26,260.3,40.81,Early_Blight
25.56,85.92,18.7,40.83,47.25,17.77,6.26,244.4,42.75,Powdery_Mildew
37.67,57.47,36.47,19.15,23.63,22.84,7.41,706.6,39.35,Healthy
16.16,85.95,40.88,40.1,34.75,11.52,6.7,253.0,36.85,Powdery_Mildew
17.9,59.65,55.85,21.17,10.49,47.98,5.21,223.4,41.2,Root_Rot
39.3,54.22,63.28,23.08,18.7,25.68,5.29,811.6,50.88,Root_Rot
25.71,85.48,19.56,28.89,35.57,43.0,7.6,663.2,49.65,Early_Blight
29.76,69.24,10.72,26.0,30.7,49.64,7.88,963.2,46.08,Early_Blight
22.8,90.14,51.96,27.86,43.26,21.88,7.19,249.0,48.27,Root_Rot
41.51,81.97,62.15,14.24,37.22,43.62,5.08,831.9,55.05,Root_Rot
18.3,94.85,46.2,18.4,31.0,34.6,6.84,641.8,42.25,Healthy
22.9,88.5,37.79,29.31,38.14,21.5,6.86,297.5,42.15,Powdery_Mildew
29.23,72.48,28.42,13.08,22.04,25.85,6.19,869.0,43.32,Early_Blight
19.86,27.46,46.57,26.87,46.96,17.62,5.35,638.3,36.89,Healthy
32.48,81.95,63.11,47.46,23.35,20.62,7.78,754.6,47.09,Bacterial_Leaf_Spot
32.61,80.62,62.81,14.32,13.93,37.09,5.1,912.3,40.54,Root_Rot
21.58,91.47,52.6,16.75,37.43,20.27,6.59,784.4,51.34,Rust
22.21,94.11,54.05,13.97,30.67,39.97,7.52,771.8,57.8,Rust
34.81,84.24,43.36,29.65,36.28,24.89,7.92,552.6,53.33,Early_Blight
24.9,88.49,61.2,31.02,16.42,45.27,5.37,514.4,45.94,Root_Rot
14.7,90.8,55.34,41.01,23.69,22.54,5.9,836.4,49.5,Rust
20.28,26.2,20.49,19.29,47.82,20.27,7.92,314.9,38.85,Healthy
38.76,85.09,49.86,40.36,34.04,21.33,7.8,870.3,52.66,Bacterial_Leaf_Spot
34.87,65.84,36.14,10.33,46.12,17.03,7.83,636.4,47.7,Early_Blight
30.72,48.0,12.24,47.46,50.2,48.77,6.36,887.6,39.69,Healthy
29.98,32.27,56.37,42.42,19.16,12.93,7.34,732.4,45.89,Healthy
35.14,38.4,59.65,31.31,30.78,12.45,5.13,759.4,41.26,Root_Rot
16.53,90.35,50.34,17.06,16.53,26.03,6.9,454.7,45.33,Rust
14.85,89.55,9.22,46.07,31.73,35.7,6.72,324.9,40.93,Healthy
30.21,87.87,53.81,21.75,46.12,31.08,7.96,705.3,56.43,Healthy
17.27,26.78,58.64,27.92,41.03,31.44,7.6,243.3,41.3,Healthy
41.8,78.94,10.47,13.94,38.46,10.33,6.16,339.6,30.66,Early_Blight
20.71,55.27,47.97,47.3,18.5,31.03,7.4,296.7,49.26,Healthy
12.34,36.36,48.65,29.13,44.78,35.18,7.19,866.9,53.56,Healthy
22.4,93.73,53.69,17.19,30.14,38.59,7.43,725.1,44.01,Rust
24.84,59.42,53.52,33.87,26.64,19.0,6.62,241.3,41.1,Healthy
13.67,48.79,43.31,24.18,14.91,20.05,7.77,690.1,44.07,Healthy
32.88,67.33,55.44,10.55,17.64,24.94,6.7,991.2,44.13,Early_Blight
29.13,53.05,17.46,25.91,16.8,34.65,7.33,224.9,30.44,Healthy
26.37,88.82,41.18,40.48,47.64,19.18,7.77,298.0,46.92,Bacterial_Leaf_Spot
41.31,78.03,60.68,47.59,35.57,16.86,5.25,610.4,47.73,Root_Rot
13.85,85.08,49.57,19.89,14.79,26.03,7.06,407.9,39.39,Rust
36.46,50.8,58.71,14.09,32.56,18.49,5.29,716.6,42.68,Root_Rot
29.33,57.66,55.04,17.66,35.23,50.62,7.27,577.1,49.59,Healthy
19.73,35.57,61.58,34.24,45.24,19.2,5.47,494.0,42.25,Root_Rot
18.74,88.99,54.71,42.2,36.67,46.5,6.39,712.7,44.5,Rust
34.15,58.49,48.69,12.51,40.95,20.73,5.29,827.0,36.69,Healthy
35.76,86.8,11.33,29.53,13.71,36.01,7.62,554.2,46.85,Early_Blight
17.81,94.58,60.76,26.84,23.01,42.82,5.33,751.0,53.39,Root_Rot
18.77,83.03,19.0,15.49,26.08,25.72,5.97,766.1,39.17,Healthy
31.31,76.71,17.56,14.62,18.21,22.5,4.8,465.1,25.57,Early_Blight
22.55,82.87,50.66,14.46,19.76,27.67,5.69,279.3,38.52,Root_Rot
24.57,52.14,53.05,10.88,33.43,32.77,5.21,447.6,38.58,Root_Rot
34.89,72.82,45.89,40.92,43.76,32.14,5.54,845.7,35.12,Healthy
31.53,86.73,24.22,46.92,34.67,37.84,7.31,371.8,43.7,Bacterial_Leaf_Spot
28.1,83.03,55.48,45.39,14.52,43.84,7.62,812.0,54.93,Bacterial_Leaf_Spot
34.97,59.06,34.37,35.48,14.77,39.11,5.4,804.8,33.23,Healthy
37.3,71.08,47.53,32.71,37.0,30.72,6.7,929.1,43.41,Early_Blight
35.25,90.45,54.22,17.48,23.64,21.31,4.94,222.6,37.02,Root_Rot
32.39,77.27,58.26,24.81,18.54,38.32,5.3,1006.4,45.48,Root_Rot
17.26,86.27,59.1,20.83,47.36,26.67,6.98,287.6,43.31,Rust
31.35,76.16,46.54,48.97,25.94,11.33,7.27,583.0,48.83,Bacterial_Leaf_Spot
19.01,90.41,58.98,14.51,44.73,33.77,6.72,481.8,46.6,Root_Rot
33.73,59.89,59.16,29.42,48.93,19.71,4.97,412.7,42.6,Root_Rot
22.11,89.5,54.23,45.02,40.03,44.84,7.87,208.8,62.88,Rust
30.28,89.88,36.82,20.7,15.68,19.57,6.45,355.7,36.54,Early_Blight
14.27,29.89,63.36,13.38,27.13,13.03,5.26,739.8,37.2,Root_Rot
39.43,67.88,54.99,26.56,29.8,40.7,5.3,347.5,41.67,Root_Rot
16.48,36.22,52.99,38.48,39.38,48.5,8.24,990.8,63.33,Healthy
24.34,83.36,58.69,23.64,35.56,40.02,5.88,899.5,56.01,Rust
27.84,91.86,58.41,39.19,46.97,19.04,5.2,450.4,49.62,Root_Rot
17.04,90.58,58.98,19.46,32.51,21.68,6.55,587.5,46.26,Rust
37.51,81.69,65.72,45.44,24.4,12.98,5.59,878.6,43.81,Root_Rot
29.64,88.34,29.48,45.84,38.8,36.54,7.72,274.9,41.51,Bacterial_Leaf_Spot
22.78,89.32,52.14,18.39,14.47,47.01,5.75,590.9,53.58,Root_Rot
32.69,81.98,44.78,48.38,35.31,49.12,7.72,772.6,61.62,Bacterial_Leaf_Spot
24.93,63.91,51.39,48.68,18.65,18.04,5.24,218.4,41.56,Root_Rot
13.36,82.55,53.26,43.92,17.22,21.31,8.02,632.2,52.13,Rust
30.76,86.13,43.89,32.3,28.14,15.92,7.07,304.0,40.82,Early_Blight
21.74,81.48,40.9,42.12,41.69,44.46,7.37,304.8,43.43,Powdery_Mildew
27.63,87.76,53.41,46.3,47.0,17.24,7.97,312.3,47.53,Bacterial_Leaf_Spot
20.89,36.26,15.3,43.76,21.94,31.8,6.59,939.3,40.48,Healthy
21.8,85.52,60.4,43.95,16.66,21.54,6.79,599.5,54.07,Early_Blight
14.03,28.34,49.27,48.24,22.28,32.53,7.96,823.6,44.06,Healthy
20.06,86.26,57.52,46.02,14.54,28.91,7.65,401.3,51.59,Rust
26.93,82.18,33.24,47.45,22.48,14.59,7.62,859.9,46.85,Bacterial_Leaf_Spot
31.85,63.15,13.5,14.57,16.47,48.99,6.91,976.1,42.29,Healthy
21.21,89.2,18.9,38.38,11.35,22.48,5.63,259.7,39.11,Powdery_Mildew
35.88,83.46,32.47,46.88,39.78,37.75,8.18,255.5,46.8,Bacterial_Leaf_Spot
17.42,73.05,58.33,29.75,42.11,32.51,5.13,715.4,37.79,Root_Rot
13.31,91.75,61.46,38.7,40.25,12.86,5.18,874.4,45.86,Root_Rot
25.04,86.5,35.01,46.6,29.25,29.74,7.67,329.5,49.42,Powdery_Mildew
37.84,78.12,12.07,27.59,30.82,16.17,5.88,970.7,41.23,Early_Blight
21.39,58.64,25.53,17.54,39.58,38.75,7.96,935.6,44.54,Healthy
37.49,57.56,28.22,16.31,24.27,13.69,5.87,276.0,19.84,Healthy
37.03,69.42,37.78,30.93,32.29,44.87,6.06,498.6,42.79,Early_Blight
30.71,76.63,43.52,27.38,49.02,29.96,5.55,371.2,45.49,Early_Blight
25.53,92.92,64.95,12.11,43.69,47.3,7.83,344.8,52.35,Powdery_Mildew
23.15,81.02,62.72,40.52,16.48,29.77,5.28,783.9,46.96,Rust
24.37,89.37,40.94,48.45,18.61,41.18,7.66,269.4,51.66,Powdery_Mildew
38.34,88.13,63.95,26.33,31.99,15.85,5.06,830.5,44.8,Root_Rot
30.15,68.68,18.93,31.76,38.57,13.99,6.86,514.5,33.46,Early_Blight
17.33,60.61,52.15,22.32,21.77,33.66,6.67,631.5,40.27,Healthy
21.83,94.16,58.83,38.46,34.13,26.22,7.43,686.5,46.85,Rust
41.23,72.79,21.23,28.42,44.06,16.6,7.65,862.7,47.81,Early_Blight
32.04,74.04,49.89,12.01,21.79,29.42,7.24,668.4,41.15,Early_Blight
17.24,87.97,25.24,27.08,40.39,25.45,6.75,317.6,29.71,Healthy
20.1,85.05,40.72,27.42,25.05,42.36,7.1,233.4,42.3,Powdery_Mildew
12.35,35.74,43.81,22.65,18.5,16.79,8.03,674.6,43.74,Healthy
35.2,76.96,6.64,30.64,34.11,23.84,7.18,570.6,45.74,Healthy
29.92,66.86,64.21,32.09,28.15,31.87,7.53,835.3,54.51,Early_Blight
18.54,91.1,49.59,45.46,13.75,28.56,5.87,836.5,43.38,Powdery_Mildew
25.75,69.25,43.23,22.26,25.84,49.29,6.65,843.8,38.79,Early_Blight
37.38,37.79,19.63,47.32,25.64,45.11,7.17,953.0,46.23,Healthy
31.94,76.41,51.28,10.16,44.36,28.77,5.53,510.7,35.89,Root_Rot
23.84,85.03,64.27,48.29,29.98,35.3,7.49,968.5,53.98,Rust
36.12,67.22,43.31,21.99,48.8,23.66,5.95,702.4,40.83,Early_Blight
38.82,77.69,10.94,28.3,35.45,47.42,6.88,432.2,35.98,Early_Blight
39.95,71.89,50.79,31.44,40.93,14.66,7.13,752.9,36.22,Early_Blight
32.98,70.97,28.79,25.78,20.86,15.6,7.2,337.5,33.34,Early_Blight
18.59,90.15,56.83,33.08,26.03,38.87,7.07,224.2,52.79,Rust
36.34,44.57,64.21,28.4,48.82,10.36,5.01,354.3,39.52,Root_Rot
23.48,91.72,33.75,29.54,33.87,23.54,6.31,231.3,35.53,Powdery_Mildew
27.78,92.21,27.33,30.99,48.58,43.63,7.81,985.2,48.44,Early_Blight
24.05,87.82,14.58,43.1,35.37,34.49,7.76,763.0,44.1,Healthy
36.32,86.79,11.93,24.6,34.29,32.67,7.63,741.3,51.72,Early_Blight
30.31,86.97,63.36,48.68,28.88,40.1,7.54,830.2,64.02,Bacterial_Leaf_Spot
13.93,90.55,43.92,25.33,25.04,11.96,6.41,398.6,43.08,Healthy
20.49,89.54,18.03,32.16,47.18,20.64,7.81,298.0,43.71,Powdery_Mildew
32.67,92.24,55.17,33.17,16.52,46.82,6.61,593.2,45.29,Early_Blight
37.45,79.03,14.2,29.56,28.9,19.61,6.88,774.6,43.78,Early_Blight
40.48,41.02,63.04,49.46,27.72,10.74,5.66,891.8,46.8,Root_Rot
23.86,50.28,60.97,41.17,35.01,31.2,5.41,221.2,39.6,Root_Rot
29.87,70.62,28.91,25.42,17.22,44.52,7.78,904.0,46.87,Early_Blight
40.47,82.29,24.08,25.84,24.97,33.82,8.1,877.2,36.31,Early_Blight
24.73,47.08,17.15,22.75,23.66,43.75,8.0,525.2,40.12,Healthy
35.04,38.85,52.51,38.32,31.43,36.67,7.59,873.6,44.61,Healthy
39.29,50.62,24.22,22.79,27.16,23.85,5.02,259.5,27.21,Healthy
32.47,88.97,12.19,23.14,29.39,29.3,6.72,999.3,42.75,Early_Blight
29.47,87.13,26.63,47.26,38.97,18.08,7.72,384.0,42.3,Bacterial_Leaf_Spot
16.41,57.91,30.04,27.54,37.86,47.76,8.04,614.1,47.23,Healthy
26.42,87.79,14.21,38.68,44.02,12.7,8.09,238.9,35.35,Bacterial_Leaf_Spot
41.44,87.19,58.69,11.67,22.3,36.63,7.71,992.1,50.54,Early_Blight
23.15,50.91,23.63,44.21,26.0,30.28,7.69,440.3,39.1,Healthy
32.57,42.12,36.0,29.84,24.58,37.02,5.25,399.0,39.71,Healthy
23.48,48.88,34.03,35.85,23.45,12.79,6.52,1003.6,35.13,Healthy
31.46,63.63,44.44,32.48,28.6,29.04,5.74,645.5,33.8,Healthy
22.83,84.35,56.59,25.88,23.42,14.89,7.44,295.6,47.28,Powdery_Mildew
28.95,34.81,56.69,25.39,45.02,26.22,5.38,457.7,40.63,Root_Rot
29.78,80.18,45.94,19.23,43.3,46.68,6.67,242.0,44.95,Early_Blight
21.67,89.35,52.57,45.91,26.33,35.94,7.14,596.5,42.79,Rust
29.15,85.38,64.21,49.14,23.73,45.58,7.94,317.0,53.94,Bacterial_Leaf_Spot
20.0,84.92,24.32,41.96,33.39,12.86,5.35,232.1,28.78,Powdery_Mildew
38.16,84.17,10.53,30.62,29.43,10.09,6.35,792.9,36.05,Early_Blight
32.5,82.89,14.23,20.69,37.17,30.29,5.47,736.9,31.39,Early_Blight
20.89,89.6,55.97,17.83,25.21,45.69,6.7,638.6,47.9,Rust
32.96,79.44,23.13,37.44,41.28,16.78,6.87,851.4,42.59,Healthy
23.35,86.95,45.56,15.61,13.6,21.23,5.85,374.3,31.04,Healthy
27.61,44.66,62.09,47.65,43.59,11.33,6.57,746.9,50.21,Healthy
28.6,52.5,24.0,23.49,18.55,43.65,8.01,553.7,46.41,Healthy
22.36,89.2,56.88,41.91,33.27,44.38,6.85,636.3,54.7,Rust
29.36,87.16,48.73,29.89,14.39,27.58,5.34,467.7,34.72,Early_Blight
31.33,48.92,27.17,38.22,24.98,10.02,7.9,950.7,36.26,Healthy
14.93,69.43,63.44,14.25,18.63,16.5,5.79,494.0,38.48,Root_Rot
37.75,95.06,20.8,29.53,43.67,10.92,5.3,642.4,33.9,Healthy
31.76,71.9,40.91,31.65,37.42,23.5,6.1,836.2,43.33,Early_Blight
36.64,84.77,61.47,37.8,26.34,39.44,6.0,374.7,41.66,Healthy
21.19,92.7,64.52,37.44,9.88,37.59,6.69,1000.7,53.07,Rust
22.59,93.22,54.63,40.35,13.15,36.06,6.33,837.0,43.18,Rust
18.79,88.56,59.54,25.12,21.43,13.94,7.83,883.5,53.16,Powdery_Mildew
36.82,67.46,53.55,30.32,31.75,13.74,6.56,959.0,43.71,Early_Blight
20.98,87.83,29.84,44.45,17.99,21.04,5.94,248.4,32.49,Powdery_Mildew
22.13,91.52,33.14,28.45,34.35,22.16,6.4,251.6,34.55,Powdery_Mildew
20.87,90.41,36.2,17.37,29.29,15.1,5.58,269.8,29.24,Powdery_Mildew
21.68,90.28,55.96,45.83,49.05,27.21,7.3,849.4,58.66,Rust
15.78,92.34,54.43,23.38,13.73,29.01,6.95,852.3,50.62,Rust
25.0,90.77,51.88,46.66,24.15,40.49,7.78,212.3,44.61,Powdery_Mildew
31.56,80.96,40.56,18.22,37.52,40.68,7.22,788.6,45.97,Early_Blight
30.74,86.54,64.63,47.73,29.47,38.1,7.53,860.2,51.37,Bacterial_Leaf_Spot
27.59,66.25,41.26,23.41,37.09,32.44,5.25,308.6,39.23,Early_Blight
27.24,44.15,24.71,19.12,20.84,38.39,7.24,546.0,31.42,Healthy
20.97,89.41,31.75,34.39,15.71,36.81,6.26,235.2,35.41,Powdery_Mildew
19.45,31.76,51.03,36.93,14.27,32.76,5.69,301.5,41.26,Root_Rot
15.13,64.92,45.31,20.59,16.03,26.86,7.41,593.1,38.18,Healthy
39.19,84.1,12.4,11.0,25.24,31.91,6.38,732.2,33.29,Early_Blight
34.96,44.65,9.41,24.06,34.35,37.48,7.14,449.1,42.51,Rust
34.98,27.61,55.57,21.14,32.47,34.51,5.76,695.9,44.18,Powdery_Mildew
27.8,89.07,48.08,36.44,48.18,16.39,6.41,966.2,51.19,Healthy
37.29,52.16,36.84,49.74,16.87,10.54,6.31,245.3,34.5,Healthy
36.08,79.3,61.49,18.8,34.75,39.96,6.86,637.0,56.05,Early_Blight
18.38,79.7,33.94,39.47,45.08,19.6,7.27,925.7,47.03,Healthy
32.78,70.54,16.76,34.03,10.24,43.6,6.4,786.9,27.64,Early_Blight
16.74,65.88,8.9,16.21,35.35,45.32,7.08,463.8,34.84,Healthy
33.75,45.85,61.15,38.38,42.9,18.3,7.64,837.2,50.68,Healthy
21.59,74.48,11.1,13.2,35.91,10.66,6.5,714.6,31.19,Healthy
36.03,33.17,35.53,23.0,44.76,29.02,6.72,283.7,38.37,Healthy
14.04,78.61,31.6,17.89,9.22,31.12,6.95,527.1,31.63,Healthy
37.68,65.4,13.33,30.31,13.29,28.05,7.16,358.5,36.66,Healthy
30.08,88.2,20.31,47.84,40.08,20.85,7.63,401.8,45.25,Bacterial_Leaf_Spot
20.5,84.32,48.11,23.03,10.31,39.24,5.66,280.4,37.66,Powdery_Mildew
21.24,82.94,39.67,46.58,32.86,40.39,8.04,337.0,52.73,Powdery_Mildew
24.31,84.97,18.54,34.96,32.41,42.73,7.75,332.2,41.43,Powdery_Mildew
17.2,89.26,51.04,48.6,25.43,16.96,6.83,503.5,39.6,Rust
37.45,43.02,19.68,40.82,29.14,41.28,5.29,664.3,37.26,Rust
25.2,87.31,46.86,26.9,24.16,39.03,7.51,273.8,40.64,Powdery_Mildew
34.97,68.27,48.46,16.25,40.49,16.73,7.31,239.2,50.4,Early_Blight
22.88,83.27,22.57,45.25,24.19,20.87,6.22,228.5,41.26,Powdery_Mildew
26.72,85.42,56.13,48.79,35.06,48.28,7.68,509.2,52.45,Bacterial_Leaf_Spot
30.69,68.31,33.08,36.87,29.0,33.44,6.05,863.0,40.94,Healthy
30.54,75.53,39.08,15.87,44.29,18.61,6.32,476.6,35.54,Early_Blight
30.24,82.1,53.56,13.3,19.54,27.18,7.55,571.8,43.98,Early_Blight
37.75,42.6,31.18,44.83,34.35,46.09,6.32,376.2,40.26,Healthy
24.71,79.05,34.74,16.19,34.45,45.19,4.9,743.5,38.97,Early_Blight
20.82,37.92,60.23,28.16,29.81,11.77,5.55,906.1,45.08,Root_Rot
19.15,50.72,41.99,27.89,36.08,42.79,7.53,578.3,40.24,Early_Blight
29.14,69.61,59.73,13.75,17.47,50.64,6.28,552.8,43.85,Early_Blight
37.47,84.97,64.08,38.2,28.21,24.87,5.01,333.0,35.29,Root_Rot
35.44,89.91,28.68,13.48,42.41,23.02,7.94,993.3,48.14,Early_Blight
28.14,64.49,28.49,36.44,17.74,34.05,5.89,631.7,40.81,Healthy
17.74,86.98,39.54,41.66,32.08,11.04,6.8,224.0,44.22,Healthy
36.13,93.37,19.62,15.47,49.5,35.26,7.11,612.6,39.69,Powdery_Mildew
26.51,64.79,56.68,28.96,35.91,13.22,7.31,693.1,38.51,Healthy
29.9,34.31,18.7,11.68,28.67,30.19,5.76,573.1,28.12,Healthy
25.01,48.43,57.92,15.31,13.88,15.85,5.44,484.4,32.66,Root_Rot
22.3,75.66,61.59,40.76,45.12,23.5,5.24,862.8,50.04,Root_Rot
23.3,81.4,18.15,25.13,31.79,21.45,8.05,247.2,40.89,Powdery_Mildew
21.51,83.48,43.91,45.21,37.18,34.42,7.88,311.7,53.02,Powdery_Mildew
36.13,82.26,29.11,22.72,11.7,39.26,7.83,367.6,43.84,Early_Blight
18.84,84.37,61.09,46.44,46.81,10.21,7.13,862.8,42.65,Healthy
41.79,73.99,23.02,28.06,27.16,35.19,8.03,811.5,48.15,Early_Blight
37.54,55.47,54.34,16.81,27.17,37.13,5.43,860.3,48.2,Root_Rot
39.32,48.95,64.28,29.99,24.53,43.07,6.36,527.1,49.64,Healthy
15.24,60.33,12.38,40.12,46.98,28.28,6.09,369.7,30.03,Healthy
29.51,58.28,38.98,28.18,46.79,9.94,6.15,320.5,32.65,Healthy
38.22,71.89,48.98,14.22,11.92,40.55,6.58,848.0,46.63,Early_Blight
21.05,62.03,28.17,43.3,35.84,33.13,6.07,612.5,38.06,Healthy
27.89,61.95,44.48,41.67,17.65,26.75,8.0,782.1,47.37,Healthy
23.73,87.18,41.04,46.12,17.45,26.05,7.65,263.7,33.74,Powdery_Mildew
26.74,61.05,36.98,34.63,11.17,19.47,6.88,611.9,28.44,Healthy
37.99,56.46,63.38,44.95,28.03,17.42,5.16,702.3,49.73,Root_Rot
30.58,83.43,63.9,30.54,36.95,46.76,6.65,910.5,55.74,Early_Blight
35.93,35.63,10.39,45.21,33.05,47.73,5.75,326.6,34.49,Healthy
24.15,69.73,61.43,32.05,24.56,21.91,7.67,368.7,49.47,Early_Blight
25.32,86.56,34.94,46.64,27.85,27.04,7.83,322.7,46.6,Powdery_Mildew
16.32,39.22,61.46,18.72,13.18,41.01,5.13,543.3,32.61,Root_Rot
25.12,65.65,45.05,45.86,34.55,33.31,5.32,949.3,45.67,Healthy
19.07,92.05,55.98,11.98,26.94,46.7,7.37,675.5,44.98,Rust
23.2,92.15,22.31,23.32,46.74,29.46,5.34,326.8,39.56,Powdery_Mildew
22.48,89.45,25.75,30.78,41.76,20.53,7.89,306.3,40.72,Powdery_Mildew
21.37,88.24,52.65,22.1,40.45,31.63,7.22,750.3,54.14,Rust
41.12,61.52,12.87,40.79,16.87,33.05,6.77,215.0,35.73,Healthy
40.09,86.73,31.58,33.72,51.11,26.54,5.6,624.3,44.02,Early_Blight
40.01,27.28,51.19,23.11,12.41,27.7,5.71,474.8,29.44,Root_Rot
23.69,81.66,26.82,22.31,41.44,18.44,7.8,278.7,44.04,Powdery_Mildew
33.25,83.34,63.81,47.51,25.44,22.41,7.69,834.3,59.31,Bacterial_Leaf_Spot
27.81,87.05,22.41,15.13,38.9,40.79,8.06,265.6,48.55,Early_Blight
36.89,82.52,55.93,11.76,44.79,45.47,7.76,216.0,52.06,Early_Blight
31.78,35.53,62.69,14.53,16.86,23.47,5.02,444.3,45.8,Early_Blight
32.6,85.36,26.41,23.33,37.28,38.65,7.85,792.0,39.93,Early_Blight
28.17,41.12,18.75,39.51,44.34,42.47,6.26,470.5,36.19,Healthy
28.82,83.51,34.85,32.43,43.76,47.0,7.02,520.1,45.48,Early_Blight
24.53,49.64,53.85,29.67,14.14,23.17,4.94,871.2,39.41,Root_Rot
41.04,71.69,38.1,21.12,12.82,35.67,5.37,555.8,32.38,Early_Blight
20.02,43.86,11.31,24.3,25.88,46.69,6.43,495.8,34.24,Healthy
27.53,49.5,24.3,22.46,18.9,43.24,7.99,532.1,44.44,Healthy
41.84,91.58,50.2,41.3,44.91,22.28,5.46,900.9,44.94,Powdery_Mildew
21.83,87.93,51.81,29.01,32.71,17.25,7.6,451.3,53.2,Rust
17.63,91.1,50.06,13.71,46.09,37.55,7.56,475.5,48.0,Rust
31.54,68.03,30.6,13.94,46.16,37.53,6.39,326.4,40.92,Early_Blight
21.93,90.95,37.44,27.6,21.44,45.92,6.38,249.0,45.22,Powdery_Mildew
27.58,87.75,63.05,49.73,25.14,46.11,6.71,314.1,49.52,Healthy
17.19,66.51,28.15,36.63,15.32,45.1,5.63,510.2,35.39,Healthy
29.87,81.63,56.4,18.18,29.85,37.03,7.75,459.0,49.71,Early_Blight
24.27,70.4,48.02,30.29,44.25,41.65,6.49,958.5,55.8,Early_Blight
31.04,73.41,33.4,47.56,32.21,22.89,6.4,381.0,46.14,Healthy
23.96,80.61,33.46,48.88,17.95,47.52,7.76,322.5,50.86,Powdery_Mildew
38.39,76.62,16.65,21.01,44.01,13.28,7.38,759.7,45.54,Early_Blight
34.49,37.99,51.09,39.73,31.11,36.72,7.75,857.6,44.1,Healthy
38.14,92.22,9.93,16.86,42.92,20.18,5.65,536.5,33.58,Early_Blight
17.69,85.62,57.29,25.38,49.72,13.9,5.99,553.7,44.6,Rust
22.31,60.5,7.88,15.15,27.41,44.85,7.91,206.2,39.31,Healthy
38.82,80.28,18.18,47.88,23.99,31.38,8.08,279.1,40.43,Bacterial_Leaf_Spot
18.15,82.08,34.45,31.29,24.03,47.11,6.92,297.2,40.22,Healthy
41.42,34.46,30.1,35.21,11.41,26.43,6.45,520.0,38.36,Healthy
16.51,33.9,36.08,17.57,45.21,49.02,5.55,441.6,40.43,Healthy
37.11,68.41,61.99,29.55,20.33,39.29,6.04,220.1,45.89,Early_Blight
33.87,84.99,18.29,42.84,44.51,17.58,7.62,775.6,44.58,Bacterial_Leaf_Spot
14.14,81.08,9.11,16.03,37.93,46.71,7.37,619.0,43.9,Healthy
27.56,89.05,36.81,47.23,22.34,22.92,7.64,429.1,47.33,Bacterial_Leaf_Spot
15.45,63.1,41.73,35.97,14.23,36.32,6.59,809.7,41.71,Healthy
38.59,42.73,50.23,19.14,42.81,29.45,7.15,317.3,40.07,Healthy
20.97,86.62,40.73,31.18,21.03,13.16,6.09,313.7,35.68,Powdery_Mildew
22.56,59.9,48.29,37.79,49.33,25.13,6.45,624.7,39.14,Healthy
20.68,87.01,59.37,34.87,14.4,36.16,6.01,961.2,48.67,Rust
27.19,57.12,61.81,32.95,43.31,31.25,7.96,613.2,51.5,Powdery_Mildew
32.42,86.6,59.19,48.78,44.93,16.54,5.08,506.0,47.03,Root_Rot
25.2,27.62,17.67,30.82,30.43,28.01,7.37,420.7,32.8,Healthy
35.01,68.72,49.32,33.79,40.46,36.97,7.95,714.2,46.2,Early_Blight
22.7,81.03,37.64,28.3,35.39,30.47,7.64,241.7,46.34,Powdery_Mildew
31.87,48.81,20.47,42.71,9.36,29.13,8.07,568.2,39.76,Healthy
21.15,90.58,53.63,24.45,16.67,13.32,7.3,952.9,47.04,Rust
25.35,59.19,60.04,46.98,47.35,27.68,5.26,687.4,52.99,Root_Rot
23.92,91.52,18.0,34.11,19.43,10.35,7.7,826.4,34.54,Healthy
21.0,76.2,49.13,12.13,45.39,47.01,4.81,454.3,42.72,Healthy
15.69,51.32,56.47,46.85,49.51,35.33,6.84,885.4,56.4,Healthy
15.6,71.56,60.11,41.55,28.21,47.73,5.26,566.3,47.1,Root_Rot
40.53,89.4,51.14,22.94,51.39,19.65,5.17,812.8,38.76,Root_Rot
25.47,90.71,53.34,48.28,24.74,42.37,7.8,208.7,50.51,Powdery_Mildew
21.72,91.1,61.79,40.35,16.19,31.74,6.11,482.5,45.22,Rust
33.71,34.58,50.65,22.61,39.89,35.3,5.15,941.8,45.61,Root_Rot
22.04,91.86,33.41,26.65,35.11,23.13,6.65,238.5,34.1,Powdery_Mildew
17.02,34.13,53.14,32.01,39.89,12.59,5.28,229.2,40.71,Root_Rot
17.02,39.21,53.14,34.33,38.38,11.36,5.24,256.5,36.7,Root_Rot
36.79,50.01,21.64,40.81,21.88,48.05,7.77,200.3,44.03,Healthy
12.51,41.6,36.88,44.8,22.46,36.19,7.58,311.3,51.37,Healthy
29.23,86.39,32.0,47.94,24.49,47.52,7.74,340.3,44.9,Bacterial_Leaf_Spot
18.92,94.49,50.85,13.81,18.96,26.52,6.74,482.0,41.17,Rust
34.7,31.79,18.77,30.79,44.68,18.16,5.63,947.3,30.94,Healthy
18.88,64.92,60.9,43.46,34.51,38.24,5.26,292.8,43.96,Root_Rot
24.09,81.91,10.52,33.77,44.54,44.84,6.29,225.5,47.97,Powdery_Mildew
21.51,90.15,46.21,24.79,23.98,38.31,7.56,303.4,41.62,Powdery_Mildew
15.59,88.17,50.48,43.3,12.41,49.93,6.07,249.9,46.35,Rust
24.23,88.87,39.43,22.57,11.85,19.93,6.58,295.7,37.95,Healthy
26.22,88.51,26.4,46.69,28.35,36.92,7.81,931.3,48.64,Bacterial_Leaf_Spot
37.73,94.88,36.2,17.82,33.86,32.36,5.35,417.7,41.32,Early_Blight
23.87,35.72,32.07,45.7,32.03,32.79,5.64,316.4,38.71,Healthy
22.08,28.31,63.6,36.89,18.17,25.52,5.24,915.5,45.51,Root_Rot
24.85,85.64,14.67,47.53,34.53,20.56,7.34,225.2,41.19,Powdery_Mildew
12.22,94.17,52.96,18.35,43.04,9.92,6.25,436.5,43.39,Rust
29.38,85.57,63.43,19.63,17.93,17.15,5.28,558.7,39.78,Root_Rot
21.34,90.85,28.52,44.74,18.31,19.85,5.91,238.5,37.22,Powdery_Mildew
32.59,93.84,53.46,30.34,17.1,46.46,7.46,850.4,49.84,Early_Blight
21.04,92.07,43.49,15.63,21.82,24.29,5.1,284.5,34.32,Powdery_Mildew
27.82,69.54,12.61,24.15,46.01,11.9,4.99,746.7,36.95,Early_Blight
21.41,84.1,32.47,29.22,39.29,18.2,6.47,403.2,36.64,Healthy
22.35,44.7,19.58,41.06,30.56,14.44,7.65,572.9,39.6,Healthy
23.46,90.47,32.41,21.15,11.24,25.57,5.09,228.7,28.77,Powdery_Mildew
30.15,35.17,28.87,47.78,24.28,21.61,5.6,391.7,35.43,Healthy
26.24,36.74,53.06,48.66,24.89,21.49,5.02,598.6,43.12,Root_Rot
25.16,90.69,50.54,47.87,25.18,41.2,7.84,201.5,55.67,Powdery_Mildew
34.72,37.78,9.8,23.1,31.87,34.46,7.47,550.9,39.53,Healthy
41.19,63.16,14.07,39.44,17.46,33.08,6.7,237.2,34.46,Healthy
22.34,90.44,57.09,29.51,14.81,22.93,5.79,672.9,40.2,Root_Rot
15.64,30.71,36.75,30.26,14.58,49.44,7.87,583.2,39.34,Healthy
39.99,87.22,19.44,11.45,30.01,21.15,7.86,761.7,39.42,Early_Blight
31.04,76.89,55.63,24.09,48.52,35.35,5.3,245.2,46.22,Root_Rot
24.57,35.31,17.38,40.01,31.05,47.49,7.3,530.4,44.13,Healthy
33.02,78.92,55.6,25.39,26.56,42.72,6.41,829.0,44.97,Early_Blight
13.56,50.77,27.55,47.54,16.38,36.79,7.46,312.2,37.56,Healthy
20.69,87.52,59.3,31.66,48.86,15.0,5.97,811.3,39.46,Rust
19.33,89.49,56.9,46.71,43.42,14.56,7.69,574.4,46.39,Rust
24.9,59.42,27.19,20.32,39.4,40.97,8.1,973.9,48.69,Healthy
28.36,71.09,39.67,15.54,21.64,40.65,7.27,935.6,40.88,Early_Blight
25.59,75.38,44.56,19.7,42.15,28.46,8.08,690.6,46.51,Early_Blight
30.99,76.07,42.79,46.24,29.87,27.25,7.27,614.4,45.42,Bacterial_Leaf_Spot
18.37,50.91,16.5,24.3,21.11,38.63,7.57,301.7,35.8,Healthy
40.06,86.35,29.67,12.12,22.62,47.34,7.46,671.7,41.97,Early_Blight
15.9,83.03,57.53,13.07,30.39,14.65,7.75,242.1,44.55,Rust
41.28,85.59,32.91,16.01,38.64,16.5,5.71,685.4,38.02,Early_Blight
33.63,65.77,7.32,29.71,33.28,40.61,6.46,274.3,34.31,Early_Blight
19.56,88.17,54.26,16.08,32.39,15.28,6.28,828.6,49.64,Rust
22.38,83.28,10.96,20.69,34.06,42.67,5.52,277.0,34.22,Powdery_Mildew
23.31,77.69,24.44,33.47,11.57,18.99,5.62,517.1,32.6,Healthy
27.47,84.54,29.85,47.17,34.92,15.26,7.63,438.8,41.62,Bacterial_Leaf_Spot
27.49,62.35,21.25,32.54,47.92,28.51,5.57,214.7,35.84,Healthy
29.7,90.15,10.22,24.51,41.6,30.82,7.45,792.9,37.19,Early_Blight
21.72,91.33,51.78,11.66,37.51,18.74,6.41,674.8,48.69,Rust
12.89,63.03,52.16,13.24,22.22,20.66,8.12,224.5,40.65,Healthy
31.77,65.38,33.09,21.97,28.71,27.21,5.95,858.2,40.39,Early_Blight
41.4,91.46,22.06,21.9,26.72,39.87,7.95,331.3,38.76,Early_Blight
23.06,93.08,41.87,24.23,17.42,41.44,7.62,272.6,46.42,Powdery_Mildew
30.04,87.73,41.56,47.12,15.05,45.84,7.6,749.4,55.81,Bacterial_Leaf_Spot
28.71,65.32,33.89,44.2,22.6,12.64,6.85,791.4,41.57,Healthy
24.6,61.82,52.59,17.99,13.7,45.61,6.75,668.2,45.2,Healthy
32.05,77.34,21.82,29.43,41.12,33.74,7.6,570.4,36.44,Early_Blight
29.83,26.0,32.31,47.38,32.95,49.26,5.07,281.8,37.0,Healthy
17.03,61.42,56.91,18.09,13.64,33.31,4.81,968.5,40.58,Root_Rot
31.52,92.56,41.27,21.58,51.27,46.98,4.84,717.5,34.59,Early_Blight
25.66,90.91,58.61,45.83,26.38,45.71,7.89,229.8,50.38,Powdery_Mildew
31.48,88.33,18.44,48.53,39.21,37.14,7.8,941.3,42.69,Bacterial_Leaf_Spot
38.56,87.27,8.87,22.53,32.66,13.75,5.72,576.4,33.07,Early_Blight
15.83,87.7,52.99,45.71,31.75,15.63,7.96,759.9,42.72,Rust
18.85,91.51,48.55,13.32,45.37,33.49,7.01,460.7,41.86,Rust
25.07,84.66,58.18,11.1,44.75,25.15,5.92,357.4,43.0,Early_Blight
41.28,91.83,63.34,38.19,41.64,24.29,4.87,875.0,46.24,Root_Rot
24.15,86.12,11.19,24.08,24.32,47.01,5.73,213.4,34.25,Powdery_Mildew
39.01,47.81,29.82,14.26,24.58,30.18,5.04,224.1,26.48,Healthy
39.87,33.1,53.57,33.29,30.76,17.14,5.02,920.3,38.24,Root_Rot
22.69,88.92,39.34,27.02,38.01,22.55,6.9,289.4,45.42,Powdery_Mildew
33.17,37.18,37.73,37.98,16.0,19.38,5.13,460.3,30.5,Healthy
28.22,55.62,10.0,34.16,47.79,50.43,7.02,886.1,46.27,Healthy
33.01,83.46,22.01,46.81,48.04,21.86,7.61,829.6,36.54,Bacterial_Leaf_Spot
27.74,45.52,23.43,19.38,20.51,37.6,7.18,537.6,35.83,Healthy
38.64,80.79,44.6,45.53,45.49,39.74,5.9,548.6,47.72,Healthy
18.68,60.43,62.09,46.56,30.82,46.26,7.24,885.4,56.28,Healthy
25.74,81.1,29.14,22.05,32.91,23.06,8.05,257.2,40.86,Powdery_Mildew
32.62,81.81,50.81,27.61,11.56,36.91,7.85,236.5,48.85,Early_Blight
27.36,68.31,33.04,32.1,46.52,14.79,6.32,545.6,41.45,Early_Blight
21.44,89.57,42.53,43.02,13.21,32.74,6.77,238.5,38.77,Powdery_Mildew
20.93,57.42,53.28,31.3,43.14,34.12,5.47,335.3,47.63,Root_Rot
19.34,91.12,55.25,35.83,37.9,49.07,6.0,760.0,47.39,Rust
32.75,41.97,41.58,34.69,25.44,38.87,5.04,352.6,34.49,Healthy
23.23,86.49,18.45,38.97,16.93,19.94,7.57,243.8,33.6,Powdery_Mildew
31.49,74.01,52.61,45.54,22.84,16.87,5.45,782.5,48.54,Root_Rot
16.47,53.25,26.5,28.75,23.46,35.65,6.95,915.3,45.83,Healthy
35.78,76.39,40.78,49.04,21.36,32.56,6.55,821.1,41.61,Healthy
26.05,88.05,17.79,47.81,12.34,20.46,7.97,459.9,36.3,Bacterial_Leaf_Spot
30.5,90.87,26.88,40.92,44.57,33.74,7.27,688.6,40.41,Bacterial_Leaf_Spot
37.46,31.33,39.81,46.94,14.1,25.06,7.67,651.0,39.51,Healthy
21.74,77.26,62.06,37.23,43.61,20.63,5.18,857.6,40.44,Root_Rot
23.55,93.57,33.14,17.71,30.67,15.44,6.95,302.4,37.36,Powdery_Mildew
29.02,89.66,18.79,49.61,11.85,39.19,7.7,577.4,37.88,Bacterial_Leaf_Spot
37.18,83.06,47.4,34.27,34.09,46.73,6.17,848.1,52.07,Early_Blight
21.8,90.76,58.45,28.03,26.61,47.54,7.05,512.2,54.84,Rust
23.42,88.71,59.67,41.37,32.11,44.03,7.19,581.1,53.69,Rust
21.93,84.57,56.65,45.43,49.09,45.0,6.96,404.8,51.85,Rust
34.61,92.34,18.14,11.34,36.01,10.25,7.49,932.5,42.53,Early_Blight
19.97,89.7,56.56,39.38,23.67,13.9,7.31,516.5,48.56,Rust
22.97,85.66,45.29,16.91,16.73,27.94,5.41,298.2,32.61,Powdery_Mildew
22.35,82.75,43.9,34.61,39.08,41.45,7.32,301.8,45.21,Powdery_Mildew
38.37,92.67,60.85,34.59,34.66,23.67,6.64,887.6,54.0,Early_Blight
12.56,93.38,9.94,41.08,48.58,14.44,7.74,977.0,54.17,Healthy
39.74,27.61,26.31,49.63,11.14,16.97,6.73,589.2,33.47,Healthy
27.85,70.6,62.09,42.56,41.91,49.54,5.27,680.5,46.01,Root_Rot
35.31,44.37,52.22,41.29,18.82,21.46,5.61,696.3,38.98,Root_Rot
34.4,88.65,54.36,10.46,34.19,33.46,5.1,525.8,42.84,Root_Rot
24.82,87.3,62.24,43.34,23.47,33.64,5.63,735.9,45.51,Root_Rot
14.67,89.63,60.35,13.9,19.89,23.15,7.31,559.3,41.82,Rust
36.39,72.81,59.7,43.9,28.24,23.69,5.36,743.0,50.08,Root_Rot
17.64,84.72,49.73,26.03,18.01,24.14,7.01,654.3,45.88,Rust
23.24,29.88,12.08,46.94,23.97,42.91,8.2,201.5,38.03,Healthy
31.09,75.11,57.02,13.88,38.57,13.67,8.07,698.2,46.14,Early_Blight
33.28,27.46,19.67,13.24,11.05,11.51,8.04,628.2,34.71,Healthy
39.52,82.4,38.01,16.52,22.6,13.37,6.53,969.3,41.83,Early_Blight
36.69,35.2,60.05,39.11,20.05,31.26,5.23,208.0,32.69,Root_Rot
24.39,32.24,17.51,37.02,30.43,47.93,7.26,513.9,43.14,Healthy
14.75,91.19,50.75,50.18,41.24,24.53,5.37,202.1,35.08,Root_Rot
28.86,29.85,44.98,43.9,45.31,27.37,6.66,381.1,50.18,Healthy
18.49,48.95,55.69,26.33,26.22,46.36,6.5,477.6,45.95,Healthy
26.75,48.02,26.61,21.74,40.68,47.54,6.2,521.9,39.63,Healthy
34.43,96.47,16.65,23.63,31.78,35.74,7.74,834.2,36.99,Early_Blight
19.97,85.8,10.85,15.35,34.53,35.1,5.26,223.0,35.11,Powdery_Mildew
41.4,31.32,54.68,43.68,15.91,45.77,7.96,219.0,47.99,Healthy
32.19,88.46,42.74,49.4,18.12,16.36,7.34,733.5,52.45,Bacterial_Leaf_Spot
22.7,53.85,50.19,34.44,42.07,26.81,5.37,423.3,43.4,Root_Rot
28.53,42.64,9.01,43.88,27.44,19.24,4.89,784.7,37.43,Healthy
34.92,71.32,64.24,44.53,30.91,22.85,5.74,859.7,50.48,Root_Rot
18.99,89.08,53.44,28.29,29.41,49.49,7.19,497.7,50.47,Rust
15.95,68.84,58.56,33.04,31.0,41.39,5.75,452.4,43.73,Root_Rot
20.35,72.67,51.34,48.78,30.61,29.5,5.72,948.1,50.44,Root_Rot
40.33,74.84,47.44,14.02,33.62,10.25,7.69,526.5,37.71,Early_Blight
28.58,89.42,25.18,22.79,46.57,12.41,7.01,877.4,42.96,Early_Blight
31.67,73.7,52.82,25.99,22.09,48.06,6.65,642.1,49.36,Early_Blight
31.86,74.15,57.65,19.42,43.67,16.75,5.16,630.3,35.56,Bacterial_Leaf_Spot
22.73,84.47,35.57,44.29,34.5,44.57,5.99,293.7,41.65,Powdery_Mildew
34.63,28.54,65.49,20.3,47.27,47.91,5.22,767.2,43.24,Root_Rot
26.0,56.8,54.53,36.77,13.88,27.35,5.84,995.0,48.02,Healthy
39.71,68.94,23.6,37.46,17.23,41.26,8.08,966.9,38.07,Healthy
12.54,38.65,52.4,11.64,20.58,18.03,5.14,817.4,29.23,Root_Rot
18.92,91.82,50.75,26.71,25.31,21.76,8.08,582.1,44.65,Rust
25.09,81.2,43.54,39.51,41.58,45.49,7.07,706.6,48.73,Healthy
19.65,83.35,60.43,31.16,19.1,18.43,6.76,353.9,39.1,Rust
12.15,87.19,64.63,30.73,36.44,29.43,7.02,218.2,53.0,Rust
20.11,84.75,41.25,26.15,24.93,41.81,7.13,244.0,36.19,Powdery_Mildew
33.55,61.04,22.44,19.81,35.43,28.82,7.35,742.9,48.16,Healthy
23.47,71.97,59.67,38.62,37.24,18.44,5.66,935.0,39.96,Root_Rot
35.14,48.0,12.51,21.38,33.67,35.49,7.19,447.9,39.5,Healthy
13.76,91.2,59.35,48.13,28.44,29.19,6.27,459.8,47.02,Rust
36.52,78.07,56.62,33.87,33.31,29.41,8.08,294.8,51.34,Early_Blight
25.35,61.49,50.8,19.75,23.4,19.83,7.11,930.3,43.86,Healthy
24.8,90.06,30.95,35.09,47.27,10.46,7.16,726.9,34.51,Healthy
23.5,83.92,15.36,31.89,29.33,25.52,5.12,270.1,28.41,Powdery_Mildew
20.79,90.73,59.2,43.83,23.75,17.06,6.02,935.4,48.19,Rust
22.81,90.28,51.62,16.11,26.02,25.56,7.18,666.5,45.47,Rust
37.82,54.29,64.25,23.55,26.27,15.27,5.44,660.0,41.45,Root_Rot
25.56,88.58,57.3,47.17,28.25,47.13,7.46,207.7,48.95,Powdery_Mildew
39.79,73.46,45.58,24.6,22.79,31.04,7.78,324.3,39.95,Early_Blight
33.63,86.02,58.88,49.21,31.89,46.59,7.51,544.0,57.57,Bacterial_Leaf_Spot
36.67,94.72,63.23,12.94,20.19,21.81,5.15,706.4,42.82,Root_Rot
21.53,84.97,20.67,26.76,46.32,17.67,7.56,283.2,39.94,Powdery_Mildew
12.29,94.96,57.46,19.5,37.6,10.82,6.23,412.1,39.81,Rust
34.83,94.48,23.74,31.92,48.55,22.93,5.29,876.6,40.78,Early_Blight
16.61,88.26,53.74,46.51,47.09,21.43,6.58,777.7,49.31,Rust
30.92,69.91,63.54,25.43,17.32,23.14,5.47,909.7,42.87,Root_Rot
22.79,70.78,19.09,33.07,21.45,11.04,4.8,325.8,25.76,Healthy
32.18,54.5,29.08,34.92,12.83,30.46,7.1,680.6,41.31,Healthy
19.45,81.72,63.9,48.64,29.3,39.03,5.57,825.6,49.03,Root_Rot
40.6,30.01,61.18,41.3,37.76,31.62,6.79,688.6,49.26,Healthy
18.9,90.97,59.55,14.75,45.09,34.1,6.72,468.5,43.97,Powdery_Mildew
19.85,91.15,12.47,14.07,36.81,44.81,5.62,591.8,33.64,Healthy
39.6,95.24,46.16,13.45,35.65,42.31,5.59,561.9,37.24,Early_Blight
17.39,60.46,44.24,46.33,21.31,20.17,6.41,419.1,35.2,Healthy
22.84,81.45,46.01,15.66,46.62,39.56,6.27,360.5,40.05,Healthy
30.89,74.9,20.95,33.37,29.06,45.94,4.83,532.9,34.81,Early_Blight
23.49,46.9,53.59,18.73,12.19,28.56,5.23,635.0,45.57,Root_Rot
17.79,73.78,16.06,13.84,31.21,19.69,6.57,886.4,35.03,Healthy
24.95,83.42,19.28,47.08,13.23,38.56,7.92,337.7,43.72,Powdery_Mildew
35.85,74.01,12.54,12.43,37.01,13.18,5.91,215.0,36.93,Early_Blight
21.45,82.03,64.19,48.07,29.66,20.53,7.55,272.4,53.27,Powdery_Mildew
23.42,93.79,63.14,30.25,22.35,45.12,7.52,864.1,51.67,Rust
19.06,89.11,55.86,38.5,30.17,43.83,7.61,670.7,62.09,Rust
20.87,83.19,64.04,21.3,39.06,38.67,6.73,396.6,46.38,Rust
31.82,48.21,30.41,41.17,22.71,11.86,7.89,871.4,44.63,Healthy
21.16,90.34,40.25,13.54,21.78,24.35,5.99,293.7,36.28,Powdery_Mildew
17.13,83.08,37.36,10.53,48.11,21.17,7.1,463.5,44.64,Healthy
39.84,87.54,55.91,16.83,43.28,22.44,6.18,868.4,49.75,Early_Blight
28.26,78.12,48.64,26.89,10.51,32.71,5.94,596.9,42.19,Early_Blight
40.61,90.89,7.84,11.46,12.89,38.12,7.4,446.2,32.99,Early_Blight
26.95,70.5,38.03,13.04,39.11,18.94,7.71,382.5,48.7,Early_Blight
22.82,83.15,51.93,46.29,47.03,13.2,8.09,261.2,49.48,Powdery_Mildew
39.44,29.05,59.29,41.4,16.59,48.08,5.43,502.7,38.02,Powdery_Mildew
20.55,86.49,40.91,24.98,14.79,23.13,7.07,285.4,41.91,Powdery_Mildew
23.5,89.2,34.16,22.37,10.69,25.81,4.97,237.7,28.93,Powdery_Mildew
29.61,94.48,24.21,25.49,25.75,11.95,8.02,280.8,43.71,Early_Blight
12.76,86.23,62.76,19.61,27.8,38.03,4.87,758.2,45.84,Root_Rot
28.28,84.77,41.91,27.3,31.14,46.15,6.64,966.5,48.13,Early_Blight
25.97,90.0,59.17,45.61,28.62,45.77,7.81,231.6,56.13,Powdery_Mildew
31.45,93.33,28.48,30.32,32.59,32.34,8.09,958.1,52.79,Early_Blight
31.47,68.45,26.33,27.34,46.48,39.54,5.95,352.0,40.95,Early_Blight
37.35,56.28,59.75,30.48,34.05,38.9,5.58,364.0,47.84,Root_Rot
39.07,78.07,24.55,11.73,40.44,34.08,8.08,424.9,37.17,Early_Blight
24.44,91.47,28.8,42.23,31.14,26.33,7.37,301.0,32.85,Powdery_Mildew
40.48,45.1,26.64,34.65,33.82,39.54,6.57,367.4,33.58,Healthy
20.79,90.59,50.27,19.3,33.63,18.17,7.51,743.2,45.35,Rust
22.5,82.14,56.14,31.24,12.04,47.79,5.09,232.9,39.56,Root_Rot
15.26,81.41,19.45,26.03,18.96,30.61,7.29,590.0,38.76,Healthy
35.29,65.09,13.25,40.04,11.08,29.66,7.58,410.6,35.88,Healthy
38.97,78.96,24.72,11.21,39.47,33.61,8.09,425.4,46.38,Early_Blight
13.74,59.37,60.9,36.37,19.54,36.89,5.32,639.9,45.21,Root_Rot
18.12,48.16,56.6,22.02,24.82,19.46,5.38,574.6,37.13,Root_Rot
26.89,92.18,57.29,45.34,14.71,50.14,5.28,450.9,45.06,Root_Rot
22.17,90.31,55.9,37.55,28.58,47.12,7.79,757.8,56.0,Rust
20.55,84.69,59.84,21.19,48.01,20.59,7.7,491.5,56.21,Rust
25.68,92.15,50.26,29.94,41.21,31.37,5.18,225.1,43.71,Root_Rot
25.67,62.54,57.72,18.74,21.35,48.99,5.43,258.5,39.14,Root_Rot
39.96,57.07,19.11,34.24,21.6,41.88,5.75,855.3,33.89,Healthy
28.07,71.13,52.91,49.55,15.38,21.2,7.38,206.2,42.98,Root_Rot
33.4,75.53,63.88,34.89,25.93,10.12,5.09,920.9,38.15,Root_Rot
27.3,66.19,52.76,26.38,13.35,16.89,7.16,268.8,47.11,Early_Blight
20.48,89.57,57.08,16.48,40.54,46.86,6.11,811.1,52.91,Rust
13.52,36.11,42.92,22.41,17.41,15.33,8.15,674.4,31.41,Healthy
13.11,84.07,58.49,23.34,16.04,14.44,8.02,864.1,50.31,Rust
20.82,90.28,21.59,31.09,44.8,19.27,7.88,280.5,40.63,Bacterial_Leaf_Spot
21.81,28.42,45.33,39.74,18.23,14.38,5.41,573.0,36.88,Healthy
26.75,83.15,28.66,48.82,28.06,36.58,7.86,666.0,40.78,Bacterial_Leaf_Spot
20.78,88.77,54.07,23.22,44.91,30.22,7.13,762.3,49.42,Bacterial_Leaf_Spot
29.92,87.87,60.18,49.46,34.65,27.15,7.75,491.8,52.6,Bacterial_Leaf_Spot
23.71,73.99,38.5,30.33,43.89,12.15,6.17,806.2,37.95,Healthy
39.87,57.2,62.82,46.92,29.72,38.0,5.08,987.0,52.76,Root_Rot
26.72,89.88,48.19,37.42,48.29,16.35,6.57,966.8,54.02,Healthy
32.38,35.11,54.32,43.53,49.01,44.37,5.25,638.0,42.35,Healthy
31.0,84.22,50.17,26.08,38.71,23.66,6.12,876.9,50.22,Early_Blight
19.74,93.06,50.7,45.32,21.63,15.17,6.13,754.9,49.36,Rust
14.04,55.7,21.95,14.48,20.1,27.93,6.2,585.4,35.72,Healthy
36.03,88.97,9.56,25.37,15.79,38.56,7.71,513.1,35.67,Early_Blight
17.9,95.41,49.73,13.82,19.47,25.92,6.71,502.8,37.59,Rust
35.64,75.75,51.39,19.94,30.24,44.65,7.68,604.0,52.78,Early_Blight
33.62,78.61,44.88,17.73,14.39,39.62,5.71,393.3,39.31,Early_Blight
39.19,76.54,61.45,46.43,32.2,20.39,5.19,668.5,47.48,Root_Rot
22.55,93.69,21.56,36.63,40.87,43.27,7.12,283.3,41.39,Powdery_Mildew
18.96,91.62,12.6,15.09,36.22,46.42,5.64,550.8,37.6,Healthy
34.41,87.17,63.67,27.57,43.31,46.24,5.12,793.1,43.91,Root_Rot
40.18,65.96,36.63,31.66,11.39,42.31,7.22,648.0,44.44,Early_Blight
17.37,80.78,39.18,22.63,45.98,31.54,6.51,865.2,48.51,Healthy
21.81,61.88,50.55,38.69,50.25,25.64,6.45,610.6,42.7,Healthy
23.06,91.44,44.41,12.46,11.24,15.97,6.42,437.6,30.63,Healthy
20.23,43.65,8.85,33.09,33.57,33.53,7.74,967.3,43.6,Healthy
35.92,28.88,62.91,21.34,26.26,17.6,5.59,273.6,33.58,Root_Rot
36.32,94.84,31.08,11.57,27.52,13.64,5.92,804.0,36.36,Early_Blight
28.65,56.24,43.3,11.94,34.85,17.85,5.96,593.8,33.17,Healthy
15.45,80.17,40.57,38.22,33.46,10.97,6.9,294.8,37.63,Healthy
15.5,93.4,64.8,23.41,28.28,48.01,5.65,683.0,48.75,Root_Rot
38.07,62.75,46.39,30.38,33.46,39.14,8.04,733.1,48.18,Healthy
42.35,25.43,52.63,24.39,12.46,29.8,5.88,452.5,38.15,Healthy
24.56,88.27,52.31,19.67,47.21,31.63,6.48,254.0,45.86,Powdery_Mildew
38.38,77.58,47.65,49.71,32.55,34.37,6.65,209.8,38.28,Healthy
12.76,90.63,50.6,17.86,37.29,16.62,7.56,813.0,47.57,Rust
25.73,90.9,57.21,45.21,28.82,47.72,7.86,201.7,53.61,Powdery_Mildew
33.03,93.8,62.0,33.81,25.64,19.81,7.73,388.9,47.15,Early_Blight
38.64,33.2,40.27,35.65,21.87,16.78,7.23,925.2,47.06,Healthy
35.18,80.88,13.06,38.97,24.18,48.62,6.25,922.0,40.21,Healthy
36.44,84.58,20.24,37.41,25.06,27.29,7.54,355.1,41.89,Powdery_Mildew
25.82,79.88,28.73,47.87,24.19,18.21,7.98,466.5,40.08,Bacterial_Leaf_Spot
35.17,89.34,58.59,22.28,44.15,36.47,5.54,565.8,45.91,Root_Rot
22.6,82.83,36.81,27.74,35.84,29.27,7.53,264.4,44.94,Powdery_Mildew
21.11,49.89,54.35,10.84,16.38,42.65,6.92,275.9,38.99,Healthy
22.95,87.14,59.72,42.07,14.73,18.76,7.07,589.1,54.0,Rust
29.4,83.3,39.3,41.53,26.02,31.03,7.91,696.1,58.35,Bacterial_Leaf_Spot
12.7,52.92,16.96,31.67,37.93,20.47,8.06,580.2,37.74,Healthy
21.13,82.33,33.78,44.72,19.93,24.77,6.05,293.1,37.09,Powdery_Mildew
22.05,93.03,19.41,49.46,34.15,27.84,7.9,322.6,43.26,Powdery_Mildew
14.02,91.24,62.82,26.97,25.1,27.75,6.64,452.9,56.02,Rust
13.44,93.63,51.03,13.99,23.14,25.65,7.59,561.9,52.04,Rust
23.72,35.78,52.99,24.11,38.62,46.87,5.11,769.1,35.41,Root_Rot
27.37,67.95,54.88,25.89,26.72,43.65,5.61,685.8,35.73,Root_Rot
17.82,65.89,61.0,15.16,21.65,48.14,5.2,827.5,39.87,Root_Rot
27.17,78.02,58.9,11.64,37.18,49.29,6.41,644.4,45.53,Powdery_Mildew
27.64,85.13,48.25,47.08,50.03,33.76,7.93,360.9,52.5,Bacterial_Leaf_Spot
22.32,90.2,62.34,39.79,23.99,44.1,7.43,904.9,52.56,Rust
15.53,89.24,55.96,47.9,27.73,29.41,6.61,580.9,44.79,Healthy
20.85,77.91,18.58,36.24,37.74,32.87,6.4,557.9,35.56,Healthy
23.19,93.48,60.9,37.41,30.72,29.02,7.48,676.5,49.36,Rust
21.0,90.66,29.87,47.2,30.56,16.74,7.67,188.6,41.8,Powdery_Mildew
32.15,52.4,42.1,29.23,45.97,19.51,6.9,227.6,39.7,Healthy
40.87,94.47,29.48,21.58,25.02,33.35,5.39,792.1,27.5,Early_Blight
25.09,27.96,16.79,45.69,37.79,33.68,7.12,690.6,42.89,Healthy
33.58,45.06,51.41,39.64,23.89,39.13,5.08,726.4,41.61,Root_Rot
38.78,32.34,54.5,40.0,11.26,36.99,5.18,712.8,41.09,Root_Rot
31.17,81.99,60.76,42.22,19.11,38.95,7.54,858.6,57.08,Bacterial_Leaf_Spot
26.58,38.1,39.92,41.16,43.5,46.73,7.08,817.2,51.39,Healthy
36.13,61.39,55.23,43.92,29.3,23.32,6.82,849.9,49.05,Early_Blight
34.75,86.58,36.79,39.59,21.05,16.98,8.15,211.5,44.07,Bacterial_Leaf_Spot
33.39,85.22,37.18,45.7,19.01,12.53,7.35,775.8,41.41,Bacterial_Leaf_Spot
26.61,61.01,58.54,31.06,20.66,42.43,6.6,956.8,49.68,Healthy
35.34,56.18,29.49,26.85,46.88,48.37,8.11,220.7,44.79,Healthy
32.22,93.79,51.2,45.54,47.64,50.18,7.86,932.3,64.53,Bacterial_Leaf_Spot
22.07,89.73,18.04,39.45,12.61,23.69,5.32,305.4,30.92,Powdery_Mildew
20.83,47.46,53.62,22.14,11.31,32.73,4.96,647.8,29.5,Root_Rot
29.35,90.12,39.88,45.33,11.77,44.52,7.82,676.7,53.21,Bacterial_Leaf_Spot
15.73,89.54,56.12,17.85,13.31,37.55,8.04,361.7,47.79,Rust
36.96,88.79,42.16,13.0,12.07,45.9,6.92,848.5,43.8,Early_Blight
20.1,52.41,57.98,27.73,13.03,34.09,4.9,689.5,36.35,Root_Rot
35.89,30.3,59.89,45.26,23.13,36.88,5.48,789.8,47.01,Root_Rot
21.11,92.43,50.33,45.82,18.73,45.34,6.28,594.8,44.36,Rust
14.64,78.68,63.69,16.53,44.22,33.44,4.98,556.1,41.07,Healthy
24.83,85.76,33.59,47.38,13.43,49.5,7.59,327.4,43.17,Powdery_Mildew
25.9,82.96,20.58,46.58,35.22,20.34,7.44,593.1,43.66,Bacterial_Leaf_Spot
23.33,85.91,54.26,38.04,34.07,34.36,5.53,358.8,48.16,Root_Rot
17.08,49.87,15.81,23.88,20.19,40.89,7.61,274.2,32.17,Healthy
25.66,38.26,50.88,18.15,26.71,18.35,6.83,808.7,36.76,Healthy
38.59,81.47,28.96,20.65,23.19,48.61,7.05,931.8,45.22,Early_Blight
32.04,33.6,53.66,32.7,13.16,34.38,5.08,683.2,35.13,Root_Rot
30.83,82.85,37.37,37.31,22.88,34.85,6.18,255.4,46.36,Healthy
32.52,82.38,48.02,48.23,39.57,47.21,7.71,903.0,49.96,Bacterial_Leaf_Spot
18.97,84.38,58.21,25.22,49.41,22.69,6.41,887.7,50.45,Rust
35.2,70.98,64.33,49.59,38.21,46.13,5.51,403.9,39.81,Root_Rot
41.51,38.85,57.13,42.88,11.79,12.97,5.39,957.5,47.55,Root_Rot
20.7,84.21,56.39,36.71,42.8,28.06,7.41,846.2,45.44,Rust
21.42,91.73,62.74,35.28,45.42,47.78,7.61,508.2,53.81,Rust
34.59,83.39,9.14,47.37,19.61,10.33,5.93,936.0,37.69,Healthy
31.14,88.69,46.4,20.33,28.6,12.49,4.82,432.2,35.08,Early_Blight
40.93,54.2,27.24,17.85,18.03,49.86,6.38,608.6,38.14,Healthy
22.44,88.48,51.25,29.48,43.41,19.45,7.25,252.2,50.46,Powdery_Mildew
16.1,34.07,42.49,22.58,23.21,31.02,5.84,464.7,31.93,Healthy
29.91,58.67,20.88,36.54,10.38,27.87,6.28,711.3,41.24,Healthy
39.58,71.61,64.21,26.26,48.33,35.19,5.34,648.9,51.78,Root_Rot
24.31,84.93,26.58,35.55,15.19,37.64,6.2,363.4,33.69,Healthy
21.93,89.19,57.71,19.25,44.71,50.01,7.42,889.5,52.98,Rust
24.52,89.81,47.9,48.11,23.19,36.66,7.7,227.8,49.44,Powdery_Mildew
27.91,45.03,57.64,42.52,11.63,17.79,5.57,324.0,34.05,Root_Rot
39.58,81.72,47.2,41.01,10.08,46.06,7.3,674.7,43.67,Bacterial_Leaf_Spot
27.88,92.06,62.93,48.53,17.76,32.5,6.78,738.0,47.38,Healthy
40.91,70.62,31.86,18.77,13.34,17.87,7.75,664.0,39.77,Early_Blight
16.28,78.88,41.08,33.0,46.69,18.71,7.06,993.7,51.64,Healthy
36.25,86.14,33.26,49.03,31.41,45.97,7.54,554.6,47.17,Bacterial_Leaf_Spot
26.13,80.53,64.46,48.92,43.96,48.05,7.54,631.1,62.84,Bacterial_Leaf_Spot
37.78,83.94,33.23,21.32,26.46,50.75,6.45,456.1,41.87,Early_Blight
25.04,90.92,47.6,49.95,22.39,35.84,7.68,215.6,42.69,Root_Rot
27.9,50.92,50.73,30.36,21.82,34.19,4.81,768.9,41.59,Root_Rot
13.58,90.58,50.99,31.75,32.26,19.97,5.46,872.8,43.71,Root_Rot
15.06,92.71,55.34,23.73,12.39,28.44,7.03,832.6,42.4,Rust
20.03,93.86,61.15,47.88,27.17,13.17,7.39,633.4,45.25,Rust
21.08,93.63,22.74,38.05,43.94,42.25,6.93,275.5,44.82,Powdery_Mildew
21.91,81.56,31.59,44.28,22.66,21.83,6.23,259.3,33.86,Powdery_Mildew
38.93,87.12,28.78,30.0,43.04,48.04,4.92,707.1,39.83,Early_Blight
21.99,79.07,60.29,22.23,29.73,23.1,5.25,392.9,43.7,Root_Rot
27.17,69.03,33.2,20.36,18.31,38.85,5.77,781.2,38.15,Early_Blight
17.24,70.84,62.0,30.02,20.25,46.01,5.31,642.3,44.63,Root_Rot
33.75,74.74,9.25,11.2,32.54,43.08,8.08,880.5,46.88,Early_Blight
27.49,63.3,8.63,24.4,45.69,17.84,5.72,186.6,34.22,Healthy
20.8,85.78,57.07,15.17,24.5,38.55,7.65,685.1,55.12,Rust
18.73,85.58,59.89,37.66,16.94,38.7,7.71,603.1,50.97,Rust
31.25,90.84,61.12,10.21,29.66,18.28,7.04,441.4,45.74,Early_Blight
30.79,86.35,8.76,49.21,12.25,26.84,7.93,984.4,41.75,Root_Rot
30.2,85.85,60.1,48.66,38.13,33.32,7.85,858.4,53.29,Bacterial_Leaf_Spot
22.23,92.14,53.97,39.23,46.96,19.73,8.06,594.1,49.03,Rust
21.28,68.75,58.19,23.8,32.35,48.57,4.84,815.2,51.54,Root_Rot
38.09,65.54,56.23,48.56,28.26,30.51,6.53,737.1,47.5,Healthy
19.98,31.49,56.32,42.93,35.1,33.0,5.52,906.3,43.79,Root_Rot
26.03,78.99,58.1,46.08,22.44,41.71,5.65,597.2,53.34,Root_Rot
29.45,50.64,61.32,17.05,17.21,14.32,6.53,836.2,42.48,Healthy
28.64,87.89,59.34,34.77,35.76,28.63,5.83,823.4,56.46,Early_Blight
30.76,81.77,39.53,38.37,13.62,32.86,5.7,731.2,45.81,Healthy
15.14,40.91,54.25,24.94,45.3,24.0,5.32,448.0,42.41,Root_Rot
35.53,94.45,46.87,30.65,34.8,30.94,6.48,952.6,51.85,Early_Blight
27.17,87.05,20.08,33.88,25.54,34.37,5.83,563.1,28.48,Early_Blight
20.48,27.65,23.24,13.6,48.53,16.33,5.03,712.3,31.27,Healthy
17.12,77.19,58.11,30.1,23.98,24.24,5.49,572.7,40.7,Root_Rot
20.43,92.82,52.68,10.87,42.03,17.02,6.62,518.4,43.43,Rust
30.93,55.54,54.45,21.57,10.19,38.2,6.48,583.9,35.73,Healthy
31.37,71.45,61.27,29.38,43.4,45.71,6.09,966.3,57.51,Healthy
40.08,71.15,51.08,32.4,39.68,13.77,7.24,774.1,57.84,Early_Blight
41.65,83.32,55.22,24.13,13.37,31.97,7.41,272.0,50.3,Early_Blight
39.58,28.99,20.15,26.45,39.7,49.69,6.39,982.5,41.26,Healthy
36.48,84.9,38.69,14.24,11.91,18.79,5.35,580.1,35.23,Early_Blight
33.02,91.61,59.2,49.81,34.97,44.46,7.78,582.5,47.01,Bacterial_Leaf_Spot
27.19,51.64,65.32,23.92,39.82,44.04,5.1,271.4,38.92,Root_Rot
20.59,94.32,24.45,38.2,42.4,42.08,6.78,267.7,51.75,Powdery_Mildew
27.06,78.91,12.59,21.09,41.91,15.19,7.74,268.4,34.03,Early_Blight
20.74,86.01,22.39,23.61,38.68,46.11,5.83,451.3,46.05,Healthy
21.11,89.8,32.36,31.58,17.15,35.44,6.11,254.7,40.32,Powdery_Mildew
38.06,92.89,46.0,13.81,24.79,12.91,5.25,271.3,36.65,Early_Blight
24.67,90.31,47.95,49.34,23.16,36.95,7.7,219.7,54.43,Powdery_Mildew
24.38,85.77,30.0,47.87,37.44,33.13,7.55,290.9,39.16,Powdery_Mildew
32.61,43.49,66.38,17.79,40.57,10.39,6.18,696.2,45.59,Healthy
22.46,82.65,43.95,48.61,34.26,48.3,6.03,300.5,41.98,Powdery_Mildew
23.94,42.63,53.29,21.14,37.43,47.74,5.06,626.8,40.19,Root_Rot
32.3,88.15,48.12,49.83,11.44,48.93,7.83,252.9,50.75,Bacterial_Leaf_Spot
14.44,48.04,64.17,20.93,36.9,11.5,5.4,694.0,41.31,Root_Rot
33.4,87.93,9.79,32.36,36.6,32.65,5.35,670.6,42.82,Early_Blight
36.89,88.48,40.33,31.71,18.21,11.77,7.39,468.8,34.02,Early_Blight
25.73,45.81,53.48,30.91,37.53,27.74,4.81,251.4,38.08,Root_Rot
39.63,60.58,55.17,14.31,11.51,28.27,4.87,990.3,43.33,Root_Rot
21.99,86.44,51.66,43.96,41.58,44.04,5.64,586.1,48.19,Root_Rot
41.08,59.58,14.85,17.35,44.88,11.55,7.4,337.9,38.6,Healthy
23.19,90.41,29.04,30.69,40.21,20.48,7.91,307.1,48.97,Powdery_Mildew
23.86,86.71,59.77,27.87,47.26,25.05,8.14,897.7,62.65,Rust
26.0,88.03,32.74,46.62,39.98,35.22,7.52,745.0,53.56,Bacterial_Leaf_Spot
26.39,81.76,43.72,45.23,17.6,15.32,7.44,711.0,49.57,Bacterial_Leaf_Spot
28.51,53.46,59.48,15.95,17.46,13.64,6.53,832.2,41.08,Healthy
16.56,93.37,11.51,32.17,26.6,46.25,5.78,246.1,34.25,Healthy
37.51,37.39,62.1,27.35,22.17,17.05,5.69,560.6,45.67,Root_Rot
27.05,77.07,51.85,48.76,41.76,16.8,4.83,362.2,47.47,Root_Rot
28.26,63.85,30.72,42.73,13.96,48.51,5.35,379.7,31.4,Healthy
29.75,56.09,16.68,38.55,45.34,34.39,7.07,887.6,41.1,Healthy
21.82,92.84,49.8,38.07,26.62,22.63,6.16,835.4,45.17,Rust
33.52,90.39,48.72,49.75,46.53,34.13,7.53,663.2,58.16,Bacterial_Leaf_Spot
18.86,50.09,11.19,41.78,28.64,30.59,6.67,953.3,35.93,Healthy
17.26,31.02,24.76,23.67,17.2,27.17,6.31,746.2,32.87,Healthy
36.34,63.34,14.9,27.92,10.53,30.86,5.66,440.8,35.19,Healthy
40.26,83.68,60.37,24.89,25.24,47.22,5.63,579.6,42.23,Root_Rot
21.9,83.32,49.74,43.84,34.96,46.6,6.39,267.6,44.57,Powdery_Mildew
15.41,58.28,61.19,33.27,40.71,46.59,7.72,738.5,54.1,Healthy
22.61,82.47,49.78,48.03,22.69,20.36,7.94,264.6,45.9,Early_Blight
34.06,77.91,33.38,26.9,49.5,15.48,5.77,949.1,38.47,Early_Blight
28.46,25.63,56.63,45.76,26.29,46.74,6.34,208.7,44.05,Healthy
27.12,28.14,44.36,26.29,43.96,15.79,5.85,231.2,31.02,Healthy
38.32,52.62,45.89,26.81,33.68,28.94,6.21,264.5,40.51,Healthy
32.26,88.76,52.05,9.41,33.09,33.14,5.25,540.1,31.77,Root_Rot
14.39,84.24,31.24,26.25,46.17,35.7,6.36,767.1,51.84,Healthy
23.69,81.05,39.25,31.35,46.62,45.31,6.8,322.0,44.47,Powdery_Mildew
21.68,93.76,47.16,38.41,24.0,29.11,6.22,271.4,43.58,Powdery_Mildew
33.32,83.33,16.64,47.8,48.57,22.23,7.46,873.8,47.62,Bacterial_Leaf_Spot
39.7,65.94,28.9,28.38,21.54,32.2,6.4,926.4,41.79,Early_Blight
37.83,79.25,33.63,46.66,38.99,35.4,8.16,296.3,49.93,Bacterial_Leaf_Spot
19.72,56.95,56.28,27.73,13.07,23.71,5.68,423.8,35.79,Root_Rot
14.76,40.6,53.56,39.77,36.57,9.27,5.11,261.4,38.2,Root_Rot
18.81,85.78,56.38,34.63,28.71,43.07,5.27,566.7,48.61,Root_Rot
24.2,73.8,38.23,12.07,38.36,31.5,5.07,860.8,40.61,Early_Blight
18.8,89.91,51.64,31.38,39.57,17.25,6.23,905.7,42.35,Rust
26.58,76.45,42.61,22.72,38.02,40.12,8.11,897.4,55.63,Early_Blight
28.39,93.26,23.63,26.31,50.85,21.01,7.92,732.1,49.21,Early_Blight
25.92,86.42,35.56,45.44,38.7,20.17,7.51,406.6,41.14,Bacterial_Leaf_Spot
36.03,30.82,37.9,40.83,45.49,13.54,6.49,686.3,39.8,Healthy
14.92,36.97,53.71,18.75,48.47,32.97,5.07,520.8,43.44,Root_Rot
40.89,32.1,29.78,18.21,19.1,42.67,5.28,318.8,33.23,Healthy
31.88,32.41,62.17,40.56,16.63,15.52,5.7,702.1,44.63,Root_Rot
37.44,85.38,21.6,19.07,37.94,36.86,6.29,917.3,38.4,Early_Blight
28.83,86.03,37.36,48.99,26.62,32.76,7.39,804.9,45.02,Bacterial_Leaf_Spot
34.45,47.63,59.6,13.33,50.7,34.89,8.2,907.5,59.57,Healthy
32.3,78.18,24.12,27.42,11.25,45.39,5.47,658.3,35.07,Early_Blight
19.5,91.59,50.29,42.5,28.89,18.68,6.3,793.6,52.59,Rust
40.17,72.7,34.1,18.74,35.15,29.28,5.63,495.5,46.13,Early_Blight
34.17,51.05,50.1,30.21,41.0,33.89,7.21,205.0,44.7,Early_Blight
41.1,54.54,60.08,49.39,26.17,38.97,7.6,314.8,53.1,Healthy
34.54,69.58,24.27,45.34,28.95,18.54,5.43,499.8,36.01,Healthy
38.29,54.07,60.4,26.76,43.67,31.68,5.39,765.3,43.46,Root_Rot
23.3,93.08,60.68,41.48,47.4,14.52,7.68,485.9,47.62,Rust
23.72,61.11,54.34,34.3,25.22,19.21,6.69,244.5,36.03,Healthy
16.57,30.83,13.28,49.08,34.23,43.23,5.46,557.0,38.77,Rust
36.29,86.15,9.99,41.29,22.73,47.48,5.01,829.0,39.61,Healthy
33.2,88.92,37.02,48.6,34.41,34.69,7.55,879.5,48.01,Bacterial_Leaf_Spot
21.47,37.06,13.01,42.3,20.1,30.96,6.71,899.0,39.13,Early_Blight
32.1,43.19,47.99,22.41,22.9,35.85,7.51,370.6,49.27,Healthy
21.01,84.36,37.54,32.84,34.44,32.33,7.61,276.4,49.4,Powdery_Mildew
38.28,93.69,9.65,16.28,43.4,20.74,5.57,506.7,32.71,Early_Blight
21.62,36.44,14.61,42.17,20.42,31.47,6.67,895.9,39.74,Healthy
21.33,89.06,25.32,39.86,28.39,29.86,6.01,294.3,33.07,Powdery_Mildew
28.8,74.68,22.36,27.39,26.51,14.17,7.53,328.8,37.4,Early_Blight
22.49,89.72,35.45,24.62,25.18,12.79,6.6,285.8,27.97,Powdery_Mildew
12.52,73.06,36.93,36.73,32.68,12.4,7.22,336.4,42.36,Healthy
14.2,71.19,37.89,22.96,45.3,36.83,5.94,229.9,39.42,Healthy
37.38,89.15,21.81,30.61,40.15,42.73,6.63,862.9,47.16,Early_Blight
28.05,88.0,16.22,47.33,39.52,34.65,7.42,735.5,45.82,Bacterial_Leaf_Spot
40.68,73.17,18.84,21.13,11.21,47.39,8.05,430.1,36.04,Early_Blight
14.77,46.21,63.64,19.7,39.99,13.2,5.3,662.1,34.69,Root_Rot
24.01,93.35,32.76,16.48,36.04,14.06,7.17,330.7,38.68,Powdery_Mildew
39.86,34.71,30.54,26.45,49.12,36.05,7.76,522.4,40.27,Powdery_Mildew
23.23,93.06,26.24,41.28,29.13,29.77,7.25,305.5,43.4,Powdery_Mildew
38.29,37.35,57.4,27.84,45.68,12.68,5.28,433.5,32.86,Root_Rot
14.13,28.45,12.51,34.07,32.69,12.52,5.82,269.0,31.34,Healthy
40.06,66.67,25.11,27.05,40.19,25.47,6.83,751.9,35.86,Early_Blight
36.14,92.0,60.12,11.43,23.87,22.84,7.36,729.5,40.45,Early_Blight
20.81,89.33,53.13,13.16,23.66,22.13,7.52,714.9,37.48,Rust
32.16,75.63,59.13,31.62,17.61,13.15,7.64,907.0,50.12,Early_Blight
39.1,61.1,34.45,46.1,36.39,18.41,4.84,441.0,36.26,Powdery_Mildew
18.87,90.1,51.17,33.38,38.1,17.35,6.5,946.1,48.21,Rust
20.81,91.4,53.87,24.82,25.32,48.21,7.92,688.6,49.03,Rust
20.01,85.82,53.71,43.33,44.57,43.54,7.77,952.0,56.84,Healthy
31.49,68.34,64.42,18.45,13.04,48.86,5.67,595.5,48.24,Root_Rot
19.55,89.22,50.27,21.22,38.16,39.73,6.5,817.5,44.0,Rust
36.45,76.52,54.32,43.37,12.07,48.73,5.18,767.4,47.92,Root_Rot
27.23,30.82,44.15,28.08,39.14,15.58,5.63,243.6,35.31,Healthy
13.8,56.21,54.12,29.22,20.24,36.94,5.18,814.9,40.77,Root_Rot
21.21,88.81,59.41,50.53,15.52,35.42,7.06,655.2,40.29,Rust
22.17,67.22,33.23,48.17,38.38,37.46,5.57,544.9,40.41,Healthy
37.03,83.95,61.89,38.85,26.64,46.24,8.07,785.7,54.82,Bacterial_Leaf_Spot
24.38,72.05,46.09,11.58,42.07,26.02,6.67,296.8,42.17,Early_Blight
22.53,86.03,50.19,13.14,28.81,19.9,7.43,294.6,45.7,Powdery_Mildew
39.19,92.79,54.3,21.35,25.21,18.08,6.29,761.1,49.91,Early_Blight
14.03,30.62,58.68,23.91,26.04,48.57,5.0,604.0,41.77,Root_Rot
22.72,27.96,59.46,30.6,22.44,44.69,5.01,240.2,35.91,Root_Rot
25.25,48.61,60.16,19.1,37.44,34.34,5.83,667.9,50.14,Healthy
31.34,54.47,48.39,10.61,23.85,11.57,4.98,238.0,34.56,Healthy
36.72,74.29,47.75,26.97,10.48,10.38,7.16,825.8,40.06,Early_Blight
17.07,85.5,38.9,39.68,34.03,11.5,6.71,262.3,41.81,Healthy
25.34,75.99,36.82,29.34,19.14,19.3,6.7,232.2,45.32,Early_Blight
40.64,86.7,24.14,23.81,20.28,22.55,7.16,817.4,37.89,Early_Blight
33.56,82.92,45.53,36.13,31.96,32.81,7.98,945.0,49.65,Bacterial_Leaf_Spot
25.65,93.6,16.47,15.08,9.95,22.69,6.75,265.5,32.88,Powdery_Mildew
39.18,71.7,27.98,25.38,26.12,15.02,7.51,881.0,46.34,Early_Blight
18.96,89.45,60.82,30.44,20.16,29.87,5.9,960.9,47.87,Root_Rot
22.1,87.17,57.12,41.65,20.38,32.04,8.06,898.0,54.12,Rust
17.48,87.63,53.91,32.94,39.1,16.45,5.65,735.6,45.4,Root_Rot
20.46,89.25,57.86,45.39,42.04,17.07,7.7,702.6,51.41,Rust
32.85,77.44,43.27,24.78,47.72,37.71,6.94,413.4,49.89,Early_Blight
18.29,66.45,59.46,46.95,47.07,18.81,5.35,861.1,50.48,Root_Rot
35.75,80.19,30.1,39.24,36.16,10.63,5.94,418.6,38.53,Healthy
29.9,84.72,56.43,50.81,46.29,48.77,7.34,928.9,63.96,Bacterial_Leaf_Spot
40.43,77.11,29.92,11.47,11.95,24.58,6.67,525.8,36.41,Early_Blight
34.98,77.58,59.15,34.8,26.17,36.68,5.01,997.9,48.65,Root_Rot
19.24,89.39,50.63,32.68,37.8,16.09,6.29,936.5,49.68,Rust
28.42,83.89,47.85,20.62,42.76,45.99,7.03,346.4,45.18,Early_Blight
31.91,39.31,47.36,39.92,17.3,32.99,6.24,296.6,35.73,Healthy
29.89,30.35,65.47,42.21,41.31,32.6,6.93,518.7,57.48,Healthy
37.43,91.55,25.98,32.11,36.05,14.9,6.31,545.6,37.22,Early_Blight
24.86,91.39,57.08,32.84,28.15,19.81,5.53,870.9,45.52,Root_Rot
27.43,74.96,56.1,33.14,34.29,44.64,5.43,390.2,45.18,Root_Rot
29.21,81.74,59.19,40.32,15.37,38.3,7.74,830.3,50.7,Bacterial_Leaf_Spot
23.27,91.6,36.27,17.33,36.04,14.54,7.21,304.4,41.83,Powdery_Mildew
23.85,91.15,24.63,25.89,29.06,21.88,7.27,428.6,37.66,Healthy
24.92,90.4,47.94,49.12,20.73,35.42,7.68,209.3,46.91,Powdery_Mildew
24.8,83.43,61.27,17.91,30.58,15.73,7.22,343.7,54.0,Powdery_Mildew
12.92,90.24,52.45,23.62,36.35,21.0,6.98,896.2,50.63,Rust
30.53,82.13,62.23,49.35,23.38,46.38,7.87,360.5,51.72,Bacterial_Leaf_Spot
15.2,42.83,59.23,29.18,42.57,21.41,5.0,829.8,47.47,Root_Rot
20.85,86.05,23.04,22.31,37.93,46.77,5.9,479.6,34.48,Healthy
28.01,86.46,30.02,47.78,25.94,18.81,7.79,831.4,49.89,Bacterial_Leaf_Spot
20.78,90.33,43.47,14.26,20.05,25.22,6.38,281.3,34.55,Powdery_Mildew
26.31,44.14,7.33,22.5,14.06,31.23,4.94,385.9,29.72,Healthy
23.79,87.25,17.81,31.9,27.98,41.83,7.81,335.2,39.7,Powdery_Mildew
35.2,68.04,21.35,22.64,33.77,30.77,5.58,833.2,37.73,Bacterial_Leaf_Spot
34.02,80.82,61.72,15.34,41.78,39.91,5.35,707.3,38.68,Root_Rot
21.38,85.37,53.38,17.12,32.66,19.43,6.9,268.2,35.2,Powdery_Mildew
14.38,44.27,63.24,46.42,43.97,15.59,5.4,958.2,43.57,Root_Rot
41.74,76.97,42.87,17.73,15.81,34.05,8.0,639.4,46.18,Early_Blight
24.1,89.17,10.27,35.8,12.69,41.81,7.16,300.0,37.42,Powdery_Mildew
29.32,59.96,42.12,12.55,34.27,17.87,6.02,501.3,31.73,Healthy
21.08,89.4,43.77,14.97,19.85,26.54,6.42,268.3,36.83,Powdery_Mildew
40.1,80.9,57.39,28.93,15.54,19.05,6.49,464.7,48.01,Early_Blight
39.76,77.01,39.32,23.45,17.67,12.07,5.47,284.7,32.02,Early_Blight
24.68,73.05,27.49,23.91,32.87,26.44,4.86,477.8,30.05,Early_Blight
30.27,86.47,39.41,23.13,17.05,17.13,8.08,747.0,43.68,Early_Blight
16.41,87.01,48.42,36.53,31.04,19.87,6.96,960.9,47.98,Rust
20.05,88.31,53.27,17.0,20.91,22.8,7.8,709.8,45.7,Rust
28.45,91.06,30.36,47.73,30.86,17.26,7.66,265.7,43.94,Bacterial_Leaf_Spot
23.02,38.43,30.5,30.98,27.2,15.85,7.92,525.2,39.36,Healthy
28.13,86.07,62.05,44.9,24.98,13.64,7.74,674.9,51.16,Bacterial_Leaf_Spot
16.56,29.9,57.25,12.58,39.49,46.72,5.79,267.7,40.19,Root_Rot
27.4,45.73,44.18,40.09,35.14,26.85,6.96,952.9,42.52,Healthy
35.13,66.1,45.18,30.79,22.62,28.22,7.8,804.1,49.0,Early_Blight
27.46,41.84,64.19,46.01,12.58,21.81,7.28,835.5,46.21,Healthy
37.0,81.2,50.1,24.63,33.16,42.29,6.55,733.3,53.67,Early_Blight
24.22,83.54,44.58,12.68,35.69,13.45,6.88,223.6,42.58,Powdery_Mildew
35.5,92.75,21.25,24.94,19.29,16.68,6.88,496.4,29.93,Early_Blight
31.58,91.41,20.75,32.84,10.48,23.83,6.75,986.6,39.67,Early_Blight
23.02,91.84,55.03,38.37,18.54,44.82,7.28,283.9,49.52,Powdery_Mildew
34.31,80.25,37.52,27.14,31.2,13.66,5.37,276.4,34.36,Early_Blight
35.1,58.63,25.99,13.95,32.66,12.36,6.43,851.3,29.65,Healthy
38.82,67.22,64.58,19.65,21.62,40.71,7.99,245.8,48.49,Early_Blight
19.02,82.0,62.72,15.95,23.38,37.6,7.39,364.2,42.41,Rust
30.4,67.77,48.47,19.13,29.52,14.8,7.97,446.7,40.99,Early_Blight
13.64,68.07,37.81,42.96,19.2,35.18,5.31,323.3,47.29,Healthy
17.23,86.4,59.56,29.78,22.12,11.91,7.82,251.8,41.53,Rust
21.78,90.32,51.79,23.55,27.35,33.87,5.99,941.0,50.41,Rust
35.77,27.93,32.52,20.19,47.44,29.73,6.64,272.6,44.72,Healthy
25.49,68.68,15.72,23.29,23.33,44.72,5.92,953.6,37.92,Early_Blight
21.03,70.09,18.32,47.01,37.49,18.87,6.17,867.7,39.21,Healthy
21.71,83.3,45.57,40.5,38.32,39.8,7.6,304.8,43.11,Powdery_Mildew
39.29,79.16,22.66,47.7,28.32,26.19,7.73,312.2,33.66,Bacterial_Leaf_Spot
40.51,28.19,20.81,24.46,25.57,22.33,6.88,236.6,30.02,Healthy
32.23,69.22,14.7,17.11,35.59,40.29,8.11,710.9,44.57,Early_Blight
23.97,92.5,23.92,12.07,35.07,22.1,5.7,525.1,31.6,Early_Blight
18.22,84.5,16.33,42.96,44.17,9.05,7.52,874.0,40.44,Healthy
14.95,62.89,40.1,37.68,14.29,37.0,6.48,830.6,46.25,Healthy
30.99,67.44,35.1,43.32,22.76,36.31,5.68,974.7,45.48,Healthy
34.22,83.69,17.19,27.28,41.52,41.28,7.47,446.5,41.2,Early_Blight
29.65,62.11,55.79,20.18,46.45,20.33,7.93,897.3,49.24,Healthy
20.25,87.83,57.05,15.17,24.11,41.67,7.57,649.3,50.81,Rust
22.22,94.67,51.78,41.0,23.26,42.45,7.09,576.6,49.09,Rust
31.49,80.43,11.38,46.76,28.31,46.29,7.4,947.8,48.13,Bacterial_Leaf_Spot
21.39,36.87,61.15,34.57,46.01,19.38,5.46,493.1,46.42,Root_Rot
30.88,68.51,45.95,21.6,31.57,44.43,6.4,812.5,50.23,Root_Rot
32.12,87.36,19.93,48.99,10.03,25.62,7.54,596.7,46.9,Bacterial_Leaf_Spot
39.86,30.45,31.39,20.52,12.13,29.15,7.69,422.5,38.96,Healthy
29.7,51.98,35.29,19.21,16.05,42.53,5.4,948.6,42.02,Healthy
24.72,71.77,29.43,20.46,13.69,50.16,6.49,965.5,42.69,Early_Blight
20.78,94.45,61.8,34.14,46.58,47.31,7.29,541.8,58.93,Early_Blight
34.56,94.5,49.6,25.19,44.11,50.19,5.37,609.2,45.03,Early_Blight
24.77,77.22,42.69,32.36,49.98,26.41,6.3,211.2,35.76,Early_Blight
24.43,88.97,25.28,20.8,11.27,24.88,5.12,235.8,26.07,Powdery_Mildew
32.04,82.98,48.98,11.76,28.83,51.01,7.8,843.5,50.9,Rust
40.11,75.95,39.05,23.96,17.39,11.53,5.45,274.2,37.26,Early_Blight
22.56,74.4,53.02,29.04,45.81,45.49,5.72,236.3,45.8,Root_Rot
41.68,75.91,54.38,43.4,12.52,21.15,8.1,865.7,58.89,Bacterial_Leaf_Spot
39.2,79.03,43.22,43.95,45.57,39.05,5.8,573.4,40.99,Healthy
37.46,82.89,64.15,32.27,40.79,17.6,7.72,767.0,49.44,Early_Blight
26.75,74.47,53.87,16.56,28.52,34.28,5.33,224.2,38.28,Root_Rot
22.41,81.64,38.75,48.47,27.17,44.07,8.03,320.1,51.4,Powdery_Mildew
32.73,85.68,63.21,45.71,34.6,42.52,7.69,652.3,52.37,Bacterial_Leaf_Spot
41.13,53.2,60.32,20.87,33.35,38.27,5.69,458.3,36.74,Root_Rot
20.48,88.16,29.89,12.38,28.18,13.44,6.06,256.7,33.72,Powdery_Mildew
33.54,66.43,52.83,31.2,22.52,34.67,6.73,604.8,47.53,Early_Blight
24.83,75.21,34.7,29.29,16.31,19.26,6.69,220.4,35.74,Early_Blight
20.17,59.4,59.22,11.63,27.18,42.2,5.71,579.4,38.01,Root_Rot
34.84,86.3,63.59,33.44,45.94,40.76,7.58,379.0,49.95,Early_Blight
33.94,59.35,50.21,21.52,12.86,28.61,7.64,353.9,40.78,Healthy
27.03,81.56,48.0,30.35,26.23,49.22,7.83,323.9,49.79,Early_Blight
29.17,77.92,52.33,23.63,41.81,36.4,7.62,330.1,49.65,Early_Blight
21.46,86.5,56.49,31.72,24.5,9.87,7.37,658.7,35.79,Rust
28.04,92.92,32.28,48.25,14.39,26.33,7.91,637.0,42.75,Bacterial_Leaf_Spot
32.98,81.24,40.27,40.91,26.2,21.9,5.87,581.7,43.78,Healthy
34.39,37.54,22.45,15.53,35.25,17.23,6.21,941.2,31.9,Healthy
31.23,85.3,18.51,16.77,36.15,29.29,7.81,589.4,35.8,Early_Blight
25.67,80.86,39.46,30.82,49.93,45.99,6.07,331.4,41.54,Powdery_Mildew
27.8,58.24,33.47,33.34,33.22,23.55,7.4,905.4,49.37,Healthy
33.63,75.41,57.78,46.13,26.41,21.21,5.4,714.2,41.97,Root_Rot
21.59,89.87,27.62,11.63,34.67,35.64,6.36,308.3,31.11,Powdery_Mildew
22.02,81.53,36.56,26.99,34.51,31.06,7.62,261.9,42.06,Powdery_Mildew
30.5,51.18,16.1,34.24,16.05,35.16,7.83,964.6,38.51,Healthy
30.32,68.04,61.54,31.93,37.16,16.35,6.41,953.8,44.64,Early_Blight
31.33,82.73,41.44,21.6,29.58,24.89,4.87,708.0,34.47,Early_Blight
15.58,60.57,61.37,40.77,10.18,46.6,5.57,239.7,43.8,Root_Rot
32.65,49.48,39.16,28.86,26.0,22.16,6.74,905.0,40.25,Healthy
24.12,31.54,22.3,41.51,10.95,32.86,5.37,891.8,37.09,Healthy
31.55,75.2,63.47,16.78,21.63,49.12,6.01,983.8,55.77,Early_Blight
27.34,53.14,36.95,12.33,14.63,45.98,5.74,437.0,35.75,Healthy
29.27,70.7,8.8,33.02,31.15,22.57,8.29,778.7,40.02,Early_Blight
33.13,87.64,36.13,29.14,26.07,27.26,6.95,507.9,40.62,Early_Blight
17.15,87.24,61.91,25.06,35.87,38.39,6.21,590.1,50.36,Rust
20.32,85.96,62.66,22.42,21.68,37.0,6.3,736.5,42.66,Rust
40.67,77.3,18.22,16.05,46.23,32.41,4.94,537.4,38.68,Early_Blight
35.22,87.38,41.87,47.48,29.77,36.13,7.23,902.8,50.57,Bacterial_Leaf_Spot
20.87,89.89,51.2,22.28,23.51,21.34,8.01,548.5,54.36,Rust
22.09,90.99,44.32,47.1,21.0,12.6,7.46,307.5,43.1,Powdery_Mildew
23.75,89.56,26.43,19.95,10.91,23.71,5.03,218.6,21.17,Powdery_Mildew
23.65,91.5,27.83,44.29,33.86,28.79,7.51,276.3,42.55,Powdery_Mildew
23.8,95.3,47.57,12.6,26.09,30.33,6.89,402.8,44.36,Healthy
18.77,30.53,59.56,24.12,36.7,45.3,5.05,599.7,38.92,Root_Rot
32.32,81.77,23.44,47.14,46.48,36.47,7.6,666.8,48.34,Bacterial_Leaf_Spot
20.59,93.82,55.79,11.86,43.88,32.97,7.97,946.4,58.0,Rust
32.22,38.22,62.14,37.66,43.88,29.71,5.14,689.0,41.76,Root_Rot
31.3,48.19,60.7,21.88,43.63,22.45,5.82,808.6,47.77,Healthy
39.23,26.7,57.16,19.7,30.01,36.16,5.4,340.0,38.79,Root_Rot
21.17,89.63,24.61,41.79,15.56,21.3,5.72,248.8,32.6,Powdery_Mildew
27.9,82.53,27.64,24.57,32.97,39.16,6.06,330.4,38.12,Early_Blight
20.94,89.69,27.31,41.48,27.42,32.95,6.22,346.9,41.19,Powdery_Mildew
38.59,24.05,49.42,10.07,43.35,49.49,7.38,615.1,48.56,Healthy
36.38,69.46,25.21,15.65,44.22,16.59,7.9,489.5,42.03,Early_Blight
25.31,86.58,60.97,39.85,17.4,11.0,5.7,552.6,46.11,Root_Rot
33.72,85.06,28.32,49.43,43.81,12.31,7.56,486.6,48.02,Bacterial_Leaf_Spot
28.93,87.33,12.82,28.8,11.29,12.83,8.07,868.2,39.68,Early_Blight
28.71,78.18,53.78,31.81,49.97,45.14,4.91,494.9,38.87,Root_Rot
25.41,82.03,33.62,46.85,13.0,49.64,7.61,326.2,44.2,Powdery_Mildew
24.04,67.4,58.89,37.67,37.57,44.98,8.04,899.8,56.13,Healthy
39.04,47.77,53.9,18.19,33.69,34.68,4.94,599.2,40.75,Root_Rot
24.59,76.15,36.06,12.23,28.83,17.56,6.59,924.0,40.12,Early_Blight
25.18,75.05,63.85,45.28,43.53,33.91,5.37,964.7,52.08,Root_Rot
30.39,89.25,45.27,47.4,24.6,11.57,7.65,902.8,39.21,Bacterial_Leaf_Spot
35.57,87.12,11.39,28.96,12.5,35.97,7.59,562.5,38.51,Early_Blight
36.02,80.79,56.03,11.77,24.8,28.13,6.6,617.2,45.5,Early_Blight
32.37,75.37,15.32,27.1,40.9,37.02,6.43,659.6,36.64,Early_Blight
22.21,92.95,49.4,24.68,23.8,24.13,6.47,895.4,44.38,Rust
23.82,89.08,61.02,42.19,15.57,21.4,5.29,389.9,42.88,Root_Rot
41.47,86.45,21.99,11.87,30.27,47.73,6.79,1007.0,47.4,Rust
13.25,83.75,24.86,40.77,44.0,43.14,6.62,724.7,37.9,Healthy
37.09,67.85,58.88,46.76,22.61,27.32,4.89,501.0,37.82,Rust
36.25,65.58,32.16,28.85,35.87,34.46,4.91,373.9,43.11,Early_Blight
28.62,53.89,10.71,33.64,46.87,50.8,7.06,870.6,44.64,Early_Blight
18.72,80.57,61.38,31.49,17.77,18.53,6.54,345.7,35.93,Root_Rot
20.54,88.64,58.35,38.52,40.29,42.83,6.3,628.8,53.78,Rust
32.42,54.51,6.87,29.7,32.81,39.43,7.97,330.7,43.91,Healthy
33.86,86.14,16.39,42.75,23.73,46.3,5.89,856.5,44.27,Healthy
41.28,43.21,51.09,41.96,38.53,36.41,5.04,855.8,38.41,Root_Rot
27.99,68.47,24.02,15.32,33.52,34.27,5.98,898.7,36.08,Early_Blight
18.43,35.15,55.25,36.34,33.9,17.2,5.62,439.5,38.86,Root_Rot
35.89,85.0,13.26,29.18,33.27,29.33,6.75,1000.6,38.98,Early_Blight
19.59,42.7,61.61,41.04,36.37,40.28,4.94,291.9,40.93,Root_Rot
22.89,86.81,55.81,40.7,44.53,24.78,7.33,818.1,56.68,Rust
30.73,82.96,55.23,44.03,38.47,19.92,4.82,435.3,38.36,Root_Rot
27.12,82.02,54.42,22.85,43.27,26.54,6.22,451.2,43.15,Early_Blight
14.19,57.34,31.8,20.02,42.4,9.97,5.1,928.2,36.23,Healthy
41.88,67.7,57.41,27.18,30.09,41.24,5.12,372.4,45.06,Root_Rot
33.73,76.48,14.13,38.1,20.42,23.72,7.41,224.6,39.47,Bacterial_Leaf_Spot
33.21,33.04,59.9,30.32,44.88,43.73,5.08,275.0,40.38,Root_Rot
37.77,81.79,62.11,33.37,41.34,18.7,7.66,772.1,50.63,Early_Blight
19.24,85.69,37.69,45.0,29.9,15.49,5.7,229.3,34.98,Healthy
37.96,36.45,51.34,30.36,32.89,17.4,5.05,884.6,46.44,Root_Rot
41.58,53.81,61.08,48.47,26.39,40.61,7.52,335.4,52.98,Powdery_Mildew
12.46,57.74,53.31,43.71,35.6,48.01,6.95,556.1,51.47,Healthy
40.3,61.0,8.34,25.04,10.94,21.02,8.2,793.2,32.27,Healthy
27.12,41.92,30.46,47.44,32.74,38.37,7.82,643.1,43.76,Healthy
29.01,89.08,28.44,47.85,23.61,19.91,7.67,383.4,40.73,Bacterial_Leaf_Spot
21.36,59.93,45.3,32.87,16.76,28.48,4.79,470.4,37.2,Healthy
37.8,95.26,45.04,21.5,47.84,48.47,6.13,510.6,43.83,Early_Blight
21.35,83.63,63.5,19.75,28.56,23.19,6.25,272.0,42.36,Powdery_Mildew
37.03,64.12,56.63,47.55,28.03,31.3,6.57,737.7,48.33,Healthy
28.74,89.05,51.33,46.01,29.5,49.16,7.43,615.2,50.28,Bacterial_Leaf_Spot
28.3,64.73,55.52,40.77,20.77,45.53,6.29,391.3,42.54,Healthy
32.12,81.99,26.95,47.08,44.78,47.81,7.95,280.9,47.9,Bacterial_Leaf_Spot
21.4,84.3,22.98,46.08,29.24,34.33,6.74,234.9,29.71,Powdery_Mildew
39.3,75.83,62.9,38.52,28.47,24.36,5.75,459.6,44.44,Root_Rot
39.58,78.58,30.06,26.96,15.08,16.0,7.88,434.4,38.86,Early_Blight
22.73,89.36,59.75,25.46,25.94,14.61,6.71,288.3,45.85,Powdery_Mildew
30.3,79.15,9.85,49.09,27.12,13.45,7.02,942.8,37.88,Healthy
16.97,95.42,23.58,30.86,19.42,16.17,6.21,587.4,29.69,Healthy
14.0,46.31,58.48,39.3,22.05,35.84,5.1,782.5,44.08,Bacterial_Leaf_Spot
33.88,85.41,39.94,47.2,38.13,21.01,7.57,397.8,54.84,Bacterial_Leaf_Spot
26.98,81.74,29.82,48.15,33.66,14.58,7.79,506.7,45.7,Bacterial_Leaf_Spot
34.92,83.08,56.23,27.4,45.27,20.75,4.97,432.5,41.04,Root_Rot
15.07,41.15,25.91,17.37,41.32,49.72,7.75,275.6,42.49,Healthy
37.71,94.4,61.33,39.83,29.45,12.44,5.04,317.4,43.19,Root_Rot
33.18,55.59,54.32,16.88,27.12,46.6,5.71,972.4,43.06,Root_Rot
15.38,85.22,64.35,15.58,29.02,40.76,6.92,688.1,52.04,Rust
21.64,87.11,56.8,43.33,20.61,29.27,8.04,866.4,59.21,Rust
20.0,89.89,57.32,31.9,47.63,18.49,6.75,905.4,48.66,Rust
18.19,88.2,58.9,15.61,18.44,21.97,7.38,585.6,45.69,Rust
26.36,94.31,60.14,24.2,23.07,26.01,8.14,784.3,53.59,Early_Blight
19.86,94.99,52.55,22.27,45.44,14.22,7.93,648.4,49.25,Rust
18.65,80.34,60.08,24.3,50.44,17.19,7.79,524.8,48.69,Rust
14.29,72.21,35.07,31.39,34.54,33.26,5.65,885.1,37.61,Healthy
15.76,39.49,25.11,43.97,22.98,16.59,6.7,205.9,33.45,Healthy
17.28,71.57,59.76,31.98,50.93,48.75,4.86,996.1,55.66,Root_Rot
36.0,91.25,64.09,30.37,40.23,47.96,5.06,705.2,49.43,Root_Rot
34.93,51.61,59.45,47.66,49.58,45.18,4.83,744.2,47.6,Root_Rot
27.42,40.58,23.31,44.95,24.03,28.98,5.31,615.0,34.12,Healthy
28.79,90.75,30.19,47.69,32.58,16.01,7.7,299.9,38.64,Bacterial_Leaf_Spot
38.21,70.06,38.06,22.0,10.04,31.43,7.43,347.9,39.56,Early_Blight
24.49,90.36,48.06,24.55,33.69,33.27,6.39,335.0,45.75,Powdery_Mildew
34.39,74.79,24.73,11.3,17.98,24.52,6.23,932.5,36.33,Early_Blight
20.67,90.83,22.51,43.01,24.58,44.16,6.26,272.3,39.03,Powdery_Mildew
19.5,92.0,52.55,18.59,15.02,15.19,7.24,598.3,45.05,Rust
30.42,80.62,32.91,31.39,23.39,43.47,7.13,325.3,37.1,Early_Blight
38.95,77.13,64.58,15.1,25.44,28.68,6.36,699.5,43.38,Bacterial_Leaf_Spot
17.85,88.16,53.77,46.46,14.02,13.39,7.84,853.5,45.35,Rust
19.57,73.06,59.61,17.72,23.87,42.26,5.78,877.1,43.7,Root_Rot
27.72,69.65,48.72,14.4,35.34,25.64,6.61,242.9,38.86,Early_Blight
18.42,49.29,51.61,49.39,31.41,29.37,5.21,552.6,34.6,Root_Rot
19.31,89.12,62.1,45.61,23.75,38.1,5.76,624.7,46.75,Root_Rot
31.96,56.69,44.93,18.38,14.51,39.65,6.71,694.4,46.44,Healthy
21.16,87.5,39.92,25.53,23.86,44.8,6.88,248.8,39.62,Powdery_Mildew
18.96,87.64,51.56,37.67,24.87,47.99,7.52,697.6,48.74,Rust
18.75,90.31,52.55,20.49,19.36,11.85,7.03,573.4,45.77,Rust
23.63,82.4,41.32,47.14,34.41,48.83,6.01,310.3,42.18,Powdery_Mildew
25.7,87.45,35.54,47.14,29.44,29.17,7.69,320.7,42.33,Powdery_Mildew
26.12,25.71,54.25,13.16,33.55,20.68,6.88,659.9,37.45,Healthy
41.21,72.09,9.86,32.35,26.75,50.74,6.15,316.2,31.4,Early_Blight
30.76,73.09,39.41,41.16,15.7,28.59,5.72,866.2,37.93,Healthy
33.74,80.2,42.48,31.77,21.43,43.19,7.17,493.3,43.88,Early_Blight
38.13,82.02,19.84,11.97,46.6,41.88,7.09,684.4,48.61,Early_Blight
35.98,87.94,10.91,17.53,26.3,32.86,8.12,795.6,45.65,Early_Blight
37.01,28.76,31.12,28.99,45.86,39.98,4.89,294.9,34.49,Healthy
40.12,53.29,16.04,32.1,15.91,13.83,6.85,889.5,38.8,Healthy
29.56,83.92,11.26,29.46,34.04,34.34,7.9,893.3,42.32,Early_Blight
25.52,94.67,46.71,35.82,38.66,32.11,4.94,268.2,31.31,Powdery_Mildew
17.99,31.86,57.68,33.39,42.11,46.36,4.98,353.7,45.49,Root_Rot
23.3,85.74,54.96,31.08,31.62,13.38,6.29,389.9,42.81,Rust
25.09,75.64,60.64,13.83,32.89,40.47,4.87,874.3,42.19,Root_Rot
41.21,50.4,47.36,16.64,48.11,10.9,5.23,721.8,41.26,Healthy
20.82,91.43,31.09,43.7,33.06,45.23,6.43,202.4,41.15,Powdery_Mildew
24.42,82.22,39.21,47.66,49.47,18.51,7.98,324.7,55.32,Powdery_Mildew
40.86,42.62,23.98,11.78,15.0,18.75,5.41,976.0,34.71,Healthy
24.69,87.56,63.16,33.92,26.07,38.59,7.43,693.4,51.92,Early_Blight
25.96,39.56,50.5,34.33,36.25,36.15,5.54,787.1,51.17,Root_Rot
21.32,88.05,58.75,21.02,23.22,19.58,6.83,241.4,47.41,Powdery_Mildew
35.83,90.31,41.17,21.4,29.05,35.28,5.59,521.7,41.62,Early_Blight
16.38,79.44,29.45,33.26,27.24,47.49,5.93,289.2,42.82,Healthy
27.09,86.61,19.09,34.31,24.78,35.36,5.91,541.8,36.68,Early_Blight
37.54,86.85,61.31,39.32,27.17,24.25,5.08,380.4,44.89,Root_Rot
34.65,89.94,16.24,11.83,49.21,28.16,6.01,698.2,39.83,Early_Blight
31.04,80.09,9.18,10.31,20.24,46.94,6.34,384.2,35.77,Early_Blight
25.42,84.45,31.56,48.07,12.88,48.34,7.69,334.7,42.34,Powdery_Mildew
19.17,81.25,58.91,34.89,35.53,41.03,5.8,385.4,44.9,Rust
24.18,54.65,26.11,13.16,14.44,31.44,4.79,709.4,26.36,Healthy
37.42,76.06,46.85,33.78,16.41,30.51,4.92,672.2,42.68,Root_Rot
39.48,56.77,60.88,48.34,36.11,18.99,5.75,427.0,41.62,Root_Rot
31.9,64.53,7.12,24.82,47.79,11.88,7.31,724.2,32.58,Healthy
24.1,90.24,11.8,39.12,12.59,45.43,7.33,343.1,38.25,Powdery_Mildew
15.99,67.74,31.12,22.13,16.44,28.6,7.74,715.3,44.66,Healthy
32.9,83.73,48.28,19.78,19.53,44.54,7.72,438.1,44.46,Early_Blight
24.79,86.23,30.69,18.84,35.97,20.18,7.66,286.2,41.66,Powdery_Mildew
21.21,88.83,26.77,16.79,16.46,48.0,6.66,266.5,33.26,Powdery_Mildew
19.11,88.71,54.13,45.1,16.18,22.66,7.66,915.8,53.37,Rust
20.47,91.54,56.52,16.92,17.65,22.33,7.33,555.4,49.25,Rust
22.82,38.94,51.97,31.65,28.98,29.95,5.74,459.6,40.83,Root_Rot
19.93,93.2,54.35,49.72,45.38,30.48,8.0,906.6,56.56,Rust
36.53,92.37,51.5,28.42,21.38,31.64,6.66,725.8,39.43,Early_Blight
33.11,84.9,32.83,42.42,41.65,14.41,6.18,342.9,45.44,Healthy
41.88,82.58,31.12,22.05,18.71,23.05,5.23,278.3,30.97,Early_Blight
32.43,63.23,15.93,30.12,43.18,18.39,7.57,505.4,48.33,Healthy
24.9,90.29,17.87,33.28,44.13,27.78,5.27,746.5,34.02,Early_Blight
17.4,30.46,38.04,34.51,26.98,19.96,7.08,345.6,31.68,Healthy
28.05,87.54,25.2,45.57,39.14,29.17,8.0,658.1,44.67,Bacterial_Leaf_Spot
42.35,85.58,61.24,33.52,27.55,24.38,7.77,666.3,51.5,Early_Blight
27.87,57.5,15.1,47.14,24.98,13.29,8.13,339.5,43.11,Healthy
25.96,79.51,38.62,14.5,24.29,33.33,4.9,610.0,37.88,Early_Blight
41.89,83.48,38.47,19.93,17.91,34.81,8.09,423.6,44.4,Early_Blight
18.32,86.62,53.88,21.83,23.57,38.1,6.94,790.7,44.05,Rust
19.3,59.15,63.98,17.97,24.57,26.12,5.16,313.2,39.47,Root_Rot
41.48,74.89,37.55,32.63,31.14,13.84,4.88,396.7,29.23,Early_Blight
37.87,90.13,26.1,30.58,31.73,16.22,4.85,316.5,25.3,Early_Blight
26.75,59.67,47.53,43.11,41.72,18.73,5.42,759.2,34.62,Healthy
32.16,36.36,62.68,39.14,44.67,30.33,5.15,706.8,56.74,Root_Rot
18.06,80.97,20.77,13.66,16.12,29.85,8.04,740.1,44.25,Healthy
20.22,88.02,55.62,36.85,37.76,44.83,5.81,360.7,43.49,Rust
21.77,86.48,18.36,37.49,14.28,23.39,5.54,260.4,30.31,Powdery_Mildew
32.63,60.07,45.45,41.59,29.66,24.07,5.0,913.5,41.63,Healthy
32.86,86.4,15.0,43.81,24.67,45.57,5.8,889.1,34.03,Healthy
23.82,68.12,40.03,43.43,24.76,39.77,7.77,554.5,49.43,Healthy
40.35,69.91,45.07,13.25,48.35,18.37,8.11,815.1,49.26,Early_Blight
30.38,90.04,35.36,16.69,30.82,27.36,6.14,809.3,39.82,Early_Blight
30.72,81.47,9.92,41.48,47.99,46.56,7.58,349.6,44.37,Bacterial_Leaf_Spot
20.31,93.18,21.84,40.34,24.02,47.25,6.29,282.6,34.89,Powdery_Mildew
26.12,79.36,26.25,17.53,34.87,29.31,7.29,684.5,43.5,Early_Blight
13.61,56.6,27.65,47.43,33.62,42.37,7.89,871.6,52.18,Healthy
16.18,61.69,15.03,30.56,12.43,40.33,7.45,224.4,42.98,Healthy
27.63,74.59,45.44,34.87,34.2,37.48,5.6,781.8,43.94,Healthy
36.07,23.68,59.94,34.47,28.58,45.7,6.74,348.5,41.56,Healthy
36.37,73.95,60.67,43.91,35.45,29.4,5.5,832.6,49.7,Root_Rot
34.53,70.49,9.13,49.32,14.35,17.08,6.19,705.5,34.62,Healthy
27.3,87.71,40.28,46.74,23.88,22.84,7.45,349.9,51.19,Bacterial_Leaf_Spot
16.4,35.43,15.85,24.56,36.42,24.38,7.15,759.4,39.25,Healthy
28.09,40.09,64.52,10.81,10.54,17.17,5.25,967.3,43.2,Root_Rot
21.38,91.49,31.38,15.92,49.46,30.22,5.4,846.1,44.31,Healthy
22.04,83.76,19.85,17.9,32.05,29.53,5.87,261.1,30.64,Powdery_Mildew
35.26,68.08,22.78,33.67,11.04,17.63,5.98,811.4,30.13,Early_Blight
27.34,84.47,28.46,45.71,19.09,30.16,7.38,784.1,44.38,Bacterial_Leaf_Spot
23.25,79.53,37.23,27.31,35.84,31.91,7.77,251.8,45.04,Early_Blight
31.18,83.11,47.97,46.04,45.68,37.55,7.65,354.6,53.07,Bacterial_Leaf_Spot
21.8,88.71,63.14,23.09,27.85,17.64,6.07,258.5,41.47,Powdery_Mildew
34.75,68.35,47.66,32.88,21.79,43.0,5.55,884.8,42.33,Early_Blight
26.62,70.05,41.28,30.31,45.39,32.04,6.38,979.9,52.17,Root_Rot
17.62,87.1,38.71,13.08,34.5,27.94,5.35,786.0,38.26,Healthy
39.75,85.67,56.39,33.86,13.79,29.53,6.48,809.0,47.73,Early_Blight
16.77,92.19,33.04,27.61,43.84,16.23,5.91,403.1,32.28,Powdery_Mildew
24.59,24.74,8.21,30.2,26.59,48.1,7.5,381.4,45.17,Healthy
19.32,83.85,57.67,23.71,48.89,21.83,6.27,938.0,55.71,Rust
15.23,41.64,21.29,11.36,16.54,15.73,6.28,399.0,26.27,Healthy
27.93,83.55,19.77,48.46,11.32,37.11,7.61,755.9,50.44,Bacterial_Leaf_Spot
27.28,76.63,61.66,14.02,25.3,41.9,7.41,374.6,46.18,Early_Blight
30.9,86.3,22.68,46.18,22.44,24.72,7.41,904.4,45.97,Bacterial_Leaf_Spot
25.99,57.24,51.03,23.24,15.91,35.26,5.79,942.8,49.33,Root_Rot
29.21,90.42,28.55,47.15,21.6,19.6,7.61,394.2,48.05,Bacterial_Leaf_Spot
35.05,30.45,50.18,27.04,13.52,41.89,5.52,1000.7,43.81,Root_Rot
13.21,64.63,13.95,49.86,38.16,32.98,6.44,944.6,47.57,Healthy
28.92,89.95,26.48,48.7,23.18,20.98,7.59,350.8,48.2,Bacterial_Leaf_Spot
38.69,82.65,21.16,23.32,17.21,47.52,5.44,923.1,33.75,Early_Blight
28.56,88.65,62.46,46.3,34.81,43.44,7.85,623.5,56.67,Bacterial_Leaf_Spot
20.06,83.37,38.83,47.64,41.7,20.94,5.25,242.7,39.45,Rust
39.11,26.73,36.63,40.22,21.27,24.64,5.74,505.0,37.33,Healthy
18.63,92.69,50.56,20.1,16.35,12.09,7.37,586.9,45.24,Rust
21.14,89.11,45.29,14.5,22.65,28.49,6.32,254.8,38.53,Powdery_Mildew
29.28,81.52,47.28,47.21,46.82,27.0,7.6,211.2,49.23,Bacterial_Leaf_Spot
20.51,28.32,51.54,41.0,12.07,20.87,5.33,944.9,41.55,Root_Rot
15.21,88.74,57.93,25.07,35.45,38.55,6.08,618.6,44.96,Rust
19.48,63.05,25.55,16.76,14.42,35.93,6.63,646.2,36.11,Healthy
24.67,91.43,46.36,49.15,22.78,36.64,7.8,210.8,46.62,Powdery_Mildew
41.28,70.17,30.8,26.65,26.84,12.36,7.47,308.0,40.71,Early_Blight
24.12,89.26,21.77,40.71,48.92,20.35,6.67,251.3,40.24,Powdery_Mildew
34.39,89.11,35.18,34.49,44.93,28.64,7.42,781.7,51.23,Early_Blight
23.85,44.47,48.56,26.82,31.67,49.04,8.08,436.1,46.27,Healthy
33.55,73.1,30.7,18.85,11.16,16.61,5.18,795.2,29.77,Early_Blight
20.31,82.64,28.2,43.72,39.09,16.51,5.07,240.8,31.27,Powdery_Mildew
21.98,88.23,31.77,36.39,15.01,36.26,6.14,274.2,34.58,Powdery_Mildew
12.94,36.56,17.1,11.19,41.03,22.64,7.95,830.1,49.39,Root_Rot
21.53,91.66,54.61,46.76,37.01,40.67,7.3,857.9,55.3,Rust
19.88,68.39,24.13,11.29,50.0,29.87,6.32,283.6,37.02,Healthy
31.9,82.85,13.52,31.49,30.4,47.25,7.53,772.3,43.68,Early_Blight
17.24,64.15,63.8,17.64,44.02,11.65,4.78,482.8,37.86,Root_Rot
24.08,70.29,28.69,46.69,37.76,15.54,7.51,508.0,37.83,Healthy
27.64,88.66,25.3,45.46,38.72,27.59,8.0,669.4,47.54,Bacterial_Leaf_Spot
26.73,67.13,38.77,25.58,38.82,26.44,5.59,257.5,36.95,Early_Blight
27.99,84.74,29.32,46.2,11.51,18.39,7.53,423.0,40.18,Bacterial_Leaf_Spot
28.86,43.65,60.68,24.13,29.64,35.16,5.62,974.9,46.27,Root_Rot
34.41,82.45,20.56,38.37,43.96,15.43,7.92,664.6,41.42,Bacterial_Leaf_Spot
36.88,28.75,15.24,28.93,40.89,41.62,5.72,249.8,35.41,Healthy
36.11,70.53,57.95,13.34,44.59,20.49,5.32,204.9,36.66,Root_Rot
20.06,83.2,61.3,43.25,32.48,48.3,4.88,393.2,44.44,Root_Rot
27.06,78.31,47.45,38.23,36.62,13.7,7.81,914.8,53.67,Bacterial_Leaf_Spot
40.79,37.38,66.45,32.92,37.6,45.48,7.18,749.6,57.59,Healthy
41.11,92.17,25.02,34.4,21.32,31.86,7.69,911.8,37.69,Early_Blight
16.74,62.5,63.72,38.47,26.16,22.83,4.9,274.2,43.18,Root_Rot
35.76,52.85,61.54,46.54,15.36,49.64,6.91,376.1,55.84,Healthy
18.03,74.42,61.78,38.05,18.11,9.3,5.36,465.0,39.39,Root_Rot
22.85,88.73,61.97,16.63,44.19,49.38,7.53,855.8,57.53,Rust
23.2,93.94,35.3,49.58,11.15,34.07,5.88,241.2,39.52,Powdery_Mildew
37.79,76.13,27.32,39.59,25.21,12.45,6.26,231.1,35.59,Healthy
24.89,74.32,62.33,30.62,22.17,47.82,6.97,412.8,49.14,Early_Blight
22.25,88.09,39.37,25.39,36.87,41.06,5.18,287.5,37.64,Powdery_Mildew
17.62,30.14,63.82,30.7,48.82,34.55,6.36,736.7,53.93,Healthy
37.69,90.78,12.53,16.3,44.43,29.68,4.89,824.8,34.21,Early_Blight
24.42,84.31,42.54,13.28,25.15,32.01,5.67,584.8,40.65,Early_Blight
39.78,85.24,25.6,30.84,26.49,34.57,5.28,937.5,35.44,Early_Blight
25.95,68.36,22.08,28.62,23.01,42.75,5.37,564.0,23.85,Early_Blight
24.28,89.89,63.94,39.28,23.36,44.65,5.5,836.3,54.96,Root_Rot
22.01,80.38,59.83,16.54,40.8,23.04,4.9,265.3,45.51,Root_Rot
22.86,94.04,37.47,47.4,13.24,31.0,6.08,277.6,37.45,Powdery_Mildew
28.17,76.51,46.58,31.82,12.11,46.31,6.41,324.4,42.89,Early_Blight
24.79,84.4,23.16,44.28,45.44,18.26,5.83,229.7,37.57,Powdery_Mildew
22.27,86.99,28.21,40.27,20.62,36.86,5.94,355.8,32.74,Healthy
27.65,63.57,17.24,40.77,36.48,19.59,5.09,415.0,34.62,Healthy
35.67,85.8,42.81,47.73,26.78,34.51,7.79,210.9,49.61,Bacterial_Leaf_Spot
23.83,67.94,41.78,11.09,27.22,43.73,5.33,347.1,35.23,Early_Blight
26.96,88.38,8.74,13.97,24.48,47.12,6.0,791.7,33.74,Early_Blight
20.72,94.63,52.82,14.75,30.27,9.92,6.61,980.5,39.15,Rust
38.1,37.21,20.14,45.12,16.49,41.27,6.41,725.4,37.19,Healthy
26.37,81.91,34.51,31.16,24.03,10.96,7.38,654.0,37.26,Early_Blight
41.27,90.29,51.08,16.88,26.92,12.88,5.61,652.9,39.97,Root_Rot
21.28,39.88,57.5,13.17,10.52,20.27,7.89,528.2,46.75,Healthy
21.23,87.73,38.81,20.21,14.25,15.36,6.64,278.0,38.11,Powdery_Mildew
18.49,51.81,18.15,47.46,11.04,9.99,4.99,1018.8,35.63,Healthy
17.56,49.14,55.94,48.33,45.46,49.07,5.73,927.1,56.03,Root_Rot
22.01,56.22,51.13,34.68,41.09,27.06,5.32,422.7,39.9,Root_Rot
39.83,76.63,15.44,32.42,46.31,38.29,6.43,369.8,35.46,Early_Blight
26.08,37.49,23.55,10.68,43.6,36.82,5.89,986.9,37.47,Healthy
32.96,78.18,34.32,17.44,18.95,43.42,5.67,526.7,36.27,Early_Blight
21.81,85.12,40.11,37.14,36.27,36.2,7.54,302.4,42.7,Powdery_Mildew
20.46,91.07,19.86,31.53,47.82,21.58,7.8,264.2,46.12,Powdery_Mildew
39.21,64.4,58.51,41.1,27.05,47.1,4.83,720.4,58.16,Root_Rot
39.52,48.38,44.99,12.86,43.28,39.33,6.02,613.7,39.03,Healthy
13.69,40.84,20.45,11.9,17.6,17.19,6.24,448.6,32.87,Healthy
19.88,90.47,57.96,27.49,22.41,29.42,5.85,980.1,46.36,Rust
18.08,38.97,13.27,29.35,34.93,23.58,7.63,748.7,36.66,Healthy
34.87,85.24,7.35,12.12,16.55,18.63,6.19,200.4,32.25,Early_Blight
19.32,92.98,55.53,48.99,12.5,38.76,7.03,810.0,52.98,Rust
21.15,35.68,12.37,28.89,49.97,16.28,7.22,354.0,41.13,Healthy
13.35,84.54,50.41,20.41,13.96,26.05,7.24,383.1,44.06,Rust
39.18,93.74,40.89,10.67,9.33,26.16,5.78,292.0,32.4,Early_Blight
35.48,52.97,62.89,25.0,9.9,43.15,5.25,887.0,52.13,Root_Rot
35.06,69.1,24.53,25.56,47.17,33.74,5.68,691.5,46.68,Early_Blight
23.19,65.23,52.69,29.32,14.85,12.6,5.17,854.5,38.92,Root_Rot
38.27,75.53,38.52,15.34,20.12,26.23,6.71,480.7,43.61,Early_Blight
21.66,88.32,57.09,43.55,35.87,44.46,7.86,208.6,56.72,Rust
12.47,68.09,61.46,20.71,29.75,12.84,5.44,729.1,38.2,Root_Rot
11.81,84.09,57.83,22.01,15.19,13.22,7.94,921.6,44.97,Rust
34.3,58.86,25.73,40.44,27.14,27.37,5.8,436.2,36.04,Healthy
25.08,58.5,63.41,38.37,36.44,24.3,5.4,432.8,41.2,Root_Rot
35.58,95.94,45.99,24.58,22.25,33.65,6.02,986.7,44.53,Early_Blight
29.64,87.29,22.1,49.3,14.31,19.39,7.74,318.7,40.21,Bacterial_Leaf_Spot
24.23,71.1,28.22,46.07,38.11,14.67,7.5,531.8,44.11,Healthy
22.94,82.15,40.26,33.63,42.04,45.38,7.35,324.0,52.31,Powdery_Mildew
29.47,91.69,31.84,47.22,16.14,20.51,7.57,474.5,33.53,Bacterial_Leaf_Spot
22.75,85.09,64.03,48.68,11.07,36.51,7.73,209.7,54.96,Powdery_Mildew
30.37,29.01,18.08,30.38,24.75,44.59,7.4,649.9,36.12,Healthy
21.9,83.56,53.85,14.11,26.44,32.19,6.16,259.7,42.02,Powdery_Mildew
36.63,88.48,49.93,24.14,21.93,16.61,5.81,822.5,41.26,Early_Blight
33.72,90.06,29.57,13.86,30.17,44.64,6.0,179.6,32.51,Early_Blight
23.81,70.72,51.37,14.35,18.53,41.52,5.72,672.0,34.16,Root_Rot
25.26,89.44,52.43,47.41,25.01,44.49,7.74,220.2,50.45,Powdery_Mildew
20.42,83.53,14.39,16.97,34.56,33.56,5.57,263.6,27.13,Powdery_Mildew
25.5,84.7,59.29,16.89,31.84,14.49,7.35,330.0,43.97,Powdery_Mildew
32.22,80.62,11.51,46.26,22.89,39.53,7.59,592.6,42.74,Bacterial_Leaf_Spot
36.44,41.41,49.73,45.07,20.47,27.01,5.73,773.0,36.42,Healthy
39.32,68.04,58.61,20.48,12.62,29.46,5.11,907.6,44.92,Root_Rot
31.24,86.42,64.39,14.71,49.4,20.04,7.87,644.7,52.48,Early_Blight
20.76,78.25,57.27,45.16,16.22,35.89,7.39,886.2,51.79,Healthy
21.1,93.25,53.12,19.52,20.78,12.58,6.95,536.1,45.54,Rust
25.29,86.47,11.77,47.08,29.33,23.51,7.67,243.4,43.0,Healthy
27.99,41.28,25.85,19.62,20.67,38.14,7.05,525.7,33.13,Rust
26.64,72.44,46.94,10.21,33.51,31.5,8.04,559.9,43.42,Early_Blight
34.0,46.94,59.1,14.44,51.13,34.09,8.02,891.8,47.18,Healthy
17.03,89.21,41.05,30.22,35.4,11.43,7.98,464.6,45.56,Healthy
35.87,26.56,28.78,27.88,45.4,22.99,5.14,592.4,30.04,Healthy
33.43,69.08,17.56,12.53,49.81,37.3,6.17,843.1,36.81,Early_Blight
32.25,87.91,38.08,13.09,23.37,48.73,7.05,425.6,38.69,Early_Blight
41.19,24.98,64.85,34.22,42.32,38.46,6.51,422.2,45.79,Healthy
23.43,81.39,45.22,47.56,48.07,15.19,8.04,299.1,44.94,Powdery_Mildew
35.56,31.25,39.37,29.45,44.67,11.64,5.27,742.8,32.07,Healthy
16.55,66.86,57.65,49.1,35.13,44.37,5.9,855.7,49.45,Healthy
22.9,86.85,34.07,48.04,37.32,30.47,7.84,269.3,42.38,Powdery_Mildew
22.2,83.96,46.94,39.77,37.11,37.18,7.5,296.4,47.19,Rust
14.25,86.78,53.44,15.85,34.2,28.84,7.66,309.4,50.27,Rust
39.6,72.19,51.65,32.09,17.62,36.08,8.09,423.2,42.79,Early_Blight
21.55,55.92,24.77,15.13,39.85,38.32,8.02,954.5,47.31,Healthy
34.02,55.83,32.98,31.5,29.19,31.18,5.13,677.1,36.15,Healthy
19.75,92.63,58.56,17.72,22.21,18.55,7.01,560.8,42.7,Rust
35.31,86.15,37.71,30.32,15.81,23.36,6.03,803.6,40.51,Early_Blight
38.99,74.3,32.91,27.01,25.82,31.05,7.68,403.9,44.68,Early_Blight
33.54,90.7,50.82,39.64,23.88,45.28,5.79,813.2,45.32,Root_Rot
31.21,61.76,15.28,44.58,18.94,22.1,7.92,527.3,41.7,Healthy
36.78,75.48,48.27,27.35,37.89,41.7,7.69,926.5,51.6,Early_Blight
40.58,54.42,59.96,48.54,25.47,41.08,7.48,301.9,46.17,Healthy
22.44,88.4,31.76,26.29,36.35,24.01,6.77,277.7,36.25,Powdery_Mildew
23.16,92.54,57.22,32.55,11.35,46.4,6.31,748.9,49.94,Rust
39.21,90.67,26.7,24.5,32.23,38.12,6.25,625.1,47.68,Early_Blight
19.93,83.03,24.47,25.67,10.38,24.59,7.45,938.7,36.59,Healthy
20.67,83.26,60.05,31.89,19.02,15.67,6.95,422.1,46.01,Rust
40.64,58.19,46.49,25.79,22.63,37.06,7.85,769.4,51.17,Healthy
32.56,85.82,59.93,45.03,18.97,16.98,7.77,639.4,52.1,Bacterial_Leaf_Spot
38.35,91.77,48.52,13.36,23.93,12.59,5.21,264.7,33.38,Early_Blight
26.82,81.84,32.72,41.33,16.21,40.72,7.65,341.0,45.33,Bacterial_Leaf_Spot
32.73,46.92,61.04,20.22,36.92,12.78,6.25,227.5,44.48,Healthy
30.76,65.72,57.96,12.62,20.05,20.78,5.1,850.0,41.5,Root_Rot
33.14,36.57,37.82,38.81,16.21,18.07,5.01,485.4,28.61,Healthy
21.35,29.09,52.49,42.08,12.35,21.3,5.28,907.7,39.8,Root_Rot
32.97,40.68,62.99,20.31,26.45,32.84,5.35,461.4,47.2,Root_Rot
27.39,65.26,29.99,33.21,29.4,41.85,6.72,263.2,40.53,Early_Blight
21.64,76.63,31.32,25.51,15.2,15.65,5.38,185.1,31.94,Healthy
33.02,71.34,45.83,11.11,26.24,32.49,5.37,955.8,41.51,Early_Blight
29.36,35.54,57.34,25.31,43.17,28.17,5.34,392.5,37.16,Root_Rot
22.46,94.73,20.3,15.52,13.58,47.58,7.2,335.1,38.39,Powdery_Mildew
24.52,88.04,31.08,29.01,37.12,21.54,8.05,326.2,51.03,Powdery_Mildew
26.76,90.29,33.38,44.13,21.64,13.66,6.73,886.6,45.27,Healthy
23.0,87.62,33.69,25.49,35.08,24.72,6.87,311.7,47.46,Powdery_Mildew
34.76,88.24,62.98,23.33,18.19,22.63,7.64,865.0,45.79,Powdery_Mildew
18.18,90.61,11.16,45.94,25.23,32.71,8.28,464.2,42.5,Healthy
29.45,94.04,54.67,41.88,14.88,43.54,5.12,478.7,43.58,Root_Rot
31.45,54.41,60.77,43.92,33.63,34.8,5.76,936.7,48.18,Root_Rot
21.11,89.16,36.95,26.41,18.7,16.1,6.78,317.2,40.25,Powdery_Mildew
29.75,92.84,27.32,25.34,47.37,21.17,7.88,832.3,41.69,Early_Blight
20.39,83.13,63.32,42.31,36.05,38.97,5.84,204.9,46.92,Powdery_Mildew
27.23,85.06,17.1,46.31,27.13,35.09,7.4,409.4,43.27,Bacterial_Leaf_Spot
22.52,84.98,37.64,46.95,34.37,46.61,5.91,325.7,47.43,Powdery_Mildew
25.15,87.72,14.2,42.06,36.25,33.58,7.7,755.7,44.31,Bacterial_Leaf_Spot
20.72,44.63,49.25,31.97,39.66,17.6,6.49,690.6,48.35,Healthy
16.27,88.64,54.82,46.34,34.43,23.13,5.1,751.5,43.58,Root_Rot
15.38,28.23,36.54,30.76,15.29,48.57,7.86,586.9,46.86,Healthy
37.98,81.45,29.19,20.9,23.77,22.17,6.73,887.3,35.8,Early_Blight
35.94,51.19,33.89,23.71,14.01,15.7,8.03,709.0,38.26,Healthy
22.23,89.39,52.97,21.09,25.17,46.43,7.33,719.8,55.02,Rust
22.3,94.24,62.78,31.27,46.37,46.6,7.31,541.3,56.14,Rust
30.95,90.75,57.38,12.76,19.52,46.27,6.44,665.2,48.29,Early_Blight
21.72,33.87,47.56,29.51,17.93,43.64,6.62,765.5,38.56,Healthy
25.34,89.36,12.95,21.75,13.49,25.39,5.41,307.3,34.95,Powdery_Mildew
26.87,44.15,34.37,15.39,29.89,22.46,4.9,560.8,36.15,Healthy
33.68,30.72,60.89,24.64,47.41,42.2,5.34,814.8,45.76,Root_Rot
31.64,89.73,45.35,11.18,42.22,46.73,7.84,776.3,45.63,Early_Blight
37.62,92.76,13.71,16.71,45.58,49.09,7.68,914.7,41.13,Early_Blight
15.78,47.26,44.31,33.49,25.0,36.8,5.34,791.2,39.35,Healthy
38.23,91.3,33.07,38.49,38.81,24.08,7.74,865.7,48.99,Bacterial_Leaf_Spot
37.18,29.39,53.92,20.59,36.35,31.47,5.82,697.5,38.88,Healthy
38.79,57.26,60.02,40.83,16.39,42.63,6.65,430.0,43.29,Healthy
40.27,88.46,34.65,18.58,47.31,16.59,7.4,368.6,35.59,Early_Blight
35.03,52.47,56.21,10.71,31.61,20.74,5.33,678.0,37.92,Root_Rot
29.88,83.2,63.2,33.29,42.16,48.29,5.25,714.6,48.29,Root_Rot
25.48,83.05,31.57,24.26,34.11,22.36,8.01,264.8,36.87,Powdery_Mildew
22.34,90.22,56.15,45.83,37.62,38.97,7.43,848.4,59.48,Rust
22.85,93.04,64.06,21.93,27.38,17.5,6.07,274.4,42.49,Powdery_Mildew
19.2,93.88,48.09,16.57,10.88,46.35,5.77,271.9,38.57,Rust
32.61,63.3,47.78,17.18,20.53,45.63,4.93,749.2,40.26,Healthy
21.28,89.72,55.74,17.56,23.06,44.01,6.49,693.6,46.65,Rust
20.66,89.56,26.41,17.06,15.39,47.57,6.71,274.5,38.96,Powdery_Mildew
36.18,29.52,14.38,18.03,9.58,40.91,7.22,897.7,34.95,Healthy
35.55,82.97,53.1,28.05,45.66,35.27,5.06,225.6,39.84,Root_Rot
33.38,89.34,40.92,15.57,19.65,20.25,5.85,981.9,42.99,Early_Blight
26.33,77.28,20.08,30.49,44.91,23.62,8.07,481.2,46.11,Early_Blight
22.99,84.46,49.23,14.1,19.74,25.11,5.54,294.5,31.72,Powdery_Mildew
32.63,83.28,8.13,11.78,50.26,48.12,8.2,859.4,43.29,Early_Blight
22.79,90.84,39.19,29.02,22.85,47.39,6.36,274.7,39.81,Powdery_Mildew
37.5,35.35,37.12,43.75,23.4,22.6,5.71,465.0,35.46,Healthy
13.7,29.16,62.08,47.22,34.07,20.04,5.02,520.9,36.51,Root_Rot
30.52,83.05,46.09,32.5,36.27,9.77,5.14,851.3,37.32,Early_Blight
18.54,81.8,18.8,19.47,17.7,46.1,5.34,866.7,36.16,Healthy
22.56,88.64,56.1,26.55,12.6,15.59,6.73,920.0,46.48,Rust
24.85,81.92,34.41,49.17,37.64,42.05,7.76,336.1,49.7,Powdery_Mildew
19.84,87.09,55.83,42.83,39.14,20.73,7.56,498.9,47.88,Rust
18.88,50.02,42.29,26.62,35.45,42.33,7.5,572.9,52.85,Healthy
21.64,85.22,39.18,40.51,12.33,35.12,6.65,237.8,35.3,Powdery_Mildew
22.5,26.01,55.69,18.23,32.52,37.8,5.21,322.4,41.07,Root_Rot
15.63,93.68,52.98,42.09,33.47,31.5,6.64,822.8,55.01,Rust
29.52,68.59,22.99,12.92,30.76,17.45,6.52,881.9,34.69,Early_Blight
15.28,55.96,35.4,29.63,17.54,43.81,5.7,525.2,26.54,Healthy
28.45,91.47,51.82,48.79,22.04,43.77,7.9,989.1,51.68,Bacterial_Leaf_Spot
17.01,60.05,31.04,30.12,42.28,45.9,5.27,682.2,36.32,Healthy
12.63,92.04,60.95,40.54,9.67,47.63,8.01,373.9,49.75,Rust
29.15,84.84,7.22,47.63,42.12,19.36,7.45,361.3,38.84,Bacterial_Leaf_Spot
23.57,80.37,9.75,34.58,47.29,44.31,6.51,242.2,37.17,Powdery_Mildew
14.09,26.41,59.18,25.55,25.68,21.6,4.9,339.3,39.65,Root_Rot
21.58,66.96,50.15,9.6,38.57,25.4,7.66,842.6,47.61,Healthy
28.7,53.96,54.06,29.82,18.87,48.96,4.94,442.6,43.1,Root_Rot
20.22,89.18,56.28,47.76,13.08,37.35,7.22,851.1,55.57,Rust
19.94,87.63,54.96,42.14,41.09,33.88,7.21,788.1,50.89,Rust
19.48,36.29,34.39,36.31,43.63,43.69,6.51,447.1,37.22,Healthy
22.65,87.79,57.91,18.4,44.68,48.93,7.39,874.7,51.29,Rust
23.64,82.88,45.52,20.2,27.53,32.83,7.94,690.9,48.85,Healthy
27.48,75.84,61.63,14.2,20.77,19.25,7.14,605.2,43.97,Early_Blight
28.12,87.84,61.61,46.02,12.69,47.87,7.79,763.3,53.15,Healthy
23.49,89.6,55.92,14.3,19.92,46.99,5.56,964.0,45.22,Root_Rot
33.58,82.49,8.86,44.85,27.36,21.83,7.56,457.6,47.67,Bacterial_Leaf_Spot
41.17,90.76,29.75,16.13,39.62,39.67,6.9,767.3,47.56,Early_Blight
28.62,92.13,53.25,26.72,48.58,17.81,7.64,364.3,52.26,Early_Blight
18.68,89.41,56.63,37.43,21.49,29.92,7.55,653.6,54.36,Rust
24.93,65.2,22.31,18.69,44.06,41.1,5.99,367.9,36.31,Early_Blight
22.47,84.75,9.67,21.48,34.41,45.22,5.61,287.4,31.9,Powdery_Mildew
32.51,90.86,9.4,11.75,47.48,48.5,6.96,244.6,42.53,Early_Blight
21.09,80.37,22.49,46.77,29.72,38.07,6.47,209.9,41.27,Powdery_Mildew
34.85,77.16,9.02,16.27,43.99,15.66,7.22,465.1,34.71,Early_Blight
22.28,85.28,26.87,39.36,19.87,35.86,5.9,348.1,34.64,Powdery_Mildew
38.87,33.83,56.79,29.52,42.58,30.27,6.34,756.5,43.58,Healthy
20.09,92.32,57.13,11.75,28.92,45.23,7.59,723.7,50.53,Rust
23.18,85.16,14.29,19.0,34.47,42.33,5.92,290.4,43.9,Powdery_Mildew
39.82,30.71,51.55,19.12,43.44,29.11,5.79,684.3,39.62,Root_Rot
25.15,80.01,23.21,12.22,38.81,46.1,7.32,713.3,47.7,Early_Blight
32.73,27.95,23.46,13.39,29.67,25.66,7.37,459.5,32.58,Healthy
23.44,27.67,61.95,41.23,36.3,50.12,5.0,448.6,42.19,Root_Rot
30.9,86.24,36.23,22.8,36.65,19.32,5.0,683.1,32.56,Early_Blight
27.37,84.47,60.25,48.12,11.5,17.75,7.8,387.9,51.33,Bacterial_Leaf_Spot
21.52,64.99,60.78,13.72,13.94,21.89,7.06,904.8,42.67,Healthy
22.29,78.66,55.52,19.15,13.05,10.63,7.28,434.4,43.11,Healthy
29.45,35.23,58.59,30.83,47.64,14.85,5.45,563.0,42.83,Root_Rot
18.91,93.88,57.97,14.4,40.09,43.46,6.33,562.9,42.73,Rust
21.4,89.67,39.85,26.66,23.02,45.46,6.69,259.1,48.37,Powdery_Mildew
36.9,51.76,55.89,18.84,30.02,41.06,5.4,890.4,45.37,Root_Rot
31.42,85.14,56.96,46.3,43.29,17.62,4.88,498.2,42.71,Root_Rot
39.86,33.2,33.24,12.27,15.22,13.32,5.35,228.3,27.12,Healthy
34.03,82.15,14.23,39.09,20.92,24.23,7.55,257.0,43.4,Bacterial_Leaf_Spot
22.91,86.5,58.76,15.92,42.2,31.73,6.75,661.2,47.05,Rust
29.86,85.28,8.91,45.25,27.82,30.71,7.58,1016.9,39.17,Bacterial_Leaf_Spot
25.24,84.59,13.44,47.45,34.1,18.71,7.43,247.9,41.11,Powdery_Mildew
28.94,83.8,18.26,50.7,34.07,47.05,7.24,326.9,42.26,Bacterial_Leaf_Spot
19.47,41.46,48.79,17.45,23.46,45.52,6.5,691.2,39.37,Healthy
32.38,83.22,25.75,46.78,35.96,42.9,7.3,749.3,47.51,Bacterial_Leaf_Spot
31.34,63.21,43.36,45.02,22.8,33.09,5.69,796.9,41.05,Healthy
24.44,93.96,52.82,47.2,16.85,39.13,5.05,960.3,46.58,Root_Rot
36.01,80.88,41.03,43.46,24.57,31.65,6.4,726.0,53.02,Healthy
25.7,81.98,34.4,45.4,20.79,38.62,7.46,275.5,36.88,Powdery_Mildew
19.39,89.65,50.92,46.12,12.52,29.81,5.87,841.5,48.99,Rust
25.84,89.4,22.43,49.82,14.58,23.75,7.84,480.9,42.69,Bacterial_Leaf_Spot
30.62,92.58,13.64,23.13,32.22,37.77,8.03,890.3,46.17,Early_Blight
30.44,77.95,12.19,49.36,27.47,11.9,7.07,952.3,41.95,Healthy
33.85,82.66,50.48,13.1,46.33,13.7,8.09,495.7,44.43,Early_Blight
20.33,93.83,57.45,49.83,47.01,33.51,7.85,911.1,61.8,Rust
28.59,84.37,64.83,29.98,32.29,47.95,6.35,899.1,55.08,Early_Blight
17.98,81.56,39.72,22.47,46.89,32.89,6.47,852.9,50.43,Healthy
37.98,81.88,20.61,15.68,22.95,13.12,5.72,755.1,37.43,Early_Blight
25.63,86.96,34.37,45.02,40.43,18.98,7.63,392.3,48.18,Bacterial_Leaf_Spot
24.79,27.51,47.2,32.06,19.28,29.3,6.29,262.5,46.08,Healthy
18.74,88.22,64.7,33.79,13.84,33.24,6.12,965.6,51.78,Rust
29.62,72.39,52.26,42.2,17.62,39.31,5.48,388.1,39.42,Root_Rot
22.29,84.36,52.06,45.5,34.81,46.45,6.27,299.5,47.5,Bacterial_Leaf_Spot
19.51,91.23,55.71,13.14,37.14,38.33,6.18,488.0,44.71,Rust
35.8,77.96,37.17,21.46,22.15,16.83,7.99,785.8,41.5,Early_Blight
16.44,89.15,52.3,23.72,34.91,20.6,6.85,837.9,46.78,Early_Blight
38.74,57.61,62.45,44.55,27.39,38.61,4.98,952.5,47.77,Root_Rot
41.35,84.03,50.27,31.23,21.86,15.77,7.94,346.3,41.89,Early_Blight
36.66,85.22,51.37,20.55,33.79,38.32,6.64,499.2,44.03,Early_Blight
18.23,76.79,24.58,28.01,15.13,30.65,6.94,904.7,44.57,Healthy
22.97,79.12,41.68,14.81,43.43,29.26,7.93,331.4,52.73,Healthy
29.16,81.27,56.67,37.27,16.52,45.16,7.31,506.5,48.4,Bacterial_Leaf_Spot
37.01,32.86,41.37,30.38,12.38,12.76,6.6,915.8,36.56,Healthy
34.83,82.42,59.77,26.38,13.01,44.74,5.07,408.6,44.65,Root_Rot
27.01,81.46,13.55,14.55,13.26,33.21,7.41,862.7,44.5,Early_Blight
25.68,88.44,65.04,15.75,36.36,10.2,6.02,547.6,41.03,Early_Blight
28.13,61.05,21.21,34.1,49.46,29.72,5.48,219.7,30.69,Healthy
34.81,79.2,47.51,34.65,36.46,37.46,5.05,345.6,42.53,Early_Blight
18.7,93.58,26.75,23.74,42.51,39.11,7.4,273.2,41.22,Healthy
29.48,82.38,51.19,46.51,46.0,34.51,7.68,354.6,50.26,Bacterial_Leaf_Spot
40.69,75.91,13.51,18.13,43.28,46.86,6.35,934.9,48.66,Early_Blight
21.54,89.31,42.0,43.82,14.24,28.61,6.74,257.6,43.26,Powdery_Mildew
28.86,84.85,44.42,12.85,13.0,17.02,7.75,306.3,40.56,Early_Blight
27.88,49.44,50.37,28.83,22.56,33.05,4.83,798.8,43.08,Root_Rot
17.04,61.07,58.51,45.34,31.77,47.03,7.26,792.2,60.08,Healthy
22.32,84.82,45.77,28.53,37.93,37.54,6.0,315.0,49.2,Powdery_Mildew
31.91,82.52,58.62,36.71,33.07,34.79,5.31,506.9,44.09,Root_Rot
39.87,50.27,52.76,25.15,22.61,29.48,4.91,631.5,28.83,Root_Rot
25.54,89.83,24.64,18.1,45.93,37.09,7.52,628.2,42.32,Early_Blight
15.99,86.2,48.52,19.26,12.51,47.92,4.97,230.1,35.53,Rust
30.81,91.92,16.15,46.59,24.28,42.95,5.42,777.7,39.15,Healthy
27.87,33.32,46.69,46.04,30.95,38.39,7.95,242.1,50.77,Healthy
31.19,82.55,56.48,47.3,45.41,33.04,7.55,399.2,46.77,Bacterial_Leaf_Spot
23.16,81.1,34.0,49.43,47.75,31.56,7.5,304.4,41.87,Powdery_Mildew
12.98,33.28,65.14,39.36,43.5,30.47,5.66,670.5,50.54,Root_Rot
26.65,73.59,31.59,40.96,30.91,46.09,7.89,782.8,50.08,Healthy
24.84,84.91,13.01,48.68,34.01,20.3,7.56,232.6,45.39,Powdery_Mildew
22.86,90.15,38.3,28.46,22.72,46.79,6.22,264.6,37.08,Powdery_Mildew
30.0,83.09,54.74,45.89,40.36,19.78,4.86,401.9,40.68,Root_Rot
30.91,50.8,56.89,28.42,32.36,11.81,5.41,734.3,39.64,Root_Rot
13.5,71.41,37.42,29.7,20.7,31.03,6.72,766.1,41.0,Healthy
23.48,89.35,50.79,45.91,15.55,47.35,7.56,822.1,55.81,Rust
